Age,BusinessTravel,DailyRate,Department,DistanceFromHome,Education,EducationField,EnvironmentSatisfaction,Gender,HourlyRate,JobInvolvement,JobLevel,JobRole,JobSatisfaction,MaritalStatus,MonthlyIncome,MonthlyRate,NumCompaniesWorked,OverTime,PercentSalaryHike,PerformanceRating,RelationshipSatisfaction,StockOptionLevel,TotalWorkingYears,TrainingTimesLastYear,WorkLifeBalance,YearsAtCompany,YearsInCurrentRole,YearsSinceLastPromotion,YearsWithCurrManager,income_per_job_level,company_tenure_ratio,role_tenure_ratio,manager_tenure_ratio,promotion_stagnation_ratio,Attrition
36.0,Non-Travel,1105.0,Research & Development,24.0,4.0,Life Sciences,2.0,Female,47.0,3.0,2.0,Laboratory Technician,2.0,Married,5674.0,6927.0,7.0,No,15.0,3.0,3.0,1.0,11.0,3.0,3.0,9.0,8.0,0.0,8.0,2837.0,0.8181818181818182,0.8888888888888888,0.8888888888888888,0.0,0
37.0,Non-Travel,142.0,Sales,9.0,4.0,Medical,1.0,Male,69.0,3.0,3.0,Sales Executive,2.0,Divorced,8834.0,24666.0,1.0,No,13.0,3.0,4.0,1.0,9.0,6.0,3.0,9.0,5.0,7.0,7.0,2944.6666666666665,1.0,0.5555555555555556,0.7777777777777778,0.7777777777777778,0
32.0,Travel_Rarely,1089.0,Research & Development,7.0,2.0,Life Sciences,4.0,Male,79.0,3.0,2.0,Laboratory Technician,3.0,Married,4883.0,22845.0,1.0,No,18.0,3.0,1.0,1.0,10.0,3.0,3.0,10.0,4.0,1.0,1.0,2441.5,1.0,0.4,0.1,0.1,1
30.0,Travel_Rarely,241.0,Research & Development,7.0,3.0,Medical,2.0,Male,48.0,2.0,1.0,Research Scientist,2.0,Married,2141.0,5348.0,1.0,No,12.0,3.0,2.0,1.0,6.0,3.0,2.0,6.0,4.0,1.0,1.0,2141.0,1.0,0.6666666666666666,0.16666666666666666,0.16666666666666666,0
41.0,Non-Travel,256.0,Sales,10.0,2.0,Medical,3.0,Male,40.0,1.0,2.0,Sales Executive,2.0,Single,6151.0,22074.0,1.0,No,13.0,3.0,1.0,0.0,19.0,4.0,3.0,19.0,2.0,11.0,9.0,3075.5,1.0,0.10526315789473684,0.47368421052631576,0.5789473684210527,0
44.0,Travel_Rarely,136.0,Research & Development,28.0,3.0,Life Sciences,4.0,Male,32.0,3.0,4.0,Research Director,1.0,Married,16328.0,22074.0,3.0,No,13.0,3.0,3.0,1.0,24.0,1.0,4.0,20.0,6.0,14.0,17.0,4082.0,0.8333333333333334,0.3,0.85,0.7,0
20.0,Travel_Frequently,871.0,Research & Development,6.0,3.0,Life Sciences,4.0,Female,66.0,2.0,1.0,Laboratory Technician,4.0,Single,2926.0,19783.0,1.0,Yes,18.0,3.0,2.0,0.0,1.0,5.0,3.0,1.0,0.0,1.0,0.0,2926.0,1.0,0.0,0.0,1.0,1
27.0,Travel_Rarely,135.0,Research & Development,17.0,4.0,Life Sciences,4.0,Female,51.0,3.0,1.0,Research Scientist,3.0,Single,2394.0,25681.0,1.0,Yes,13.0,3.0,4.0,0.0,8.0,2.0,3.0,8.0,2.0,7.0,7.0,2394.0,1.0,0.25,0.875,0.875,1
55.0,Travel_Rarely,1229.0,Research & Development,4.0,4.0,Life Sciences,4.0,Male,30.0,3.0,2.0,Healthcare Representative,3.0,Married,4035.0,16143.0,0.0,Yes,16.0,3.0,2.0,0.0,4.0,2.0,3.0,3.0,2.0,1.0,2.0,2017.5,0.75,0.6666666666666666,0.6666666666666666,0.3333333333333333,0
50.0,Travel_Frequently,333.0,Research & Development,22.0,5.0,Medical,3.0,Male,88.0,1.0,4.0,Research Director,4.0,Single,14411.0,24450.0,1.0,Yes,13.0,3.0,4.0,0.0,32.0,2.0,3.0,32.0,6.0,13.0,9.0,3602.75,1.0,0.1875,0.28125,0.40625,0
20.0,Travel_Rarely,727.0,Sales,9.0,1.0,Life Sciences,4.0,Male,54.0,3.0,1.0,Sales Representative,1.0,Single,2728.0,21082.0,1.0,No,11.0,3.0,1.0,0.0,2.0,3.0,3.0,2.0,2.0,0.0,2.0,2728.0,1.0,1.0,1.0,0.0,0
32.0,Travel_Rarely,1018.0,Research & Development,2.0,4.0,Medical,1.0,Female,74.0,4.0,2.0,Research Scientist,4.0,Single,5055.0,10557.0,7.0,No,16.0,3.0,3.0,0.0,10.0,0.0,2.0,7.0,7.0,0.0,7.0,2527.5,0.7,1.0,1.0,0.0,0
20.0,Travel_Rarely,129.0,Research & Development,4.0,3.0,Technical Degree,1.0,Male,84.0,3.0,1.0,Laboratory Technician,1.0,Single,2973.0,13008.0,1.0,No,19.0,3.0,2.0,0.0,1.0,2.0,3.0,1.0,0.0,0.0,0.0,2973.0,1.0,0.0,0.0,0.0,1
24.0,Non-Travel,1092.0,Research & Development,9.0,3.0,Life Sciences,3.0,Male,60.0,2.0,1.0,Laboratory Technician,2.0,Divorced,2694.0,26551.0,1.0,No,11.0,3.0,3.0,3.0,1.0,4.0,3.0,1.0,0.0,0.0,0.0,2694.0,1.0,0.0,0.0,0.0,0
55.0,Travel_Rarely,282.0,Research & Development,2.0,2.0,Medical,4.0,Female,58.0,1.0,5.0,Manager,3.0,Married,19187.0,6992.0,4.0,No,14.0,3.0,4.0,1.0,23.0,5.0,3.0,19.0,9.0,9.0,11.0,3837.4,0.8260869565217391,0.47368421052631576,0.5789473684210527,0.47368421052631576,0
26.0,Travel_Rarely,920.0,Human Resources,20.0,2.0,Medical,4.0,Female,69.0,3.0,1.0,Human Resources,2.0,Married,2148.0,6889.0,0.0,Yes,11.0,3.0,3.0,0.0,6.0,3.0,3.0,5.0,1.0,1.0,4.0,2148.0,0.8333333333333334,0.2,0.8,0.2,1
53.0,Travel_Rarely,1376.0,Sales,2.0,2.0,Medical,3.0,Male,45.0,3.0,4.0,Manager,3.0,Divorced,14852.0,13938.0,6.0,No,13.0,3.0,3.0,1.0,22.0,3.0,4.0,17.0,13.0,15.0,2.0,3713.0,0.7727272727272727,0.7647058823529411,0.11764705882352941,0.8823529411764706,0
40.0,Travel_Rarely,543.0,Research & Development,1.0,4.0,Life Sciences,1.0,Male,83.0,3.0,1.0,Laboratory Technician,4.0,Married,2406.0,4060.0,8.0,No,19.0,3.0,3.0,2.0,8.0,3.0,2.0,1.0,0.0,0.0,0.0,2406.0,0.125,0.0,0.0,0.0,0
38.0,Travel_Frequently,148.0,Research & Development,2.0,3.0,Medical,4.0,Female,42.0,2.0,1.0,Laboratory Technician,2.0,Single,2440.0,23826.0,1.0,No,22.0,4.0,2.0,0.0,4.0,3.0,3.0,4.0,3.0,3.0,3.0,2440.0,1.0,0.75,0.75,0.75,0
42.0,Travel_Rarely,462.0,Sales,14.0,2.0,Medical,3.0,Female,68.0,2.0,2.0,Sales Executive,3.0,Single,6244.0,7824.0,7.0,No,17.0,3.0,1.0,0.0,10.0,6.0,3.0,5.0,4.0,0.0,3.0,3122.0,0.5,0.8,0.6,0.0,0
30.0,Travel_Rarely,1339.0,Sales,5.0,3.0,Life Sciences,2.0,Female,41.0,3.0,3.0,Sales Executive,4.0,Married,9419.0,8053.0,2.0,No,12.0,3.0,3.0,1.0,12.0,2.0,3.0,10.0,9.0,7.0,4.0,3139.6666666666665,0.8333333333333334,0.9,0.4,0.7,0
50.0,Travel_Rarely,1099.0,Research & Development,29.0,4.0,Life Sciences,2.0,Male,88.0,2.0,4.0,Manager,3.0,Married,17046.0,9314.0,0.0,No,15.0,3.0,2.0,1.0,28.0,2.0,3.0,27.0,10.0,15.0,7.0,4261.5,0.9642857142857143,0.37037037037037035,0.25925925925925924,0.5555555555555556,0
54.0,Travel_Rarely,548.0,Research & Development,8.0,4.0,Life Sciences,3.0,Female,42.0,3.0,2.0,Laboratory Technician,3.0,Single,3780.0,23428.0,7.0,No,11.0,3.0,3.0,0.0,19.0,3.0,3.0,1.0,0.0,0.0,0.0,1890.0,0.05263157894736842,0.0,0.0,0.0,0
34.0,Travel_Rarely,790.0,Sales,24.0,4.0,Medical,1.0,Female,40.0,2.0,2.0,Sales Executive,2.0,Single,4599.0,7815.0,0.0,Yes,23.0,4.0,3.0,0.0,16.0,2.0,4.0,15.0,9.0,10.0,10.0,2299.5,0.9375,0.6,0.6666666666666666,0.6666666666666666,1
35.0,Travel_Rarely,950.0,Research & Development,7.0,3.0,Other,3.0,Male,59.0,3.0,3.0,Manufacturing Director,3.0,Single,10221.0,18869.0,3.0,No,21.0,4.0,2.0,0.0,17.0,3.0,4.0,8.0,5.0,1.0,6.0,3407.0,0.47058823529411764,0.625,0.75,0.125,0
45.0,Travel_Rarely,1457.0,Research & Development,7.0,3.0,Medical,1.0,Female,83.0,3.0,1.0,Research Scientist,3.0,Married,4477.0,20100.0,4.0,Yes,19.0,3.0,3.0,1.0,7.0,2.0,2.0,3.0,2.0,0.0,2.0,4477.0,0.42857142857142855,0.6666666666666666,0.6666666666666666,0.0,0
36.0,Travel_Rarely,711.0,Research & Development,5.0,4.0,Life Sciences,2.0,Female,42.0,3.0,3.0,Healthcare Representative,1.0,Married,8008.0,22792.0,4.0,No,12.0,3.0,3.0,2.0,9.0,6.0,3.0,3.0,2.0,0.0,2.0,2669.3333333333335,0.3333333333333333,0.6666666666666666,0.6666666666666666,0.0,0
32.0,Travel_Rarely,548.0,Research & Development,1.0,3.0,Life Sciences,2.0,Male,66.0,3.0,2.0,Research Scientist,2.0,Married,6220.0,7346.0,1.0,No,17.0,3.0,2.0,2.0,10.0,3.0,3.0,10.0,4.0,0.0,9.0,3110.0,1.0,0.4,0.9,0.0,0
59.0,Travel_Rarely,715.0,Research & Development,2.0,3.0,Life Sciences,3.0,Female,69.0,2.0,4.0,Manufacturing Director,4.0,Single,13726.0,21829.0,3.0,Yes,13.0,3.0,1.0,0.0,30.0,4.0,3.0,5.0,3.0,4.0,3.0,3431.5,0.16666666666666666,0.6,0.6,0.8,0
44.0,Travel_Rarely,528.0,Human Resources,1.0,3.0,Life Sciences,3.0,Female,44.0,3.0,1.0,Human Resources,4.0,Divorced,3195.0,4167.0,4.0,Yes,18.0,3.0,1.0,3.0,8.0,2.0,3.0,2.0,2.0,2.0,2.0,3195.0,0.25,1.0,1.0,1.0,0
30.0,Non-Travel,879.0,Research & Development,9.0,2.0,Medical,3.0,Female,72.0,3.0,2.0,Manufacturing Director,3.0,Single,4695.0,12858.0,7.0,Yes,18.0,3.0,3.0,0.0,10.0,3.0,3.0,8.0,4.0,1.0,7.0,2347.5,0.8,0.5,0.875,0.125,0
32.0,Travel_Rarely,117.0,Sales,13.0,4.0,Life Sciences,2.0,Male,73.0,3.0,2.0,Sales Executive,4.0,Divorced,4403.0,9250.0,2.0,No,11.0,3.0,3.0,1.0,8.0,3.0,2.0,5.0,2.0,0.0,3.0,2201.5,0.625,0.4,0.6,0.0,0
39.0,Non-Travel,439.0,Research & Development,9.0,3.0,Life Sciences,3.0,Male,70.0,3.0,2.0,Laboratory Technician,2.0,Single,6782.0,8770.0,9.0,No,15.0,3.0,3.0,0.0,9.0,2.0,2.0,5.0,4.0,0.0,3.0,3391.0,0.5555555555555556,0.8,0.6,0.0,0
46.0,Non-Travel,849.0,Sales,26.0,2.0,Life Sciences,2.0,Male,98.0,2.0,2.0,Sales Executive,2.0,Single,7991.0,25166.0,8.0,No,15.0,3.0,3.0,0.0,6.0,3.0,3.0,2.0,2.0,2.0,2.0,3995.5,0.3333333333333333,1.0,1.0,1.0,0
45.0,Travel_Rarely,374.0,Sales,20.0,3.0,Life Sciences,4.0,Female,50.0,3.0,2.0,Sales Executive,3.0,Single,4850.0,23333.0,8.0,No,15.0,3.0,3.0,0.0,8.0,3.0,3.0,5.0,3.0,0.0,1.0,2425.0,0.625,0.6,0.2,0.0,0
36.0,Non-Travel,301.0,Sales,15.0,4.0,Marketing,4.0,Male,88.0,1.0,2.0,Sales Executive,4.0,Divorced,5406.0,10436.0,1.0,No,24.0,4.0,1.0,1.0,15.0,4.0,2.0,15.0,12.0,11.0,11.0,2703.0,1.0,0.8,0.7333333333333333,0.7333333333333333,0
51.0,Travel_Frequently,1456.0,Research & Development,1.0,4.0,Medical,1.0,Female,30.0,2.0,3.0,Healthcare Representative,1.0,Single,7484.0,25796.0,3.0,No,20.0,4.0,3.0,0.0,23.0,1.0,2.0,13.0,12.0,12.0,8.0,2494.6666666666665,0.5652173913043478,0.9230769230769231,0.6153846153846154,0.9230769230769231,0
30.0,Travel_Rarely,921.0,Research & Development,1.0,3.0,Life Sciences,4.0,Male,38.0,1.0,1.0,Laboratory Technician,3.0,Married,3833.0,24375.0,3.0,No,21.0,4.0,3.0,2.0,7.0,2.0,3.0,2.0,2.0,0.0,2.0,3833.0,0.2857142857142857,1.0,1.0,0.0,0
45.0,Travel_Rarely,561.0,Sales,2.0,3.0,Other,4.0,Male,61.0,3.0,2.0,Sales Executive,2.0,Married,4805.0,16177.0,0.0,No,19.0,3.0,2.0,1.0,9.0,3.0,4.0,8.0,7.0,3.0,7.0,2402.5,0.8888888888888888,0.875,0.875,0.375,0
38.0,Travel_Rarely,1035.0,Sales,3.0,4.0,Life Sciences,2.0,Male,42.0,3.0,2.0,Sales Executive,4.0,Single,6861.0,4981.0,8.0,Yes,12.0,3.0,3.0,0.0,19.0,1.0,3.0,1.0,0.0,0.0,0.0,3430.5,0.05263157894736842,0.0,0.0,0.0,0
21.0,Travel_Rarely,156.0,Sales,12.0,3.0,Life Sciences,3.0,Female,90.0,4.0,1.0,Sales Representative,2.0,Single,2716.0,25422.0,1.0,No,15.0,3.0,4.0,0.0,1.0,0.0,3.0,1.0,0.0,0.0,0.0,2716.0,1.0,0.0,0.0,0.0,1
44.0,Travel_Rarely,1376.0,Human Resources,1.0,2.0,Medical,2.0,Male,91.0,2.0,3.0,Human Resources,1.0,Married,10482.0,2326.0,9.0,No,14.0,3.0,4.0,1.0,24.0,1.0,3.0,20.0,6.0,3.0,6.0,3494.0,0.8333333333333334,0.3,0.3,0.15,1
36.0,Non-Travel,217.0,Research & Development,18.0,4.0,Life Sciences,1.0,Male,78.0,3.0,2.0,Manufacturing Director,4.0,Single,7779.0,23238.0,2.0,No,20.0,4.0,1.0,0.0,18.0,0.0,3.0,11.0,9.0,0.0,9.0,3889.5,0.6111111111111112,0.8181818181818182,0.8181818181818182,0.0,0
31.0,Travel_Frequently,1125.0,Sales,7.0,4.0,Marketing,1.0,Female,68.0,3.0,3.0,Sales Executive,1.0,Married,9637.0,8277.0,2.0,No,14.0,3.0,4.0,2.0,9.0,3.0,3.0,3.0,2.0,2.0,2.0,3212.3333333333335,0.3333333333333333,0.6666666666666666,0.6666666666666666,0.6666666666666666,0
50.0,Travel_Rarely,1207.0,Research & Development,28.0,1.0,Medical,4.0,Male,74.0,4.0,1.0,Laboratory Technician,3.0,Married,3221.0,3297.0,1.0,Yes,11.0,3.0,3.0,3.0,20.0,3.0,3.0,20.0,8.0,3.0,8.0,3221.0,1.0,0.4,0.4,0.15,0
29.0,Travel_Rarely,1092.0,Research & Development,1.0,4.0,Medical,1.0,Male,36.0,3.0,1.0,Research Scientist,4.0,Married,4787.0,26124.0,9.0,Yes,14.0,3.0,2.0,3.0,4.0,3.0,4.0,2.0,2.0,2.0,2.0,4787.0,0.5,1.0,1.0,1.0,1
45.0,Travel_Rarely,930.0,Sales,9.0,3.0,Marketing,4.0,Male,74.0,3.0,3.0,Sales Executive,1.0,Divorced,10761.0,19239.0,4.0,Yes,12.0,3.0,3.0,1.0,18.0,2.0,3.0,5.0,4.0,0.0,2.0,3587.0,0.2777777777777778,0.8,0.4,0.0,0
59.0,Travel_Rarely,142.0,Research & Development,3.0,3.0,Life Sciences,3.0,Male,70.0,2.0,1.0,Research Scientist,4.0,Married,2177.0,8456.0,3.0,No,17.0,3.0,1.0,1.0,7.0,6.0,3.0,1.0,0.0,0.0,0.0,2177.0,0.14285714285714285,0.0,0.0,0.0,0
49.0,Travel_Rarely,464.0,Research & Development,16.0,3.0,Medical,4.0,Female,74.0,3.0,1.0,Laboratory Technician,1.0,Divorced,2587.0,24941.0,4.0,Yes,16.0,3.0,2.0,1.0,17.0,2.0,2.0,2.0,2.0,2.0,2.0,2587.0,0.11764705882352941,1.0,1.0,1.0,0
42.0,Travel_Rarely,932.0,Research & Development,1.0,2.0,Life Sciences,4.0,Female,43.0,2.0,2.0,Manufacturing Director,4.0,Married,6062.0,4051.0,9.0,Yes,13.0,3.0,4.0,1.0,8.0,4.0,3.0,4.0,3.0,0.0,2.0,3031.0,0.5,0.75,0.5,0.0,0
32.0,Travel_Rarely,929.0,Sales,10.0,3.0,Marketing,4.0,Male,55.0,3.0,2.0,Sales Executive,4.0,Single,5396.0,21703.0,1.0,No,12.0,3.0,4.0,0.0,10.0,2.0,2.0,10.0,7.0,0.0,8.0,2698.0,1.0,0.7,0.8,0.0,0
38.0,Travel_Rarely,723.0,Sales,2.0,4.0,Marketing,2.0,Female,77.0,1.0,2.0,Sales Representative,4.0,Married,5405.0,4244.0,2.0,Yes,20.0,4.0,1.0,2.0,20.0,4.0,2.0,4.0,2.0,0.0,3.0,2702.5,0.2,0.5,0.75,0.0,0
37.0,Travel_Rarely,342.0,Sales,16.0,4.0,Marketing,4.0,Male,66.0,2.0,2.0,Sales Executive,3.0,Divorced,6334.0,24558.0,4.0,No,19.0,3.0,4.0,2.0,9.0,2.0,3.0,1.0,0.0,0.0,0.0,3167.0,0.1111111111111111,0.0,0.0,0.0,0
34.0,Travel_Rarely,1239.0,Sales,13.0,4.0,Medical,4.0,Male,39.0,3.0,3.0,Sales Executive,3.0,Divorced,8628.0,22914.0,1.0,No,18.0,3.0,3.0,1.0,9.0,2.0,2.0,8.0,7.0,1.0,1.0,2876.0,0.8888888888888888,0.875,0.125,0.125,0
20.0,Travel_Frequently,769.0,Sales,9.0,3.0,Marketing,4.0,Female,54.0,3.0,1.0,Sales Representative,4.0,Single,2323.0,17205.0,1.0,Yes,14.0,3.0,2.0,0.0,2.0,3.0,3.0,2.0,2.0,0.0,2.0,2323.0,1.0,1.0,1.0,0.0,1
42.0,Non-Travel,335.0,Research & Development,23.0,2.0,Life Sciences,4.0,Male,37.0,2.0,2.0,Research Scientist,3.0,Single,4332.0,14811.0,1.0,No,12.0,3.0,4.0,0.0,20.0,2.0,3.0,20.0,9.0,3.0,7.0,2166.0,1.0,0.45,0.35,0.15,0
34.0,Travel_Rarely,507.0,Sales,15.0,2.0,Medical,3.0,Female,66.0,3.0,2.0,Sales Executive,1.0,Single,6125.0,23553.0,1.0,No,12.0,3.0,4.0,0.0,10.0,6.0,4.0,10.0,8.0,9.0,6.0,3062.5,1.0,0.8,0.6,0.9,0
44.0,Travel_Rarely,1488.0,Sales,1.0,5.0,Marketing,2.0,Female,75.0,3.0,2.0,Sales Executive,1.0,Divorced,5454.0,4009.0,5.0,Yes,21.0,4.0,3.0,1.0,9.0,2.0,2.0,4.0,3.0,1.0,3.0,2727.0,0.4444444444444444,0.75,0.75,0.25,0
31.0,Non-Travel,697.0,Research & Development,10.0,3.0,Medical,3.0,Female,40.0,3.0,3.0,Research Director,3.0,Married,11031.0,26862.0,4.0,No,20.0,4.0,3.0,1.0,13.0,2.0,4.0,11.0,7.0,4.0,8.0,3677.0,0.8461538461538461,0.6363636363636364,0.7272727272727273,0.36363636363636365,0
35.0,Travel_Rarely,817.0,Research & Development,1.0,3.0,Medical,4.0,Female,60.0,2.0,2.0,Laboratory Technician,4.0,Married,5363.0,10846.0,0.0,No,12.0,3.0,2.0,1.0,10.0,0.0,3.0,9.0,7.0,0.0,0.0,2681.5,0.9,0.7777777777777778,0.0,0.0,0
41.0,Travel_Frequently,1200.0,Research & Development,22.0,3.0,Life Sciences,4.0,Female,75.0,3.0,2.0,Research Scientist,4.0,Divorced,5467.0,13953.0,3.0,Yes,14.0,3.0,1.0,2.0,12.0,4.0,2.0,6.0,2.0,3.0,3.0,2733.5,0.5,0.3333333333333333,0.5,0.5,0
48.0,Non-Travel,1262.0,Research & Development,1.0,4.0,Medical,1.0,Male,35.0,4.0,4.0,Manager,4.0,Single,16885.0,16154.0,2.0,No,22.0,4.0,3.0,0.0,27.0,3.0,2.0,5.0,4.0,2.0,1.0,4221.25,0.18518518518518517,0.8,0.2,0.4,0
35.0,Travel_Frequently,944.0,Sales,1.0,3.0,Marketing,3.0,Female,92.0,3.0,3.0,Sales Executive,3.0,Single,8789.0,9096.0,1.0,No,14.0,3.0,1.0,0.0,10.0,3.0,4.0,10.0,7.0,0.0,8.0,2929.6666666666665,1.0,0.7,0.8,0.0,0
29.0,Travel_Rarely,1283.0,Research & Development,23.0,3.0,Life Sciences,4.0,Male,54.0,3.0,1.0,Research Scientist,4.0,Single,2201.0,18168.0,9.0,No,16.0,3.0,4.0,0.0,6.0,4.0,3.0,3.0,2.0,1.0,2.0,2201.0,0.5,0.6666666666666666,0.6666666666666666,0.3333333333333333,0
42.0,Travel_Frequently,1271.0,Research & Development,2.0,1.0,Medical,2.0,Male,35.0,3.0,1.0,Research Scientist,4.0,Single,2515.0,9068.0,5.0,Yes,14.0,3.0,4.0,0.0,8.0,2.0,3.0,2.0,1.0,2.0,2.0,2515.0,0.25,0.5,1.0,1.0,0
34.0,Travel_Frequently,234.0,Research & Development,9.0,4.0,Life Sciences,4.0,Male,93.0,3.0,2.0,Laboratory Technician,1.0,Married,5346.0,6208.0,4.0,No,17.0,3.0,3.0,1.0,11.0,3.0,2.0,7.0,1.0,0.0,7.0,2673.0,0.6363636363636364,0.14285714285714285,1.0,0.0,1
60.0,Travel_Frequently,1499.0,Sales,28.0,3.0,Marketing,3.0,Female,80.0,2.0,3.0,Sales Executive,1.0,Married,10266.0,2845.0,4.0,No,19.0,3.0,4.0,0.0,22.0,5.0,4.0,18.0,13.0,13.0,11.0,3422.0,0.8181818181818182,0.7222222222222222,0.6111111111111112,0.7222222222222222,0
35.0,Travel_Rarely,819.0,Research & Development,18.0,5.0,Life Sciences,2.0,Male,48.0,4.0,2.0,Research Scientist,1.0,Married,5208.0,26312.0,1.0,No,11.0,3.0,4.0,0.0,16.0,2.0,3.0,16.0,15.0,1.0,10.0,2604.0,1.0,0.9375,0.625,0.0625,0
50.0,Non-Travel,881.0,Research & Development,2.0,4.0,Life Sciences,1.0,Male,98.0,3.0,4.0,Manager,1.0,Divorced,17924.0,4544.0,1.0,No,11.0,3.0,4.0,1.0,31.0,3.0,3.0,31.0,6.0,14.0,7.0,4481.0,1.0,0.1935483870967742,0.22580645161290322,0.45161290322580644,0
37.0,Travel_Rarely,1470.0,Research & Development,10.0,3.0,Medical,2.0,Female,71.0,3.0,1.0,Research Scientist,2.0,Married,3936.0,9953.0,1.0,No,11.0,3.0,1.0,1.0,8.0,2.0,1.0,8.0,4.0,7.0,7.0,3936.0,1.0,0.5,0.875,0.875,0
35.0,Non-Travel,1097.0,Research & Development,11.0,2.0,Medical,3.0,Male,79.0,2.0,3.0,Healthcare Representative,1.0,Married,9884.0,8302.0,2.0,Yes,13.0,3.0,3.0,1.0,10.0,3.0,3.0,4.0,0.0,2.0,3.0,3294.6666666666665,0.4,0.0,0.75,0.5,0
41.0,Travel_Rarely,465.0,Research & Development,14.0,3.0,Life Sciences,1.0,Male,56.0,3.0,1.0,Research Scientist,3.0,Divorced,2451.0,4609.0,4.0,No,12.0,3.0,1.0,1.0,13.0,2.0,3.0,9.0,8.0,1.0,8.0,2451.0,0.6923076923076923,0.8888888888888888,0.8888888888888888,0.1111111111111111,0
37.0,Travel_Frequently,889.0,Research & Development,9.0,3.0,Medical,2.0,Male,53.0,3.0,1.0,Research Scientist,4.0,Married,2326.0,11411.0,1.0,Yes,12.0,3.0,3.0,3.0,4.0,3.0,2.0,4.0,2.0,1.0,2.0,2326.0,1.0,0.5,0.5,0.25,0
24.0,Travel_Rarely,813.0,Research & Development,1.0,3.0,Medical,2.0,Male,61.0,3.0,1.0,Research Scientist,4.0,Married,2293.0,3020.0,2.0,Yes,16.0,3.0,1.0,1.0,6.0,2.0,2.0,2.0,0.0,2.0,0.0,2293.0,0.3333333333333333,0.0,0.0,1.0,1
29.0,Travel_Rarely,1401.0,Research & Development,6.0,1.0,Medical,2.0,Female,54.0,3.0,1.0,Laboratory Technician,4.0,Married,3131.0,26342.0,1.0,No,13.0,3.0,1.0,1.0,10.0,5.0,3.0,10.0,8.0,0.0,8.0,3131.0,1.0,0.8,0.8,0.0,0
36.0,Travel_Frequently,635.0,Research & Development,18.0,1.0,Medical,2.0,Female,73.0,3.0,1.0,Laboratory Technician,4.0,Single,2153.0,7703.0,1.0,No,13.0,3.0,1.0,0.0,8.0,2.0,3.0,8.0,1.0,1.0,7.0,2153.0,1.0,0.125,0.875,0.125,0
36.0,Non-Travel,635.0,Sales,10.0,4.0,Medical,2.0,Male,32.0,3.0,3.0,Sales Executive,4.0,Single,9980.0,15318.0,1.0,No,14.0,3.0,4.0,0.0,10.0,3.0,2.0,10.0,3.0,9.0,7.0,3326.6666666666665,1.0,0.3,0.7,0.9,0
55.0,Travel_Rarely,836.0,Research & Development,8.0,3.0,Medical,4.0,Female,33.0,3.0,4.0,Manager,3.0,Divorced,14756.0,19730.0,2.0,Yes,14.0,3.0,3.0,3.0,21.0,2.0,3.0,5.0,0.0,0.0,2.0,3689.0,0.23809523809523808,0.0,0.4,0.0,0
47.0,Travel_Frequently,719.0,Sales,27.0,2.0,Life Sciences,2.0,Female,77.0,4.0,2.0,Sales Executive,3.0,Single,6397.0,10339.0,4.0,Yes,12.0,3.0,4.0,0.0,8.0,2.0,3.0,5.0,4.0,1.0,3.0,3198.5,0.625,0.8,0.6,0.2,1
31.0,Travel_Rarely,1082.0,Research & Development,1.0,4.0,Medical,3.0,Male,87.0,3.0,1.0,Research Scientist,2.0,Single,2501.0,18775.0,1.0,No,17.0,3.0,2.0,0.0,1.0,4.0,3.0,1.0,1.0,1.0,0.0,2501.0,1.0,1.0,0.0,1.0,0
29.0,Travel_Rarely,896.0,Research & Development,18.0,1.0,Medical,3.0,Male,86.0,2.0,1.0,Research Scientist,4.0,Single,2389.0,14961.0,1.0,Yes,13.0,3.0,3.0,0.0,4.0,3.0,2.0,4.0,3.0,0.0,1.0,2389.0,1.0,0.75,0.25,0.0,1
30.0,Travel_Rarely,853.0,Research & Development,7.0,4.0,Life Sciences,3.0,Male,49.0,3.0,2.0,Laboratory Technician,3.0,Divorced,3491.0,11309.0,1.0,No,13.0,3.0,1.0,3.0,10.0,4.0,2.0,10.0,7.0,8.0,9.0,1745.5,1.0,0.7,0.9,0.8,0
33.0,Travel_Frequently,1296.0,Research & Development,6.0,3.0,Life Sciences,3.0,Male,30.0,3.0,2.0,Healthcare Representative,4.0,Divorced,7725.0,5335.0,3.0,No,23.0,4.0,3.0,1.0,15.0,2.0,1.0,13.0,11.0,4.0,7.0,3862.5,0.8666666666666667,0.8461538461538461,0.5384615384615384,0.3076923076923077,0
30.0,Non-Travel,641.0,Sales,25.0,2.0,Technical Degree,4.0,Female,85.0,3.0,2.0,Sales Executive,3.0,Married,4736.0,6069.0,7.0,Yes,12.0,3.0,2.0,1.0,4.0,2.0,4.0,2.0,2.0,2.0,2.0,2368.0,0.5,1.0,1.0,1.0,0
33.0,Non-Travel,1313.0,Research & Development,1.0,2.0,Medical,2.0,Male,59.0,2.0,1.0,Laboratory Technician,3.0,Divorced,2008.0,20439.0,1.0,No,12.0,3.0,3.0,3.0,1.0,2.0,2.0,1.0,1.0,0.0,0.0,2008.0,1.0,1.0,0.0,0.0,0
30.0,Travel_Frequently,1012.0,Research & Development,5.0,4.0,Life Sciences,2.0,Male,75.0,2.0,1.0,Research Scientist,4.0,Divorced,3761.0,2373.0,9.0,No,12.0,3.0,2.0,1.0,10.0,3.0,2.0,5.0,4.0,0.0,3.0,3761.0,0.5,0.8,0.6,0.0,0
29.0,Travel_Rarely,224.0,Research & Development,1.0,4.0,Technical Degree,1.0,Male,100.0,2.0,1.0,Research Scientist,1.0,Single,2362.0,7568.0,6.0,No,13.0,3.0,3.0,0.0,11.0,2.0,1.0,9.0,7.0,0.0,7.0,2362.0,0.8181818181818182,0.7777777777777778,0.7777777777777778,0.0,1
31.0,Travel_Rarely,471.0,Research & Development,4.0,3.0,Medical,1.0,Female,62.0,4.0,1.0,Laboratory Technician,3.0,Divorced,3978.0,16031.0,8.0,No,12.0,3.0,2.0,1.0,4.0,0.0,2.0,2.0,2.0,2.0,2.0,3978.0,0.5,1.0,1.0,1.0,0
36.0,Travel_Rarely,329.0,Sales,16.0,4.0,Marketing,3.0,Female,98.0,2.0,2.0,Sales Executive,1.0,Married,5647.0,13494.0,4.0,No,13.0,3.0,1.0,2.0,11.0,3.0,2.0,3.0,2.0,0.0,2.0,2823.5,0.2727272727272727,0.6666666666666666,0.6666666666666666,0.0,0
45.0,Travel_Rarely,549.0,Research & Development,8.0,4.0,Other,4.0,Male,75.0,3.0,2.0,Research Scientist,4.0,Married,3697.0,9278.0,9.0,No,14.0,3.0,1.0,2.0,12.0,3.0,3.0,10.0,9.0,9.0,8.0,1848.5,0.8333333333333334,0.9,0.8,0.9,0
21.0,Travel_Rarely,1334.0,Research & Development,10.0,3.0,Life Sciences,3.0,Female,36.0,2.0,1.0,Laboratory Technician,1.0,Single,1416.0,17258.0,1.0,No,13.0,3.0,1.0,0.0,1.0,6.0,2.0,1.0,0.0,1.0,0.0,1416.0,1.0,0.0,0.0,1.0,1
29.0,Travel_Rarely,1252.0,Research & Development,23.0,2.0,Life Sciences,3.0,Male,81.0,4.0,1.0,Research Scientist,3.0,Married,2700.0,23779.0,1.0,No,24.0,4.0,3.0,1.0,10.0,3.0,3.0,10.0,7.0,0.0,7.0,2700.0,1.0,0.7,0.7,0.0,0
32.0,Non-Travel,1109.0,Research & Development,29.0,4.0,Medical,4.0,Female,69.0,3.0,1.0,Laboratory Technician,3.0,Single,4025.0,11135.0,9.0,No,12.0,3.0,2.0,0.0,10.0,2.0,3.0,8.0,7.0,7.0,7.0,4025.0,0.8,0.875,0.875,0.875,0
42.0,Travel_Rarely,269.0,Research & Development,2.0,3.0,Medical,4.0,Female,56.0,2.0,1.0,Laboratory Technician,1.0,Divorced,2593.0,8007.0,0.0,Yes,11.0,3.0,3.0,1.0,10.0,4.0,3.0,9.0,6.0,7.0,8.0,2593.0,0.9,0.6666666666666666,0.8888888888888888,0.7777777777777778,0
38.0,Travel_Rarely,395.0,Sales,9.0,3.0,Marketing,2.0,Male,98.0,2.0,1.0,Sales Representative,2.0,Married,2899.0,12102.0,0.0,No,19.0,3.0,4.0,1.0,3.0,3.0,3.0,2.0,2.0,1.0,2.0,2899.0,0.6666666666666666,1.0,1.0,0.5,0
44.0,Travel_Rarely,477.0,Research & Development,7.0,4.0,Medical,1.0,Female,42.0,2.0,3.0,Healthcare Representative,4.0,Married,10248.0,2094.0,3.0,No,14.0,3.0,4.0,1.0,24.0,4.0,3.0,22.0,6.0,5.0,17.0,3416.0,0.9166666666666666,0.2727272727272727,0.7727272727272727,0.22727272727272727,0
32.0,Travel_Frequently,116.0,Research & Development,13.0,3.0,Other,3.0,Female,77.0,2.0,1.0,Laboratory Technician,2.0,Married,2743.0,7331.0,1.0,No,20.0,4.0,3.0,1.0,2.0,2.0,3.0,2.0,2.0,2.0,2.0,2743.0,1.0,1.0,1.0,1.0,0
44.0,Travel_Rarely,1112.0,Human Resources,1.0,4.0,Life Sciences,1.0,Female,50.0,2.0,2.0,Human Resources,3.0,Single,5985.0,26894.0,4.0,No,11.0,3.0,2.0,0.0,10.0,1.0,4.0,2.0,2.0,0.0,2.0,2992.5,0.2,1.0,1.0,0.0,0
42.0,Travel_Rarely,300.0,Research & Development,2.0,3.0,Life Sciences,1.0,Male,56.0,3.0,5.0,Manager,3.0,Married,18880.0,17312.0,5.0,No,11.0,3.0,1.0,0.0,24.0,2.0,2.0,22.0,6.0,4.0,14.0,3776.0,0.9166666666666666,0.2727272727272727,0.6363636363636364,0.18181818181818182,0
31.0,Travel_Rarely,202.0,Research & Development,8.0,3.0,Life Sciences,1.0,Female,34.0,2.0,1.0,Research Scientist,2.0,Single,1261.0,22262.0,1.0,No,12.0,3.0,3.0,0.0,1.0,3.0,4.0,1.0,0.0,0.0,0.0,1261.0,1.0,0.0,0.0,0.0,1
29.0,Travel_Rarely,144.0,Sales,10.0,1.0,Marketing,4.0,Female,39.0,2.0,2.0,Sales Executive,2.0,Divorced,8268.0,11866.0,1.0,Yes,14.0,3.0,1.0,2.0,7.0,2.0,3.0,7.0,7.0,1.0,7.0,4134.0,1.0,1.0,1.0,0.14285714285714285,0
44.0,Travel_Rarely,1037.0,Research & Development,1.0,3.0,Medical,2.0,Male,42.0,3.0,1.0,Research Scientist,4.0,Single,2436.0,13422.0,6.0,Yes,12.0,3.0,3.0,0.0,6.0,2.0,3.0,4.0,3.0,1.0,2.0,2436.0,0.6666666666666666,0.75,0.5,0.25,0
33.0,Travel_Frequently,827.0,Research & Development,29.0,4.0,Medical,1.0,Female,54.0,2.0,2.0,Research Scientist,3.0,Single,4508.0,3129.0,1.0,No,22.0,4.0,2.0,0.0,14.0,4.0,3.0,13.0,7.0,3.0,8.0,2254.0,0.9285714285714286,0.5384615384615384,0.6153846153846154,0.23076923076923078,1
34.0,Travel_Rarely,285.0,Research & Development,29.0,3.0,Medical,2.0,Male,86.0,3.0,2.0,Laboratory Technician,3.0,Married,5429.0,17491.0,4.0,No,13.0,3.0,1.0,2.0,10.0,1.0,3.0,8.0,7.0,7.0,7.0,2714.5,0.8,0.875,0.875,0.875,0
36.0,Travel_Frequently,1467.0,Sales,11.0,2.0,Technical Degree,2.0,Female,92.0,3.0,3.0,Sales Executive,4.0,Married,9738.0,22952.0,0.0,No,14.0,3.0,3.0,1.0,10.0,6.0,3.0,9.0,7.0,2.0,8.0,3246.0,0.9,0.7777777777777778,0.8888888888888888,0.2222222222222222,0
29.0,Travel_Rarely,805.0,Research & Development,1.0,2.0,Life Sciences,2.0,Female,36.0,2.0,1.0,Laboratory Technician,1.0,Married,2319.0,6689.0,1.0,Yes,11.0,3.0,4.0,1.0,1.0,1.0,3.0,1.0,0.0,0.0,0.0,2319.0,1.0,0.0,0.0,0.0,1
47.0,Travel_Rarely,571.0,Sales,14.0,3.0,Medical,3.0,Female,78.0,3.0,2.0,Sales Executive,3.0,Married,4591.0,24200.0,3.0,Yes,17.0,3.0,3.0,1.0,11.0,4.0,2.0,5.0,4.0,1.0,2.0,2295.5,0.45454545454545453,0.8,0.4,0.2,0
31.0,Travel_Frequently,754.0,Sales,26.0,4.0,Marketing,1.0,Male,63.0,3.0,2.0,Sales Executive,4.0,Married,5617.0,21075.0,1.0,Yes,11.0,3.0,3.0,0.0,10.0,4.0,3.0,10.0,7.0,0.0,8.0,2808.5,1.0,0.7,0.8,0.0,1
46.0,Travel_Rarely,945.0,Human Resources,5.0,2.0,Medical,2.0,Male,80.0,3.0,2.0,Human Resources,2.0,Divorced,5021.0,10425.0,8.0,Yes,22.0,4.0,4.0,1.0,16.0,2.0,3.0,4.0,2.0,0.0,2.0,2510.5,0.25,0.5,0.5,0.0,0
41.0,Travel_Frequently,143.0,Sales,4.0,3.0,Marketing,1.0,Male,56.0,3.0,2.0,Sales Executive,2.0,Single,9355.0,9558.0,1.0,No,18.0,3.0,3.0,0.0,8.0,5.0,3.0,8.0,7.0,7.0,7.0,4677.5,1.0,0.875,0.875,0.875,1
31.0,Travel_Rarely,106.0,Human Resources,2.0,3.0,Human Resources,1.0,Male,62.0,2.0,2.0,Human Resources,1.0,Married,6410.0,17822.0,3.0,No,12.0,3.0,4.0,0.0,9.0,1.0,3.0,2.0,2.0,1.0,0.0,3205.0,0.2222222222222222,1.0,0.0,0.5,0
32.0,Travel_Frequently,1005.0,Research & Development,2.0,2.0,Life Sciences,4.0,Male,79.0,3.0,1.0,Laboratory Technician,4.0,Single,3068.0,11864.0,0.0,No,13.0,3.0,3.0,0.0,8.0,2.0,2.0,7.0,7.0,3.0,6.0,3068.0,0.875,1.0,0.8571428571428571,0.42857142857142855,0
41.0,Travel_Rarely,314.0,Human Resources,1.0,3.0,Human Resources,4.0,Male,59.0,2.0,5.0,Manager,3.0,Married,19189.0,19562.0,1.0,No,12.0,3.0,2.0,1.0,22.0,3.0,3.0,22.0,7.0,2.0,10.0,3837.8,1.0,0.3181818181818182,0.45454545454545453,0.09090909090909091,0
57.0,Travel_Rarely,334.0,Research & Development,24.0,2.0,Life Sciences,3.0,Male,83.0,4.0,3.0,Healthcare Representative,4.0,Divorced,9439.0,23402.0,3.0,Yes,16.0,3.0,2.0,1.0,12.0,2.0,1.0,5.0,3.0,1.0,4.0,3146.3333333333335,0.4166666666666667,0.6,0.8,0.2,0
38.0,Travel_Frequently,1394.0,Research & Development,8.0,3.0,Medical,4.0,Female,58.0,2.0,2.0,Research Scientist,2.0,Divorced,2133.0,18115.0,1.0,Yes,16.0,3.0,3.0,1.0,20.0,3.0,3.0,20.0,11.0,0.0,7.0,1066.5,1.0,0.55,0.35,0.0,0
38.0,Travel_Rarely,1495.0,Research & Development,10.0,3.0,Medical,3.0,Female,76.0,3.0,2.0,Healthcare Representative,3.0,Married,9824.0,22174.0,3.0,No,19.0,3.0,3.0,1.0,18.0,4.0,3.0,1.0,0.0,0.0,0.0,4912.0,0.05555555555555555,0.0,0.0,0.0,0
32.0,Non-Travel,976.0,Sales,26.0,4.0,Marketing,3.0,Male,100.0,3.0,2.0,Sales Executive,4.0,Married,4465.0,12069.0,0.0,No,18.0,3.0,1.0,0.0,4.0,2.0,3.0,3.0,2.0,2.0,2.0,2232.5,0.75,0.6666666666666666,0.6666666666666666,0.6666666666666666,0
60.0,Travel_Rarely,696.0,Sales,7.0,4.0,Marketing,2.0,Male,52.0,4.0,2.0,Sales Executive,4.0,Divorced,5220.0,10893.0,0.0,Yes,18.0,3.0,2.0,1.0,12.0,3.0,3.0,11.0,7.0,1.0,9.0,2610.0,0.9166666666666666,0.6363636363636364,0.8181818181818182,0.09090909090909091,0
26.0,Travel_Rarely,157.0,Research & Development,1.0,3.0,Medical,3.0,Male,95.0,3.0,1.0,Laboratory Technician,1.0,Single,2867.0,20006.0,0.0,No,13.0,3.0,4.0,0.0,8.0,6.0,2.0,7.0,7.0,7.0,6.0,2867.0,0.875,1.0,0.8571428571428571,1.0,0
23.0,Travel_Rarely,885.0,Research & Development,4.0,3.0,Medical,1.0,Male,58.0,4.0,1.0,Research Scientist,1.0,Married,2819.0,8544.0,2.0,No,16.0,3.0,1.0,1.0,5.0,3.0,4.0,3.0,2.0,0.0,2.0,2819.0,0.6,0.6666666666666666,0.6666666666666666,0.0,0
47.0,Travel_Rarely,249.0,Sales,2.0,2.0,Marketing,3.0,Female,35.0,3.0,2.0,Sales Executive,4.0,Married,4537.0,17783.0,0.0,Yes,22.0,4.0,1.0,1.0,8.0,2.0,3.0,7.0,6.0,7.0,7.0,2268.5,0.875,0.8571428571428571,1.0,1.0,0
43.0,Travel_Rarely,1291.0,Research & Development,15.0,2.0,Life Sciences,3.0,Male,65.0,2.0,4.0,Research Director,3.0,Married,17603.0,3525.0,1.0,No,24.0,4.0,1.0,1.0,14.0,3.0,3.0,14.0,10.0,6.0,11.0,4400.75,1.0,0.7142857142857143,0.7857142857142857,0.42857142857142855,0
18.0,Non-Travel,1431.0,Research & Development,14.0,3.0,Medical,2.0,Female,33.0,3.0,1.0,Research Scientist,3.0,Single,1514.0,8018.0,1.0,No,16.0,3.0,3.0,0.0,0.0,4.0,1.0,0.0,0.0,0.0,0.0,1514.0,0.0,0.0,0.0,0.0,0
48.0,Travel_Rarely,1469.0,Research & Development,20.0,4.0,Medical,4.0,Male,51.0,3.0,1.0,Research Scientist,3.0,Married,2259.0,5543.0,4.0,No,17.0,3.0,1.0,2.0,13.0,2.0,2.0,0.0,0.0,0.0,0.0,2259.0,0.0,0.0,0.0,0.0,0
31.0,Travel_Rarely,828.0,Sales,2.0,1.0,Life Sciences,2.0,Male,77.0,3.0,2.0,Sales Executive,4.0,Single,6582.0,8346.0,4.0,Yes,13.0,3.0,3.0,0.0,10.0,2.0,4.0,6.0,5.0,0.0,5.0,3291.0,0.6,0.8333333333333334,0.8333333333333334,0.0,0
34.0,Non-Travel,1375.0,Sales,10.0,3.0,Life Sciences,4.0,Male,87.0,3.0,2.0,Sales Executive,3.0,Divorced,4001.0,12313.0,1.0,Yes,14.0,3.0,3.0,1.0,15.0,3.0,3.0,15.0,14.0,0.0,7.0,2000.5,1.0,0.9333333333333333,0.4666666666666667,0.0,0
47.0,Non-Travel,543.0,Sales,2.0,4.0,Marketing,3.0,Male,87.0,3.0,2.0,Sales Executive,2.0,Married,4978.0,3536.0,7.0,No,11.0,3.0,4.0,1.0,4.0,3.0,1.0,1.0,0.0,0.0,0.0,2489.0,0.25,0.0,0.0,0.0,0
33.0,Travel_Rarely,465.0,Research & Development,2.0,2.0,Life Sciences,1.0,Female,39.0,3.0,1.0,Laboratory Technician,1.0,Married,2707.0,21509.0,7.0,No,20.0,4.0,1.0,0.0,13.0,3.0,4.0,9.0,7.0,1.0,7.0,2707.0,0.6923076923076923,0.7777777777777778,0.7777777777777778,0.1111111111111111,1
32.0,Travel_Rarely,801.0,Sales,1.0,4.0,Marketing,3.0,Female,48.0,3.0,3.0,Sales Executive,4.0,Married,10422.0,24032.0,1.0,No,19.0,3.0,3.0,2.0,14.0,3.0,3.0,14.0,10.0,5.0,7.0,3474.0,1.0,0.7142857142857143,0.5,0.35714285714285715,0
51.0,Travel_Rarely,1302.0,Research & Development,2.0,3.0,Medical,4.0,Male,84.0,1.0,2.0,Manufacturing Director,2.0,Divorced,5482.0,16321.0,5.0,No,18.0,3.0,4.0,1.0,13.0,3.0,3.0,4.0,1.0,1.0,2.0,2741.0,0.3076923076923077,0.25,0.5,0.25,0
34.0,Travel_Rarely,810.0,Sales,8.0,2.0,Technical Degree,2.0,Male,92.0,4.0,2.0,Sales Executive,3.0,Married,6799.0,22128.0,1.0,No,21.0,4.0,3.0,2.0,10.0,5.0,3.0,10.0,8.0,4.0,8.0,3399.5,1.0,0.8,0.8,0.4,0
35.0,Travel_Rarely,1402.0,Sales,28.0,4.0,Life Sciences,2.0,Female,98.0,2.0,1.0,Sales Representative,3.0,Married,2430.0,26204.0,0.0,No,23.0,4.0,1.0,2.0,6.0,5.0,3.0,5.0,3.0,4.0,2.0,2430.0,0.8333333333333334,0.6,0.4,0.8,0
44.0,Travel_Rarely,921.0,Research & Development,2.0,3.0,Life Sciences,3.0,Female,96.0,4.0,3.0,Healthcare Representative,4.0,Married,7879.0,14810.0,1.0,Yes,19.0,3.0,2.0,1.0,9.0,2.0,3.0,8.0,7.0,6.0,7.0,2626.3333333333335,0.8888888888888888,0.875,0.875,0.75,0
33.0,Travel_Rarely,134.0,Research & Development,2.0,3.0,Life Sciences,3.0,Male,90.0,3.0,1.0,Research Scientist,4.0,Single,2500.0,10515.0,0.0,No,14.0,3.0,1.0,0.0,4.0,2.0,4.0,3.0,1.0,0.0,2.0,2500.0,0.75,0.3333333333333333,0.6666666666666666,0.0,0
38.0,Travel_Rarely,770.0,Sales,10.0,4.0,Marketing,3.0,Male,73.0,2.0,3.0,Sales Executive,3.0,Divorced,8740.0,5569.0,0.0,Yes,14.0,3.0,2.0,2.0,9.0,2.0,3.0,8.0,7.0,2.0,7.0,2913.3333333333335,0.8888888888888888,0.875,0.875,0.25,0
29.0,Travel_Rarely,408.0,Sales,23.0,1.0,Life Sciences,4.0,Female,45.0,2.0,3.0,Sales Executive,1.0,Married,7336.0,11162.0,1.0,No,13.0,3.0,1.0,1.0,11.0,3.0,1.0,11.0,8.0,3.0,10.0,2445.3333333333335,1.0,0.7272727272727273,0.9090909090909091,0.2727272727272727,1
28.0,Travel_Frequently,773.0,Research & Development,6.0,3.0,Life Sciences,3.0,Male,39.0,2.0,1.0,Research Scientist,3.0,Divorced,2703.0,22088.0,1.0,Yes,14.0,3.0,4.0,1.0,3.0,2.0,3.0,3.0,1.0,0.0,2.0,2703.0,1.0,0.3333333333333333,0.6666666666666666,0.0,0
31.0,Travel_Rarely,1062.0,Research & Development,24.0,3.0,Medical,3.0,Female,96.0,2.0,2.0,Healthcare Representative,1.0,Single,6812.0,17198.0,1.0,No,19.0,3.0,2.0,0.0,10.0,2.0,3.0,10.0,9.0,1.0,8.0,3406.0,1.0,0.9,0.8,0.1,0
37.0,Travel_Rarely,1439.0,Research & Development,4.0,1.0,Life Sciences,3.0,Male,54.0,3.0,1.0,Research Scientist,3.0,Married,2996.0,5182.0,7.0,Yes,15.0,3.0,4.0,0.0,8.0,2.0,3.0,6.0,4.0,1.0,3.0,2996.0,0.75,0.6666666666666666,0.5,0.16666666666666666,0
30.0,Travel_Rarely,570.0,Sales,5.0,3.0,Marketing,4.0,Female,30.0,2.0,2.0,Sales Executive,3.0,Divorced,6118.0,5431.0,1.0,No,13.0,3.0,3.0,3.0,10.0,2.0,3.0,10.0,9.0,1.0,2.0,3059.0,1.0,0.9,0.2,0.1,0
29.0,Travel_Rarely,468.0,Research & Development,28.0,4.0,Medical,4.0,Female,73.0,2.0,1.0,Research Scientist,1.0,Single,3785.0,8489.0,1.0,No,14.0,3.0,2.0,0.0,5.0,3.0,1.0,5.0,4.0,0.0,4.0,3785.0,1.0,0.8,0.8,0.0,0
49.0,Travel_Rarely,809.0,Research & Development,1.0,3.0,Life Sciences,3.0,Male,36.0,3.0,4.0,Manager,3.0,Single,15379.0,22384.0,4.0,No,14.0,3.0,1.0,0.0,23.0,2.0,3.0,8.0,7.0,0.0,0.0,3844.75,0.34782608695652173,0.875,0.0,0.0,0
29.0,Travel_Rarely,906.0,Research & Development,10.0,3.0,Life Sciences,4.0,Female,92.0,2.0,1.0,Research Scientist,1.0,Single,2404.0,11479.0,6.0,Yes,20.0,4.0,3.0,0.0,3.0,5.0,3.0,0.0,0.0,0.0,0.0,2404.0,0.0,0.0,0.0,0.0,1
34.0,Travel_Rarely,1400.0,Sales,9.0,1.0,Life Sciences,2.0,Female,70.0,3.0,2.0,Sales Executive,3.0,Married,5714.0,5829.0,1.0,No,20.0,4.0,1.0,0.0,6.0,3.0,2.0,6.0,5.0,1.0,3.0,2857.0,1.0,0.8333333333333334,0.5,0.16666666666666666,0
50.0,Travel_Rarely,813.0,Research & Development,17.0,5.0,Life Sciences,4.0,Female,50.0,2.0,3.0,Research Director,1.0,Divorced,13269.0,21981.0,5.0,No,15.0,3.0,3.0,3.0,19.0,3.0,3.0,14.0,11.0,1.0,11.0,4423.0,0.7368421052631579,0.7857142857142857,0.7857142857142857,0.07142857142857142,0
33.0,Travel_Rarely,654.0,Research & Development,5.0,3.0,Life Sciences,4.0,Male,34.0,2.0,3.0,Healthcare Representative,4.0,Divorced,7119.0,21214.0,4.0,No,15.0,3.0,3.0,1.0,9.0,2.0,3.0,3.0,2.0,1.0,2.0,2373.0,0.3333333333333333,0.6666666666666666,0.6666666666666666,0.3333333333333333,0
32.0,Travel_Rarely,498.0,Research & Development,3.0,4.0,Medical,3.0,Female,93.0,3.0,2.0,Manufacturing Director,1.0,Married,6725.0,13554.0,1.0,No,12.0,3.0,3.0,1.0,8.0,2.0,4.0,8.0,7.0,6.0,3.0,3362.5,1.0,0.875,0.375,0.75,0
28.0,Travel_Rarely,760.0,Sales,2.0,4.0,Marketing,2.0,Female,81.0,3.0,2.0,Sales Executive,2.0,Married,4779.0,3698.0,1.0,Yes,20.0,4.0,1.0,0.0,8.0,2.0,3.0,8.0,7.0,7.0,5.0,2389.5,1.0,0.875,0.625,0.875,0
38.0,Travel_Rarely,1084.0,Research & Development,29.0,3.0,Technical Degree,4.0,Male,54.0,3.0,2.0,Manufacturing Director,4.0,Married,6261.0,4185.0,3.0,No,18.0,3.0,1.0,1.0,9.0,3.0,1.0,7.0,7.0,1.0,7.0,3130.5,0.7777777777777778,1.0,1.0,0.14285714285714285,0
36.0,Non-Travel,1434.0,Sales,8.0,4.0,Life Sciences,1.0,Male,76.0,2.0,3.0,Sales Executive,1.0,Single,7587.0,14229.0,1.0,No,15.0,3.0,2.0,0.0,10.0,1.0,3.0,10.0,7.0,0.0,9.0,2529.0,1.0,0.7,0.9,0.0,0
40.0,Non-Travel,458.0,Research & Development,16.0,2.0,Life Sciences,3.0,Male,74.0,3.0,1.0,Research Scientist,3.0,Divorced,3544.0,8532.0,9.0,No,16.0,3.0,2.0,1.0,6.0,0.0,3.0,4.0,2.0,0.0,0.0,3544.0,0.6666666666666666,0.5,0.0,0.0,0
32.0,Travel_Frequently,1316.0,Research & Development,2.0,2.0,Life Sciences,4.0,Female,38.0,3.0,2.0,Research Scientist,3.0,Single,4998.0,2338.0,4.0,Yes,14.0,3.0,4.0,0.0,10.0,2.0,3.0,8.0,7.0,0.0,7.0,2499.0,0.8,0.875,0.875,0.0,0
45.0,Travel_Rarely,1448.0,Research & Development,29.0,3.0,Technical Degree,2.0,Male,55.0,3.0,3.0,Manufacturing Director,4.0,Married,9380.0,14720.0,4.0,Yes,18.0,3.0,4.0,2.0,10.0,4.0,4.0,3.0,1.0,1.0,2.0,3126.6666666666665,0.3,0.3333333333333333,0.6666666666666666,0.3333333333333333,0
36.0,Travel_Rarely,884.0,Sales,1.0,4.0,Life Sciences,2.0,Female,73.0,3.0,2.0,Sales Executive,3.0,Single,6815.0,21447.0,6.0,No,13.0,3.0,1.0,0.0,15.0,5.0,3.0,1.0,0.0,0.0,0.0,3407.5,0.06666666666666667,0.0,0.0,0.0,0
48.0,Travel_Frequently,117.0,Research & Development,22.0,3.0,Medical,4.0,Female,58.0,3.0,4.0,Manager,4.0,Divorced,17174.0,2437.0,3.0,No,11.0,3.0,2.0,1.0,24.0,3.0,3.0,22.0,17.0,4.0,7.0,4293.5,0.9166666666666666,0.7727272727272727,0.3181818181818182,0.18181818181818182,0
30.0,Travel_Rarely,1005.0,Research & Development,3.0,3.0,Technical Degree,4.0,Female,88.0,3.0,1.0,Research Scientist,1.0,Single,2657.0,8556.0,5.0,Yes,11.0,3.0,3.0,0.0,8.0,5.0,3.0,5.0,2.0,0.0,4.0,2657.0,0.625,0.4,0.8,0.0,1
33.0,Travel_Rarely,1277.0,Research & Development,15.0,1.0,Medical,2.0,Male,56.0,3.0,3.0,Manager,3.0,Married,13610.0,24619.0,7.0,Yes,12.0,3.0,4.0,0.0,15.0,2.0,4.0,7.0,6.0,7.0,7.0,4536.666666666667,0.4666666666666667,0.8571428571428571,1.0,1.0,1
50.0,Travel_Frequently,1115.0,Research & Development,1.0,3.0,Life Sciences,1.0,Female,73.0,3.0,5.0,Research Director,2.0,Married,18172.0,9755.0,3.0,Yes,19.0,3.0,1.0,0.0,28.0,1.0,2.0,8.0,3.0,0.0,7.0,3634.4,0.2857142857142857,0.375,0.875,0.0,0
42.0,Travel_Rarely,647.0,Sales,4.0,4.0,Marketing,2.0,Male,45.0,3.0,2.0,Sales Executive,1.0,Single,5155.0,2253.0,7.0,No,13.0,3.0,4.0,0.0,9.0,3.0,4.0,6.0,4.0,1.0,5.0,2577.5,0.6666666666666666,0.6666666666666666,0.8333333333333334,0.16666666666666666,0
31.0,Travel_Frequently,715.0,Sales,2.0,4.0,Other,4.0,Male,54.0,3.0,2.0,Sales Executive,1.0,Single,5332.0,21602.0,7.0,No,13.0,3.0,4.0,0.0,10.0,3.0,3.0,5.0,2.0,0.0,3.0,2666.0,0.5,0.4,0.6,0.0,0
44.0,Travel_Rarely,200.0,Research & Development,29.0,4.0,Other,4.0,Male,32.0,3.0,2.0,Research Scientist,4.0,Single,4541.0,7744.0,1.0,No,25.0,4.0,2.0,0.0,20.0,3.0,3.0,20.0,11.0,13.0,17.0,2270.5,1.0,0.55,0.85,0.65,0
38.0,Travel_Rarely,1495.0,Research & Development,4.0,2.0,Medical,4.0,Female,87.0,3.0,1.0,Laboratory Technician,3.0,Married,3306.0,26176.0,7.0,No,19.0,3.0,4.0,1.0,7.0,5.0,2.0,0.0,0.0,0.0,0.0,3306.0,0.0,0.0,0.0,0.0,0
24.0,Travel_Rarely,691.0,Research & Development,23.0,3.0,Medical,2.0,Male,89.0,4.0,1.0,Research Scientist,4.0,Married,2725.0,21630.0,1.0,Yes,11.0,3.0,2.0,2.0,6.0,3.0,3.0,6.0,5.0,1.0,4.0,2725.0,1.0,0.8333333333333334,0.6666666666666666,0.16666666666666666,0
37.0,Travel_Rarely,799.0,Research & Development,1.0,3.0,Technical Degree,2.0,Female,59.0,3.0,3.0,Manufacturing Director,4.0,Single,7491.0,23848.0,4.0,No,17.0,3.0,4.0,0.0,12.0,3.0,4.0,6.0,5.0,1.0,2.0,2497.0,0.5,0.8333333333333334,0.3333333333333333,0.16666666666666666,0
35.0,Travel_Rarely,992.0,Research & Development,1.0,3.0,Medical,4.0,Male,68.0,2.0,1.0,Laboratory Technician,1.0,Single,2450.0,21731.0,1.0,No,19.0,3.0,2.0,0.0,3.0,3.0,3.0,3.0,0.0,1.0,2.0,2450.0,1.0,0.0,0.6666666666666666,0.3333333333333333,0
55.0,Travel_Rarely,725.0,Research & Development,2.0,3.0,Medical,4.0,Male,78.0,3.0,5.0,Manager,1.0,Married,19859.0,21199.0,5.0,Yes,13.0,3.0,4.0,1.0,24.0,2.0,3.0,5.0,2.0,1.0,4.0,3971.8,0.20833333333333334,0.4,0.8,0.2,1
40.0,Travel_Rarely,1124.0,Sales,1.0,2.0,Medical,2.0,Male,57.0,1.0,2.0,Sales Executive,4.0,Married,7457.0,13273.0,2.0,Yes,22.0,4.0,3.0,3.0,6.0,2.0,2.0,4.0,3.0,0.0,2.0,3728.5,0.6666666666666666,0.75,0.5,0.0,0
42.0,Travel_Rarely,622.0,Research & Development,2.0,4.0,Life Sciences,3.0,Female,81.0,3.0,2.0,Healthcare Representative,4.0,Married,4089.0,5718.0,1.0,No,13.0,3.0,2.0,2.0,10.0,4.0,3.0,10.0,2.0,2.0,2.0,2044.5,1.0,0.2,0.2,0.2,0
49.0,Travel_Rarely,1091.0,Research & Development,1.0,2.0,Technical Degree,3.0,Female,90.0,2.0,4.0,Healthcare Representative,3.0,Single,13964.0,17810.0,7.0,Yes,12.0,3.0,4.0,0.0,25.0,2.0,3.0,7.0,1.0,0.0,7.0,3491.0,0.28,0.14285714285714285,1.0,0.0,0
33.0,Travel_Rarely,217.0,Sales,10.0,4.0,Marketing,2.0,Male,43.0,3.0,2.0,Sales Executive,3.0,Single,5487.0,10410.0,1.0,No,14.0,3.0,2.0,0.0,10.0,2.0,2.0,10.0,4.0,0.0,9.0,2743.5,1.0,0.4,0.9,0.0,0
44.0,Non-Travel,381.0,Research & Development,24.0,3.0,Medical,1.0,Male,49.0,1.0,1.0,Laboratory Technician,3.0,Single,3708.0,2104.0,2.0,No,14.0,3.0,3.0,0.0,9.0,5.0,3.0,5.0,2.0,1.0,4.0,3708.0,0.5555555555555556,0.4,0.8,0.2,0
47.0,Travel_Frequently,1379.0,Research & Development,16.0,4.0,Medical,3.0,Male,64.0,4.0,2.0,Manufacturing Director,3.0,Divorced,5067.0,6759.0,1.0,Yes,19.0,3.0,3.0,0.0,20.0,3.0,4.0,19.0,10.0,2.0,7.0,2533.5,0.95,0.5263157894736842,0.3684210526315789,0.10526315789473684,0
21.0,Travel_Rarely,1427.0,Research & Development,18.0,1.0,Other,4.0,Female,65.0,3.0,1.0,Research Scientist,4.0,Single,2693.0,8870.0,1.0,No,19.0,3.0,1.0,0.0,1.0,3.0,2.0,1.0,0.0,0.0,0.0,2693.0,1.0,0.0,0.0,0.0,1
27.0,Travel_Rarely,511.0,Sales,2.0,2.0,Medical,1.0,Female,89.0,4.0,2.0,Sales Executive,3.0,Single,6500.0,26997.0,0.0,No,14.0,3.0,2.0,0.0,9.0,5.0,2.0,8.0,7.0,0.0,7.0,3250.0,0.8888888888888888,0.875,0.875,0.0,0
26.0,Travel_Rarely,991.0,Research & Development,6.0,3.0,Life Sciences,3.0,Female,71.0,3.0,1.0,Laboratory Technician,4.0,Married,2659.0,17759.0,1.0,Yes,13.0,3.0,3.0,1.0,3.0,2.0,3.0,3.0,2.0,0.0,2.0,2659.0,1.0,0.6666666666666666,0.6666666666666666,0.0,0
32.0,Non-Travel,1200.0,Research & Development,1.0,4.0,Technical Degree,4.0,Male,62.0,3.0,2.0,Research Scientist,1.0,Married,4087.0,25174.0,4.0,No,14.0,3.0,2.0,1.0,9.0,3.0,2.0,6.0,5.0,1.0,2.0,2043.5,0.6666666666666666,0.8333333333333334,0.3333333333333333,0.16666666666666666,0
50.0,Travel_Frequently,1234.0,Research & Development,20.0,5.0,Medical,2.0,Male,41.0,3.0,4.0,Healthcare Representative,3.0,Married,11245.0,20689.0,2.0,Yes,15.0,3.0,3.0,1.0,32.0,3.0,3.0,30.0,8.0,12.0,13.0,2811.25,0.9375,0.26666666666666666,0.43333333333333335,0.4,0
36.0,Travel_Rarely,530.0,Sales,2.0,4.0,Life Sciences,3.0,Female,51.0,3.0,2.0,Sales Representative,4.0,Single,4502.0,7439.0,3.0,No,15.0,3.0,3.0,0.0,17.0,2.0,2.0,13.0,7.0,6.0,7.0,2251.0,0.7647058823529411,0.5384615384615384,0.5384615384615384,0.46153846153846156,0
46.0,Travel_Rarely,991.0,Human Resources,1.0,2.0,Life Sciences,4.0,Female,44.0,3.0,1.0,Human Resources,1.0,Single,3423.0,22957.0,6.0,No,12.0,3.0,3.0,0.0,10.0,3.0,4.0,7.0,6.0,5.0,7.0,3423.0,0.7,0.8571428571428571,1.0,0.7142857142857143,0
36.0,Travel_Rarely,938.0,Research & Development,2.0,4.0,Medical,3.0,Male,79.0,3.0,1.0,Laboratory Technician,3.0,Single,2519.0,12287.0,4.0,No,21.0,4.0,3.0,0.0,16.0,6.0,3.0,11.0,8.0,3.0,9.0,2519.0,0.6875,0.7272727272727273,0.8181818181818182,0.2727272727272727,0
28.0,Travel_Rarely,1083.0,Research & Development,29.0,1.0,Life Sciences,3.0,Male,96.0,1.0,2.0,Manufacturing Director,2.0,Married,6549.0,3173.0,1.0,No,14.0,3.0,2.0,2.0,8.0,2.0,2.0,8.0,6.0,1.0,7.0,3274.5,1.0,0.75,0.875,0.125,0
52.0,Travel_Rarely,994.0,Research & Development,7.0,4.0,Life Sciences,2.0,Male,87.0,3.0,3.0,Healthcare Representative,2.0,Single,10445.0,15322.0,7.0,No,19.0,3.0,4.0,0.0,18.0,4.0,3.0,8.0,6.0,4.0,0.0,3481.6666666666665,0.4444444444444444,0.75,0.0,0.5,0
36.0,Travel_Rarely,188.0,Research & Development,7.0,4.0,Other,2.0,Male,65.0,3.0,1.0,Research Scientist,4.0,Single,4678.0,23293.0,2.0,No,18.0,3.0,3.0,0.0,8.0,6.0,3.0,6.0,2.0,0.0,1.0,4678.0,0.75,0.3333333333333333,0.16666666666666666,0.0,0
20.0,Travel_Rarely,500.0,Sales,2.0,3.0,Medical,3.0,Female,49.0,2.0,1.0,Sales Representative,3.0,Single,2044.0,22052.0,1.0,No,13.0,3.0,4.0,0.0,2.0,3.0,2.0,2.0,2.0,0.0,2.0,2044.0,1.0,1.0,1.0,0.0,1
27.0,Travel_Frequently,1337.0,Human Resources,22.0,3.0,Human Resources,1.0,Female,58.0,2.0,1.0,Human Resources,2.0,Married,2863.0,19555.0,1.0,No,12.0,3.0,1.0,0.0,1.0,2.0,3.0,1.0,0.0,0.0,0.0,2863.0,1.0,0.0,0.0,0.0,1
40.0,Travel_Rarely,1171.0,Research & Development,10.0,4.0,Life Sciences,4.0,Female,46.0,4.0,1.0,Laboratory Technician,3.0,Married,2213.0,22495.0,3.0,Yes,13.0,3.0,3.0,1.0,10.0,3.0,3.0,7.0,7.0,1.0,7.0,2213.0,0.7,1.0,1.0,0.14285714285714285,0
30.0,Travel_Rarely,1138.0,Research & Development,6.0,3.0,Technical Degree,1.0,Female,48.0,2.0,2.0,Laboratory Technician,4.0,Married,4627.0,23631.0,0.0,No,12.0,3.0,1.0,1.0,10.0,6.0,3.0,9.0,2.0,6.0,7.0,2313.5,0.9,0.2222222222222222,0.7777777777777778,0.6666666666666666,0
19.0,Travel_Rarely,489.0,Human Resources,2.0,2.0,Technical Degree,1.0,Male,52.0,2.0,1.0,Human Resources,4.0,Single,2564.0,18437.0,1.0,No,12.0,3.0,3.0,0.0,1.0,3.0,4.0,1.0,0.0,0.0,0.0,2564.0,1.0,0.0,0.0,0.0,1
36.0,Travel_Rarely,1403.0,Research & Development,6.0,3.0,Life Sciences,4.0,Male,47.0,3.0,1.0,Laboratory Technician,4.0,Married,3210.0,20251.0,0.0,No,11.0,3.0,3.0,1.0,16.0,4.0,3.0,15.0,13.0,10.0,11.0,3210.0,0.9375,0.8666666666666667,0.7333333333333333,0.6666666666666666,0
30.0,Travel_Rarely,1288.0,Sales,29.0,4.0,Technical Degree,3.0,Male,33.0,3.0,3.0,Sales Executive,2.0,Married,9250.0,17799.0,3.0,No,12.0,3.0,2.0,1.0,9.0,3.0,3.0,4.0,2.0,1.0,3.0,3083.3333333333335,0.4444444444444444,0.5,0.75,0.25,0
30.0,Non-Travel,990.0,Research & Development,7.0,3.0,Technical Degree,3.0,Male,64.0,3.0,1.0,Research Scientist,3.0,Divorced,1274.0,7152.0,1.0,No,13.0,3.0,2.0,2.0,1.0,2.0,2.0,1.0,0.0,0.0,0.0,1274.0,1.0,0.0,0.0,0.0,0
58.0,Travel_Rarely,605.0,Sales,21.0,3.0,Life Sciences,4.0,Female,72.0,3.0,4.0,Manager,4.0,Married,17875.0,11761.0,4.0,Yes,13.0,3.0,3.0,1.0,29.0,2.0,2.0,1.0,0.0,0.0,0.0,4468.75,0.034482758620689655,0.0,0.0,0.0,0
40.0,Non-Travel,218.0,Research & Development,8.0,1.0,Medical,4.0,Male,55.0,2.0,3.0,Research Director,2.0,Divorced,13757.0,25178.0,2.0,No,11.0,3.0,3.0,1.0,16.0,5.0,3.0,9.0,8.0,4.0,8.0,4585.666666666667,0.5625,0.8888888888888888,0.8888888888888888,0.4444444444444444,0
49.0,Travel_Rarely,1418.0,Research & Development,1.0,3.0,Technical Degree,3.0,Female,36.0,3.0,1.0,Research Scientist,1.0,Married,3580.0,10554.0,2.0,No,16.0,3.0,2.0,1.0,7.0,2.0,3.0,4.0,2.0,0.0,2.0,3580.0,0.5714285714285714,0.5,0.5,0.0,0
29.0,Travel_Rarely,738.0,Research & Development,9.0,5.0,Other,2.0,Male,30.0,2.0,1.0,Laboratory Technician,4.0,Single,3983.0,7621.0,0.0,No,17.0,3.0,3.0,0.0,4.0,2.0,3.0,3.0,2.0,2.0,2.0,3983.0,0.75,0.6666666666666666,0.6666666666666666,0.6666666666666666,0
25.0,Travel_Rarely,977.0,Research & Development,2.0,1.0,Other,4.0,Male,57.0,3.0,1.0,Laboratory Technician,3.0,Divorced,3977.0,7298.0,6.0,Yes,19.0,3.0,3.0,1.0,7.0,2.0,2.0,2.0,2.0,0.0,2.0,3977.0,0.2857142857142857,1.0,1.0,0.0,0
30.0,Travel_Rarely,1082.0,Sales,12.0,3.0,Technical Degree,2.0,Female,83.0,3.0,2.0,Sales Executive,3.0,Single,6577.0,19558.0,0.0,No,11.0,3.0,2.0,0.0,6.0,6.0,3.0,5.0,4.0,4.0,4.0,3288.5,0.8333333333333334,0.8,0.8,0.8,0
49.0,Travel_Rarely,722.0,Research & Development,25.0,4.0,Life Sciences,3.0,Female,84.0,3.0,1.0,Laboratory Technician,1.0,Married,3211.0,22102.0,1.0,No,14.0,3.0,4.0,1.0,10.0,3.0,2.0,9.0,6.0,1.0,4.0,3211.0,0.9,0.6666666666666666,0.4444444444444444,0.1111111111111111,0
34.0,Travel_Rarely,131.0,Sales,2.0,3.0,Marketing,3.0,Female,86.0,3.0,2.0,Sales Executive,1.0,Single,4538.0,6039.0,0.0,Yes,12.0,3.0,4.0,0.0,4.0,3.0,3.0,3.0,2.0,0.0,2.0,2269.0,0.75,0.6666666666666666,0.6666666666666666,0.0,0
40.0,Non-Travel,663.0,Research & Development,9.0,4.0,Other,3.0,Male,81.0,3.0,2.0,Laboratory Technician,3.0,Divorced,3975.0,23099.0,3.0,No,11.0,3.0,3.0,2.0,11.0,2.0,4.0,8.0,7.0,0.0,7.0,1987.5,0.7272727272727273,0.875,0.875,0.0,0
25.0,Non-Travel,675.0,Research & Development,5.0,2.0,Life Sciences,2.0,Male,85.0,4.0,2.0,Healthcare Representative,1.0,Divorced,4000.0,18384.0,1.0,No,12.0,3.0,4.0,2.0,6.0,2.0,3.0,6.0,3.0,1.0,5.0,2000.0,1.0,0.5,0.8333333333333334,0.16666666666666666,0
51.0,Travel_Rarely,1323.0,Research & Development,4.0,4.0,Life Sciences,1.0,Male,34.0,3.0,1.0,Research Scientist,3.0,Married,2461.0,10332.0,9.0,Yes,12.0,3.0,3.0,3.0,18.0,2.0,4.0,10.0,0.0,2.0,7.0,2461.0,0.5555555555555556,0.0,0.7,0.2,1
41.0,Travel_Rarely,802.0,Sales,9.0,1.0,Life Sciences,3.0,Male,96.0,3.0,3.0,Sales Executive,3.0,Divorced,8189.0,21196.0,3.0,Yes,13.0,3.0,3.0,1.0,12.0,2.0,3.0,9.0,7.0,0.0,7.0,2729.6666666666665,0.75,0.7777777777777778,0.7777777777777778,0.0,0
41.0,Travel_Rarely,1411.0,Research & Development,19.0,2.0,Life Sciences,3.0,Male,36.0,3.0,2.0,Research Scientist,1.0,Divorced,3072.0,19877.0,2.0,No,16.0,3.0,1.0,2.0,17.0,2.0,2.0,1.0,0.0,0.0,0.0,1536.0,0.058823529411764705,0.0,0.0,0.0,0
34.0,Travel_Rarely,419.0,Research & Development,7.0,4.0,Life Sciences,1.0,Female,53.0,3.0,3.0,Research Director,2.0,Single,11994.0,21293.0,0.0,No,11.0,3.0,3.0,0.0,13.0,4.0,3.0,12.0,6.0,2.0,11.0,3998.0,0.9230769230769231,0.5,0.9166666666666666,0.16666666666666666,0
54.0,Travel_Rarely,821.0,Research & Development,5.0,2.0,Medical,1.0,Male,86.0,3.0,5.0,Research Director,1.0,Married,19406.0,8509.0,4.0,No,11.0,3.0,3.0,1.0,24.0,4.0,2.0,4.0,2.0,1.0,2.0,3881.2,0.16666666666666666,0.5,0.5,0.25,0
18.0,Travel_Frequently,544.0,Sales,3.0,2.0,Medical,2.0,Female,70.0,3.0,1.0,Sales Representative,4.0,Single,1569.0,18420.0,1.0,Yes,12.0,3.0,3.0,0.0,0.0,2.0,4.0,0.0,0.0,0.0,0.0,1569.0,0.0,0.0,0.0,0.0,1
55.0,Non-Travel,177.0,Research & Development,8.0,1.0,Medical,4.0,Male,37.0,2.0,4.0,Healthcare Representative,2.0,Divorced,13577.0,25592.0,1.0,Yes,15.0,3.0,4.0,1.0,34.0,3.0,3.0,33.0,9.0,15.0,0.0,3394.25,0.9705882352941176,0.2727272727272727,0.0,0.45454545454545453,0
35.0,Travel_Frequently,1199.0,Research & Development,18.0,4.0,Life Sciences,3.0,Male,80.0,3.0,2.0,Healthcare Representative,3.0,Married,5689.0,24594.0,1.0,Yes,14.0,3.0,4.0,2.0,10.0,2.0,4.0,10.0,2.0,0.0,2.0,2844.5,1.0,0.2,0.2,0.0,0
40.0,Travel_Rarely,616.0,Research & Development,2.0,2.0,Life Sciences,3.0,Female,99.0,3.0,1.0,Laboratory Technician,1.0,Married,3377.0,25605.0,4.0,No,17.0,3.0,4.0,1.0,7.0,5.0,2.0,4.0,3.0,0.0,2.0,3377.0,0.5714285714285714,0.75,0.5,0.0,0
21.0,Travel_Frequently,756.0,Sales,1.0,1.0,Technical Degree,1.0,Female,99.0,2.0,1.0,Sales Representative,2.0,Single,2174.0,9150.0,1.0,Yes,11.0,3.0,3.0,0.0,3.0,3.0,3.0,3.0,2.0,1.0,2.0,2174.0,1.0,0.6666666666666666,0.6666666666666666,0.3333333333333333,1
46.0,Travel_Rarely,228.0,Sales,3.0,3.0,Life Sciences,3.0,Female,51.0,3.0,4.0,Manager,2.0,Married,16606.0,11380.0,8.0,No,12.0,3.0,4.0,1.0,23.0,2.0,4.0,13.0,12.0,5.0,1.0,4151.5,0.5652173913043478,0.9230769230769231,0.07692307692307693,0.38461538461538464,0
29.0,Travel_Rarely,1396.0,Sales,10.0,3.0,Life Sciences,3.0,Male,99.0,3.0,1.0,Sales Representative,3.0,Single,2642.0,2755.0,1.0,No,11.0,3.0,3.0,0.0,1.0,6.0,3.0,1.0,0.0,0.0,0.0,2642.0,1.0,0.0,0.0,0.0,0
32.0,Travel_Rarely,1093.0,Sales,6.0,4.0,Medical,2.0,Male,87.0,3.0,2.0,Sales Executive,3.0,Single,5010.0,24301.0,1.0,No,16.0,3.0,1.0,0.0,12.0,0.0,3.0,11.0,8.0,5.0,7.0,2505.0,0.9166666666666666,0.7272727272727273,0.6363636363636364,0.45454545454545453,0
33.0,Travel_Rarely,832.0,Research & Development,5.0,4.0,Life Sciences,3.0,Female,63.0,2.0,1.0,Research Scientist,4.0,Married,2911.0,14776.0,1.0,No,13.0,3.0,3.0,1.0,2.0,2.0,2.0,2.0,2.0,0.0,2.0,2911.0,1.0,1.0,1.0,0.0,0
43.0,Travel_Frequently,1001.0,Research & Development,9.0,5.0,Medical,4.0,Male,72.0,3.0,2.0,Laboratory Technician,3.0,Divorced,5679.0,19627.0,3.0,Yes,13.0,3.0,2.0,1.0,10.0,3.0,3.0,8.0,7.0,4.0,7.0,2839.5,0.8,0.875,0.875,0.5,0
28.0,Travel_Frequently,783.0,Sales,1.0,2.0,Life Sciences,3.0,Male,42.0,2.0,2.0,Sales Executive,4.0,Married,6834.0,19255.0,1.0,Yes,12.0,3.0,3.0,1.0,7.0,2.0,3.0,7.0,7.0,0.0,7.0,3417.0,1.0,1.0,1.0,0.0,0
35.0,Travel_Rarely,104.0,Research & Development,2.0,3.0,Life Sciences,1.0,Female,69.0,3.0,1.0,Laboratory Technician,1.0,Divorced,2074.0,26619.0,1.0,Yes,12.0,3.0,4.0,1.0,1.0,2.0,3.0,1.0,0.0,0.0,0.0,2074.0,1.0,0.0,0.0,0.0,1
45.0,Travel_Rarely,1015.0,Research & Development,5.0,5.0,Medical,3.0,Female,50.0,1.0,2.0,Laboratory Technician,1.0,Single,5769.0,23447.0,1.0,Yes,14.0,3.0,1.0,0.0,10.0,3.0,3.0,10.0,7.0,1.0,4.0,2884.5,1.0,0.7,0.4,0.1,0
45.0,Travel_Rarely,954.0,Sales,2.0,2.0,Technical Degree,2.0,Male,46.0,1.0,2.0,Sales Representative,3.0,Single,6632.0,12388.0,0.0,No,13.0,3.0,1.0,0.0,9.0,3.0,3.0,8.0,7.0,3.0,1.0,3316.0,0.8888888888888888,0.875,0.125,0.375,0
37.0,Travel_Rarely,228.0,Sales,6.0,4.0,Medical,3.0,Male,98.0,3.0,2.0,Sales Executive,4.0,Married,6502.0,22825.0,4.0,No,14.0,3.0,2.0,1.0,7.0,5.0,4.0,5.0,4.0,0.0,1.0,3251.0,0.7142857142857143,0.8,0.2,0.0,0
49.0,Travel_Rarely,470.0,Research & Development,20.0,4.0,Medical,3.0,Female,96.0,3.0,2.0,Manufacturing Director,1.0,Married,6567.0,5549.0,1.0,No,14.0,3.0,3.0,0.0,16.0,2.0,2.0,15.0,11.0,5.0,11.0,3283.5,0.9375,0.7333333333333333,0.7333333333333333,0.3333333333333333,0
38.0,Travel_Rarely,833.0,Research & Development,18.0,3.0,Medical,2.0,Male,60.0,1.0,2.0,Healthcare Representative,4.0,Married,5811.0,24539.0,3.0,Yes,16.0,3.0,3.0,1.0,15.0,2.0,3.0,1.0,0.0,1.0,0.0,2905.5,0.06666666666666667,0.0,0.0,1.0,0
59.0,Travel_Rarely,1089.0,Sales,1.0,2.0,Technical Degree,2.0,Male,66.0,3.0,3.0,Manager,4.0,Married,11904.0,11038.0,3.0,Yes,14.0,3.0,3.0,1.0,14.0,1.0,1.0,6.0,4.0,0.0,4.0,3968.0,0.42857142857142855,0.6666666666666666,0.6666666666666666,0.0,0
27.0,Travel_Rarely,1055.0,Research & Development,2.0,4.0,Life Sciences,1.0,Female,47.0,3.0,2.0,Manufacturing Director,4.0,Married,4227.0,4658.0,0.0,No,18.0,3.0,2.0,1.0,4.0,2.0,3.0,3.0,2.0,2.0,2.0,2113.5,0.75,0.6666666666666666,0.6666666666666666,0.6666666666666666,0
25.0,Travel_Rarely,180.0,Research & Development,2.0,1.0,Medical,1.0,Male,65.0,4.0,1.0,Research Scientist,1.0,Single,3424.0,21632.0,7.0,No,13.0,3.0,3.0,0.0,6.0,3.0,2.0,4.0,3.0,0.0,1.0,3424.0,0.6666666666666666,0.75,0.25,0.0,0
28.0,Travel_Rarely,1179.0,Research & Development,19.0,4.0,Medical,4.0,Male,78.0,2.0,1.0,Laboratory Technician,1.0,Married,3196.0,12449.0,1.0,No,12.0,3.0,3.0,3.0,6.0,2.0,3.0,6.0,5.0,3.0,3.0,3196.0,1.0,0.8333333333333334,0.5,0.5,0
28.0,Travel_Rarely,103.0,Research & Development,24.0,3.0,Life Sciences,3.0,Male,50.0,2.0,1.0,Laboratory Technician,3.0,Single,2028.0,12947.0,5.0,Yes,14.0,3.0,2.0,0.0,6.0,4.0,3.0,4.0,2.0,0.0,3.0,2028.0,0.6666666666666666,0.5,0.75,0.0,1
29.0,Travel_Frequently,115.0,Sales,13.0,3.0,Technical Degree,1.0,Female,51.0,3.0,2.0,Sales Executive,2.0,Single,5765.0,17485.0,5.0,No,11.0,3.0,1.0,0.0,7.0,4.0,1.0,5.0,3.0,0.0,0.0,2882.5,0.7142857142857143,0.6,0.0,0.0,1
30.0,Travel_Frequently,464.0,Research & Development,4.0,3.0,Technical Degree,3.0,Male,40.0,3.0,1.0,Research Scientist,4.0,Single,2285.0,3427.0,9.0,Yes,23.0,4.0,3.0,0.0,3.0,4.0,3.0,1.0,0.0,0.0,0.0,2285.0,0.3333333333333333,0.0,0.0,0.0,1
21.0,Travel_Rarely,501.0,Sales,5.0,1.0,Medical,3.0,Male,58.0,3.0,1.0,Sales Representative,1.0,Single,2380.0,25479.0,1.0,Yes,11.0,3.0,4.0,0.0,2.0,6.0,3.0,2.0,2.0,1.0,2.0,2380.0,1.0,1.0,1.0,0.5,0
42.0,Travel_Frequently,570.0,Research & Development,8.0,3.0,Life Sciences,2.0,Male,66.0,3.0,5.0,Manager,4.0,Divorced,18430.0,16225.0,1.0,No,13.0,3.0,2.0,1.0,24.0,4.0,2.0,24.0,7.0,14.0,9.0,3686.0,1.0,0.2916666666666667,0.375,0.5833333333333334,0
30.0,Travel_Frequently,334.0,Sales,26.0,4.0,Marketing,3.0,Female,52.0,2.0,2.0,Sales Executive,1.0,Single,6696.0,22967.0,5.0,No,15.0,3.0,3.0,0.0,9.0,5.0,2.0,6.0,3.0,0.0,1.0,3348.0,0.6666666666666666,0.5,0.16666666666666666,0.0,1
39.0,Travel_Rarely,835.0,Research & Development,19.0,4.0,Other,4.0,Male,41.0,3.0,2.0,Research Scientist,4.0,Divorced,3902.0,5141.0,8.0,No,14.0,3.0,2.0,3.0,7.0,2.0,3.0,2.0,2.0,2.0,2.0,1951.0,0.2857142857142857,1.0,1.0,1.0,0
34.0,Travel_Frequently,560.0,Research & Development,1.0,4.0,Other,4.0,Male,91.0,3.0,1.0,Research Scientist,1.0,Divorced,2996.0,20284.0,5.0,No,14.0,3.0,3.0,2.0,10.0,2.0,3.0,4.0,3.0,1.0,3.0,2996.0,0.4,0.75,0.75,0.25,0
45.0,Travel_Frequently,1297.0,Research & Development,1.0,4.0,Medical,2.0,Male,44.0,3.0,2.0,Healthcare Representative,3.0,Single,5399.0,14511.0,4.0,No,12.0,3.0,3.0,0.0,12.0,3.0,3.0,4.0,2.0,0.0,3.0,2699.5,0.3333333333333333,0.5,0.75,0.0,0
42.0,Travel_Frequently,1474.0,Research & Development,5.0,2.0,Other,2.0,Male,97.0,3.0,1.0,Laboratory Technician,3.0,Married,2093.0,9260.0,4.0,No,17.0,3.0,4.0,1.0,8.0,4.0,3.0,2.0,2.0,2.0,0.0,2093.0,0.25,1.0,0.0,1.0,0
35.0,Travel_Rarely,890.0,Sales,2.0,3.0,Marketing,4.0,Female,97.0,3.0,1.0,Sales Representative,4.0,Married,2014.0,9687.0,1.0,No,13.0,3.0,1.0,0.0,2.0,3.0,3.0,2.0,2.0,2.0,2.0,2014.0,1.0,1.0,1.0,1.0,0
49.0,Travel_Rarely,1261.0,Research & Development,7.0,3.0,Other,2.0,Male,31.0,2.0,3.0,Healthcare Representative,3.0,Single,10965.0,12066.0,8.0,No,24.0,4.0,3.0,0.0,26.0,2.0,3.0,5.0,2.0,0.0,0.0,3655.0,0.19230769230769232,0.4,0.0,0.0,0
40.0,Travel_Rarely,1194.0,Research & Development,2.0,4.0,Medical,3.0,Female,98.0,3.0,1.0,Research Scientist,3.0,Married,2001.0,12549.0,2.0,No,14.0,3.0,2.0,3.0,20.0,2.0,3.0,5.0,3.0,0.0,2.0,2001.0,0.25,0.6,0.4,0.0,0
39.0,Travel_Frequently,945.0,Research & Development,22.0,3.0,Medical,4.0,Female,82.0,3.0,3.0,Manufacturing Director,1.0,Single,10880.0,5083.0,1.0,Yes,13.0,3.0,3.0,0.0,21.0,2.0,3.0,21.0,6.0,2.0,8.0,3626.6666666666665,1.0,0.2857142857142857,0.38095238095238093,0.09523809523809523,0
47.0,Travel_Rarely,1454.0,Sales,2.0,4.0,Life Sciences,4.0,Female,65.0,2.0,1.0,Sales Representative,4.0,Single,3294.0,13137.0,1.0,Yes,18.0,3.0,1.0,0.0,3.0,3.0,2.0,3.0,2.0,1.0,2.0,3294.0,1.0,0.6666666666666666,0.6666666666666666,0.3333333333333333,0
27.0,Travel_Rarely,1469.0,Research & Development,1.0,2.0,Medical,4.0,Male,82.0,3.0,1.0,Laboratory Technician,2.0,Divorced,3816.0,17881.0,1.0,No,11.0,3.0,2.0,1.0,5.0,2.0,3.0,5.0,2.0,0.0,4.0,3816.0,1.0,0.4,0.8,0.0,0
43.0,Travel_Rarely,782.0,Research & Development,6.0,4.0,Other,2.0,Male,50.0,2.0,4.0,Research Director,4.0,Divorced,16627.0,2671.0,4.0,Yes,14.0,3.0,3.0,1.0,21.0,3.0,2.0,1.0,0.0,0.0,0.0,4156.75,0.047619047619047616,0.0,0.0,0.0,0
22.0,Travel_Rarely,534.0,Research & Development,15.0,3.0,Medical,2.0,Female,59.0,3.0,1.0,Laboratory Technician,4.0,Single,2871.0,23785.0,1.0,No,15.0,3.0,3.0,0.0,1.0,5.0,3.0,0.0,0.0,0.0,0.0,2871.0,0.0,0.0,0.0,0.0,0
25.0,Travel_Rarely,240.0,Sales,5.0,3.0,Marketing,3.0,Male,46.0,2.0,2.0,Sales Executive,3.0,Single,5744.0,26959.0,1.0,Yes,11.0,3.0,4.0,0.0,6.0,1.0,3.0,6.0,4.0,0.0,3.0,2872.0,1.0,0.6666666666666666,0.5,0.0,1
32.0,Travel_Rarely,1373.0,Research & Development,5.0,4.0,Life Sciences,4.0,Male,56.0,2.0,2.0,Manufacturing Director,4.0,Single,9679.0,10138.0,8.0,No,24.0,4.0,2.0,0.0,8.0,1.0,3.0,1.0,0.0,0.0,0.0,4839.5,0.125,0.0,0.0,0.0,0
35.0,Travel_Frequently,138.0,Research & Development,2.0,3.0,Medical,2.0,Female,37.0,3.0,2.0,Laboratory Technician,2.0,Single,4425.0,15986.0,5.0,No,11.0,3.0,4.0,0.0,10.0,5.0,3.0,6.0,2.0,1.0,2.0,2212.5,0.6,0.3333333333333333,0.3333333333333333,0.16666666666666666,0
32.0,Travel_Rarely,964.0,Sales,1.0,2.0,Life Sciences,1.0,Male,34.0,1.0,2.0,Sales Executive,2.0,Single,6735.0,12147.0,6.0,No,15.0,3.0,2.0,0.0,10.0,2.0,3.0,0.0,0.0,0.0,0.0,3367.5,0.0,0.0,0.0,0.0,1
29.0,Travel_Rarely,341.0,Sales,1.0,3.0,Medical,2.0,Female,48.0,2.0,1.0,Sales Representative,3.0,Divorced,2800.0,23522.0,6.0,Yes,19.0,3.0,3.0,3.0,5.0,3.0,3.0,3.0,2.0,0.0,2.0,2800.0,0.6,0.6666666666666666,0.6666666666666666,0.0,1
32.0,Travel_Rarely,1401.0,Sales,4.0,2.0,Life Sciences,3.0,Female,56.0,3.0,1.0,Sales Representative,2.0,Married,3931.0,20990.0,2.0,No,11.0,3.0,1.0,1.0,6.0,5.0,3.0,4.0,3.0,1.0,2.0,3931.0,0.6666666666666666,0.75,0.5,0.25,0
53.0,Travel_Rarely,1223.0,Research & Development,7.0,2.0,Medical,4.0,Female,50.0,3.0,5.0,Manager,3.0,Divorced,18606.0,18640.0,3.0,No,18.0,3.0,2.0,1.0,26.0,6.0,3.0,7.0,7.0,4.0,7.0,3721.2,0.2692307692307692,1.0,1.0,0.5714285714285714,0
36.0,Travel_Rarely,917.0,Research & Development,6.0,4.0,Life Sciences,3.0,Male,60.0,1.0,1.0,Laboratory Technician,3.0,Divorced,2741.0,6865.0,1.0,No,14.0,3.0,3.0,1.0,7.0,4.0,3.0,7.0,7.0,1.0,7.0,2741.0,1.0,1.0,1.0,0.14285714285714285,0
36.0,Travel_Rarely,913.0,Research & Development,9.0,2.0,Medical,2.0,Male,48.0,2.0,2.0,Manufacturing Director,2.0,Divorced,8847.0,13934.0,2.0,Yes,11.0,3.0,3.0,1.0,13.0,2.0,3.0,3.0,2.0,0.0,2.0,4423.5,0.23076923076923078,0.6666666666666666,0.6666666666666666,0.0,0
31.0,Travel_Rarely,542.0,Sales,20.0,3.0,Life Sciences,2.0,Female,71.0,1.0,2.0,Sales Executive,3.0,Married,4559.0,24788.0,3.0,Yes,11.0,3.0,3.0,1.0,4.0,2.0,3.0,2.0,2.0,2.0,2.0,2279.5,0.5,1.0,1.0,1.0,1
27.0,Non-Travel,210.0,Sales,1.0,1.0,Marketing,3.0,Male,73.0,3.0,2.0,Sales Executive,2.0,Married,6349.0,22107.0,0.0,Yes,13.0,3.0,4.0,1.0,6.0,0.0,3.0,5.0,4.0,1.0,4.0,3174.5,0.8333333333333334,0.8,0.8,0.2,0
27.0,Travel_Frequently,1297.0,Research & Development,5.0,2.0,Life Sciences,4.0,Female,53.0,3.0,1.0,Laboratory Technician,4.0,Single,2379.0,19826.0,0.0,Yes,14.0,3.0,3.0,0.0,6.0,3.0,2.0,5.0,4.0,0.0,2.0,2379.0,0.8333333333333334,0.8,0.4,0.0,0
36.0,Non-Travel,1229.0,Sales,8.0,4.0,Technical Degree,1.0,Male,84.0,3.0,2.0,Sales Executive,4.0,Divorced,5079.0,25952.0,4.0,No,13.0,3.0,4.0,2.0,12.0,3.0,3.0,7.0,7.0,0.0,7.0,2539.5,0.5833333333333334,1.0,1.0,0.0,0
40.0,Travel_Frequently,1469.0,Research & Development,9.0,4.0,Medical,4.0,Male,35.0,3.0,1.0,Research Scientist,2.0,Divorced,3617.0,25063.0,8.0,Yes,14.0,3.0,4.0,1.0,3.0,2.0,3.0,1.0,1.0,0.0,0.0,3617.0,0.3333333333333333,1.0,0.0,0.0,0
45.0,Non-Travel,1195.0,Research & Development,2.0,2.0,Medical,1.0,Male,65.0,2.0,4.0,Manager,4.0,Married,16792.0,20462.0,9.0,No,23.0,4.0,4.0,1.0,22.0,1.0,3.0,20.0,8.0,11.0,8.0,4198.0,0.9090909090909091,0.4,0.4,0.55,0
28.0,Travel_Rarely,895.0,Research & Development,15.0,2.0,Life Sciences,1.0,Male,50.0,3.0,1.0,Laboratory Technician,3.0,Divorced,2207.0,22482.0,1.0,No,16.0,3.0,4.0,1.0,4.0,5.0,2.0,4.0,2.0,2.0,2.0,2207.0,1.0,0.5,0.5,0.5,0
35.0,Non-Travel,1180.0,Research & Development,2.0,2.0,Medical,2.0,Male,90.0,3.0,2.0,Manufacturing Director,4.0,Divorced,5762.0,24442.0,2.0,No,14.0,3.0,3.0,1.0,15.0,6.0,3.0,7.0,7.0,1.0,7.0,2881.0,0.4666666666666667,1.0,1.0,0.14285714285714285,0
30.0,Non-Travel,1400.0,Research & Development,3.0,3.0,Life Sciences,3.0,Male,53.0,3.0,1.0,Laboratory Technician,4.0,Married,2097.0,16734.0,4.0,No,15.0,3.0,3.0,1.0,9.0,3.0,1.0,5.0,3.0,1.0,4.0,2097.0,0.5555555555555556,0.6,0.8,0.2,0
35.0,Travel_Frequently,636.0,Research & Development,4.0,4.0,Other,4.0,Male,47.0,2.0,1.0,Laboratory Technician,4.0,Married,2376.0,26537.0,1.0,No,13.0,3.0,2.0,1.0,2.0,2.0,4.0,2.0,2.0,2.0,2.0,2376.0,1.0,1.0,1.0,1.0,0
41.0,Non-Travel,267.0,Sales,10.0,2.0,Life Sciences,4.0,Male,56.0,3.0,2.0,Sales Executive,4.0,Single,6230.0,13430.0,7.0,No,14.0,3.0,4.0,0.0,16.0,3.0,3.0,14.0,3.0,1.0,10.0,3115.0,0.875,0.21428571428571427,0.7142857142857143,0.07142857142857142,0
21.0,Travel_Rarely,337.0,Sales,7.0,1.0,Marketing,2.0,Male,31.0,3.0,1.0,Sales Representative,2.0,Single,2679.0,4567.0,1.0,No,13.0,3.0,2.0,0.0,1.0,3.0,3.0,1.0,0.0,1.0,0.0,2679.0,1.0,0.0,0.0,1.0,1
58.0,Travel_Rarely,848.0,Research & Development,23.0,4.0,Life Sciences,1.0,Male,88.0,3.0,1.0,Research Scientist,3.0,Divorced,2372.0,26076.0,1.0,No,12.0,3.0,4.0,2.0,2.0,3.0,3.0,2.0,2.0,2.0,2.0,2372.0,1.0,1.0,1.0,1.0,0
45.0,Travel_Rarely,1234.0,Sales,11.0,2.0,Life Sciences,4.0,Female,90.0,3.0,4.0,Manager,4.0,Married,17650.0,5404.0,3.0,No,13.0,3.0,2.0,1.0,26.0,4.0,4.0,9.0,3.0,1.0,1.0,4412.5,0.34615384615384615,0.3333333333333333,0.1111111111111111,0.1111111111111111,0
32.0,Travel_Rarely,1259.0,Research & Development,2.0,4.0,Life Sciences,4.0,Male,95.0,3.0,1.0,Laboratory Technician,2.0,Single,1393.0,24852.0,1.0,No,12.0,3.0,1.0,0.0,1.0,2.0,3.0,1.0,0.0,0.0,0.0,1393.0,1.0,0.0,0.0,0.0,1
26.0,Travel_Rarely,933.0,Sales,1.0,3.0,Life Sciences,3.0,Male,57.0,3.0,2.0,Sales Executive,3.0,Married,5296.0,20156.0,1.0,No,17.0,3.0,2.0,1.0,8.0,3.0,3.0,8.0,7.0,7.0,7.0,2648.0,1.0,0.875,0.875,0.875,0
45.0,Travel_Rarely,193.0,Research & Development,6.0,4.0,Other,4.0,Male,52.0,3.0,3.0,Research Director,1.0,Married,13245.0,15067.0,4.0,Yes,14.0,3.0,2.0,0.0,17.0,3.0,4.0,0.0,0.0,0.0,0.0,4415.0,0.0,0.0,0.0,0.0,0
31.0,Travel_Rarely,182.0,Research & Development,8.0,5.0,Life Sciences,1.0,Female,93.0,3.0,4.0,Research Director,2.0,Single,16422.0,8847.0,3.0,No,11.0,3.0,3.0,0.0,9.0,3.0,4.0,3.0,2.0,1.0,0.0,4105.5,0.3333333333333333,0.6666666666666666,0.0,0.3333333333333333,0
40.0,Travel_Frequently,1184.0,Sales,2.0,4.0,Medical,2.0,Male,62.0,3.0,2.0,Sales Executive,2.0,Married,4327.0,25440.0,5.0,No,12.0,3.0,4.0,3.0,5.0,2.0,3.0,0.0,0.0,0.0,0.0,2163.5,0.0,0.0,0.0,0.0,0
25.0,Travel_Rarely,959.0,Sales,28.0,3.0,Life Sciences,1.0,Male,41.0,2.0,2.0,Sales Executive,3.0,Married,8639.0,24835.0,2.0,No,18.0,3.0,4.0,0.0,6.0,3.0,3.0,2.0,2.0,2.0,2.0,4319.5,0.3333333333333333,1.0,1.0,1.0,0
18.0,Travel_Rarely,812.0,Sales,10.0,3.0,Medical,4.0,Female,69.0,2.0,1.0,Sales Representative,3.0,Single,1200.0,9724.0,1.0,No,12.0,3.0,1.0,0.0,0.0,2.0,3.0,0.0,0.0,0.0,0.0,1200.0,0.0,0.0,0.0,0.0,0
44.0,Non-Travel,981.0,Research & Development,5.0,3.0,Life Sciences,3.0,Male,90.0,2.0,1.0,Laboratory Technician,3.0,Single,3162.0,7973.0,3.0,No,14.0,3.0,4.0,0.0,7.0,5.0,3.0,5.0,2.0,0.0,3.0,3162.0,0.7142857142857143,0.4,0.6,0.0,0
41.0,Travel_Rarely,337.0,Sales,8.0,3.0,Marketing,3.0,Female,54.0,3.0,2.0,Sales Executive,2.0,Married,4393.0,26841.0,5.0,No,21.0,4.0,3.0,1.0,14.0,3.0,3.0,5.0,4.0,1.0,4.0,2196.5,0.35714285714285715,0.8,0.8,0.2,0
28.0,Travel_Rarely,1434.0,Research & Development,5.0,4.0,Technical Degree,3.0,Male,50.0,3.0,1.0,Laboratory Technician,3.0,Single,3441.0,11179.0,1.0,Yes,13.0,3.0,3.0,0.0,2.0,3.0,2.0,2.0,2.0,2.0,2.0,3441.0,1.0,1.0,1.0,1.0,1
43.0,Travel_Rarely,415.0,Sales,25.0,3.0,Medical,3.0,Male,79.0,2.0,3.0,Sales Executive,4.0,Divorced,10798.0,5268.0,5.0,No,13.0,3.0,3.0,1.0,18.0,5.0,3.0,1.0,0.0,0.0,0.0,3599.3333333333335,0.05555555555555555,0.0,0.0,0.0,0
28.0,Travel_Rarely,1476.0,Research & Development,16.0,2.0,Medical,2.0,Male,68.0,4.0,2.0,Healthcare Representative,1.0,Single,5661.0,4824.0,0.0,No,19.0,3.0,3.0,0.0,9.0,2.0,3.0,8.0,3.0,0.0,7.0,2830.5,0.8888888888888888,0.375,0.875,0.0,0
33.0,Travel_Rarely,536.0,Sales,10.0,5.0,Marketing,4.0,Male,82.0,4.0,3.0,Sales Executive,3.0,Divorced,8380.0,21708.0,0.0,Yes,14.0,3.0,4.0,2.0,10.0,3.0,3.0,9.0,8.0,0.0,8.0,2793.3333333333335,0.9,0.8888888888888888,0.8888888888888888,0.0,0
34.0,Travel_Frequently,669.0,Research & Development,1.0,3.0,Medical,4.0,Male,97.0,2.0,2.0,Healthcare Representative,1.0,Single,5343.0,25755.0,0.0,No,20.0,4.0,3.0,0.0,14.0,3.0,3.0,13.0,9.0,4.0,9.0,2671.5,0.9285714285714286,0.6923076923076923,0.6923076923076923,0.3076923076923077,0
29.0,Travel_Frequently,410.0,Research & Development,2.0,1.0,Life Sciences,4.0,Female,97.0,3.0,1.0,Laboratory Technician,2.0,Married,3180.0,4668.0,0.0,No,13.0,3.0,3.0,3.0,4.0,3.0,3.0,3.0,2.0,0.0,2.0,3180.0,0.75,0.6666666666666666,0.6666666666666666,0.0,0
41.0,Travel_Rarely,447.0,Research & Development,5.0,3.0,Life Sciences,2.0,Male,85.0,4.0,2.0,Healthcare Representative,2.0,Single,6870.0,15530.0,3.0,No,12.0,3.0,1.0,0.0,11.0,3.0,1.0,3.0,2.0,1.0,2.0,3435.0,0.2727272727272727,0.6666666666666666,0.6666666666666666,0.3333333333333333,0
18.0,Travel_Frequently,1306.0,Sales,5.0,3.0,Marketing,2.0,Male,69.0,3.0,1.0,Sales Representative,2.0,Single,1878.0,8059.0,1.0,Yes,14.0,3.0,4.0,0.0,0.0,3.0,3.0,0.0,0.0,0.0,0.0,1878.0,0.0,0.0,0.0,0.0,1
26.0,Travel_Frequently,496.0,Research & Development,11.0,2.0,Medical,1.0,Male,60.0,3.0,2.0,Healthcare Representative,1.0,Married,4741.0,22722.0,1.0,Yes,13.0,3.0,3.0,1.0,5.0,3.0,3.0,5.0,3.0,3.0,3.0,2370.5,1.0,0.6,0.6,0.6,0
53.0,Travel_Rarely,447.0,Research & Development,2.0,3.0,Medical,4.0,Male,39.0,4.0,4.0,Research Director,2.0,Single,16598.0,19764.0,4.0,No,12.0,3.0,2.0,0.0,35.0,2.0,2.0,9.0,8.0,8.0,8.0,4149.5,0.2571428571428571,0.8888888888888888,0.8888888888888888,0.8888888888888888,0
25.0,Travel_Rarely,266.0,Research & Development,1.0,3.0,Medical,4.0,Female,40.0,3.0,1.0,Research Scientist,2.0,Single,2096.0,18830.0,1.0,No,18.0,3.0,4.0,0.0,2.0,3.0,2.0,2.0,2.0,2.0,1.0,2096.0,1.0,1.0,0.5,1.0,0
32.0,Travel_Frequently,238.0,Research & Development,5.0,2.0,Life Sciences,1.0,Female,47.0,4.0,1.0,Research Scientist,3.0,Single,2432.0,15318.0,3.0,Yes,14.0,3.0,1.0,0.0,8.0,2.0,3.0,4.0,1.0,0.0,3.0,2432.0,0.5,0.25,0.75,0.0,1
34.0,Travel_Rarely,304.0,Sales,2.0,3.0,Other,4.0,Male,60.0,3.0,2.0,Sales Executive,4.0,Single,6274.0,18686.0,1.0,No,22.0,4.0,3.0,0.0,6.0,5.0,3.0,6.0,5.0,1.0,4.0,3137.0,1.0,0.8333333333333334,0.6666666666666666,0.16666666666666666,0
52.0,Travel_Rarely,1490.0,Research & Development,4.0,2.0,Life Sciences,4.0,Female,30.0,3.0,4.0,Manager,4.0,Married,16555.0,10310.0,2.0,No,13.0,3.0,4.0,0.0,31.0,2.0,1.0,5.0,2.0,1.0,4.0,4138.75,0.16129032258064516,0.4,0.8,0.2,0
40.0,Travel_Rarely,1202.0,Research & Development,2.0,1.0,Medical,2.0,Female,89.0,4.0,2.0,Healthcare Representative,3.0,Divorced,6377.0,13888.0,5.0,No,20.0,4.0,2.0,3.0,15.0,0.0,3.0,12.0,11.0,11.0,8.0,3188.5,0.8,0.9166666666666666,0.6666666666666666,0.9166666666666666,0
29.0,Travel_Rarely,665.0,Research & Development,15.0,3.0,Life Sciences,3.0,Male,60.0,3.0,1.0,Research Scientist,4.0,Single,2340.0,22673.0,1.0,No,19.0,3.0,1.0,0.0,6.0,1.0,3.0,6.0,5.0,1.0,5.0,2340.0,1.0,0.8333333333333334,0.8333333333333334,0.16666666666666666,0
39.0,Travel_Frequently,672.0,Research & Development,7.0,2.0,Medical,3.0,Male,54.0,2.0,5.0,Manager,4.0,Married,19272.0,21141.0,1.0,No,15.0,3.0,1.0,1.0,21.0,2.0,3.0,21.0,9.0,13.0,3.0,3854.4,1.0,0.42857142857142855,0.14285714285714285,0.6190476190476191,0
34.0,Non-Travel,1362.0,Sales,19.0,3.0,Marketing,1.0,Male,67.0,4.0,2.0,Sales Executive,4.0,Single,5304.0,4652.0,8.0,Yes,13.0,3.0,2.0,0.0,9.0,3.0,2.0,5.0,2.0,0.0,4.0,2652.0,0.5555555555555556,0.4,0.8,0.0,1
50.0,Travel_Rarely,869.0,Sales,3.0,2.0,Marketing,1.0,Male,86.0,2.0,1.0,Sales Representative,3.0,Married,2683.0,3810.0,1.0,Yes,14.0,3.0,3.0,0.0,3.0,2.0,3.0,3.0,2.0,0.0,2.0,2683.0,1.0,0.6666666666666666,0.6666666666666666,0.0,1
34.0,Travel_Frequently,878.0,Research & Development,10.0,4.0,Medical,4.0,Male,43.0,3.0,1.0,Research Scientist,3.0,Divorced,3815.0,5972.0,1.0,Yes,17.0,3.0,4.0,1.0,5.0,4.0,4.0,5.0,3.0,2.0,0.0,3815.0,1.0,0.6,0.0,0.4,0
60.0,Travel_Rarely,422.0,Research & Development,7.0,3.0,Life Sciences,1.0,Female,41.0,3.0,5.0,Manager,1.0,Married,19566.0,3854.0,5.0,No,11.0,3.0,4.0,0.0,33.0,5.0,1.0,29.0,8.0,11.0,10.0,3913.2,0.8787878787878788,0.27586206896551724,0.3448275862068966,0.3793103448275862,0
58.0,Travel_Rarely,1272.0,Research & Development,5.0,3.0,Technical Degree,3.0,Female,37.0,2.0,3.0,Healthcare Representative,2.0,Divorced,10552.0,9255.0,2.0,Yes,13.0,3.0,4.0,1.0,24.0,3.0,3.0,6.0,0.0,0.0,4.0,3517.3333333333335,0.25,0.0,0.6666666666666666,0.0,0
30.0,Travel_Rarely,1358.0,Sales,16.0,1.0,Life Sciences,4.0,Male,96.0,3.0,2.0,Sales Executive,3.0,Married,5301.0,2939.0,8.0,No,15.0,3.0,3.0,2.0,4.0,2.0,2.0,2.0,1.0,2.0,2.0,2650.5,0.5,0.5,1.0,1.0,0
35.0,Travel_Rarely,1219.0,Sales,18.0,3.0,Medical,3.0,Female,86.0,3.0,2.0,Sales Executive,3.0,Married,4601.0,6179.0,1.0,No,16.0,3.0,2.0,0.0,5.0,3.0,3.0,5.0,2.0,1.0,0.0,2300.5,1.0,0.4,0.0,0.2,0
59.0,Travel_Rarely,1324.0,Research & Development,3.0,3.0,Medical,3.0,Female,81.0,4.0,1.0,Laboratory Technician,1.0,Married,2670.0,9964.0,4.0,Yes,20.0,4.0,1.0,3.0,12.0,3.0,2.0,1.0,0.0,0.0,0.0,2670.0,0.08333333333333333,0.0,0.0,0.0,0
46.0,Travel_Rarely,377.0,Sales,9.0,3.0,Marketing,1.0,Male,52.0,3.0,3.0,Sales Executive,4.0,Divorced,10096.0,15986.0,4.0,No,11.0,3.0,1.0,1.0,28.0,1.0,4.0,7.0,7.0,4.0,3.0,3365.3333333333335,0.25,1.0,0.42857142857142855,0.5714285714285714,1
36.0,Travel_Rarely,1174.0,Sales,3.0,4.0,Marketing,1.0,Female,99.0,3.0,2.0,Sales Executive,2.0,Single,9278.0,20763.0,3.0,Yes,16.0,3.0,4.0,0.0,15.0,3.0,3.0,5.0,4.0,0.0,1.0,4639.0,0.3333333333333333,0.8,0.2,0.0,0
42.0,Travel_Rarely,544.0,Human Resources,2.0,1.0,Technical Degree,3.0,Male,52.0,3.0,1.0,Human Resources,3.0,Divorced,2696.0,24017.0,0.0,Yes,11.0,3.0,3.0,1.0,4.0,5.0,3.0,3.0,2.0,1.0,0.0,2696.0,0.75,0.6666666666666666,0.0,0.3333333333333333,0
45.0,Travel_Rarely,1329.0,Research & Development,2.0,2.0,Other,4.0,Female,59.0,2.0,2.0,Manufacturing Director,4.0,Divorced,5770.0,5388.0,1.0,No,19.0,3.0,1.0,2.0,10.0,3.0,3.0,10.0,7.0,3.0,9.0,2885.0,1.0,0.7,0.9,0.3,0
30.0,Travel_Rarely,305.0,Research & Development,16.0,3.0,Life Sciences,3.0,Male,58.0,4.0,2.0,Healthcare Representative,3.0,Married,5294.0,9128.0,3.0,No,16.0,3.0,3.0,1.0,10.0,3.0,3.0,7.0,0.0,1.0,7.0,2647.0,0.7,0.0,1.0,0.14285714285714285,0
27.0,Travel_Rarely,1167.0,Research & Development,4.0,2.0,Life Sciences,1.0,Male,76.0,3.0,1.0,Research Scientist,3.0,Divorced,2517.0,3208.0,1.0,No,11.0,3.0,2.0,3.0,5.0,2.0,3.0,5.0,3.0,0.0,3.0,2517.0,1.0,0.6,0.6,0.0,0
35.0,Travel_Rarely,556.0,Research & Development,23.0,2.0,Life Sciences,2.0,Male,50.0,2.0,2.0,Manufacturing Director,3.0,Married,5916.0,15497.0,3.0,Yes,13.0,3.0,1.0,0.0,8.0,1.0,3.0,1.0,0.0,0.0,1.0,2958.0,0.125,0.0,1.0,0.0,1
30.0,Travel_Rarely,438.0,Research & Development,18.0,3.0,Life Sciences,1.0,Female,75.0,3.0,1.0,Research Scientist,3.0,Single,2632.0,23910.0,1.0,No,14.0,3.0,3.0,0.0,5.0,4.0,2.0,5.0,4.0,0.0,4.0,2632.0,1.0,0.8,0.8,0.0,0
53.0,Travel_Rarely,1168.0,Sales,24.0,4.0,Life Sciences,1.0,Male,66.0,3.0,3.0,Sales Executive,1.0,Single,10448.0,5843.0,6.0,Yes,13.0,3.0,2.0,0.0,15.0,2.0,2.0,2.0,2.0,2.0,2.0,3482.6666666666665,0.13333333333333333,1.0,1.0,1.0,1
27.0,Travel_Rarely,954.0,Sales,9.0,3.0,Marketing,4.0,Male,44.0,3.0,2.0,Sales Executive,4.0,Single,4105.0,5099.0,1.0,No,14.0,3.0,1.0,0.0,7.0,5.0,3.0,7.0,7.0,0.0,7.0,2052.5,1.0,1.0,1.0,0.0,0
25.0,Travel_Rarely,810.0,Sales,8.0,3.0,Life Sciences,4.0,Male,57.0,4.0,2.0,Sales Executive,2.0,Married,4851.0,15678.0,0.0,No,22.0,4.0,3.0,1.0,4.0,4.0,3.0,3.0,2.0,1.0,2.0,2425.5,0.75,0.6666666666666666,0.6666666666666666,0.3333333333333333,0
52.0,Travel_Rarely,1323.0,Research & Development,2.0,3.0,Life Sciences,3.0,Female,89.0,2.0,1.0,Laboratory Technician,4.0,Single,3212.0,3300.0,7.0,No,15.0,3.0,2.0,0.0,6.0,3.0,2.0,2.0,2.0,2.0,2.0,3212.0,0.3333333333333333,1.0,1.0,1.0,0
30.0,Travel_Rarely,1240.0,Human Resources,9.0,3.0,Human Resources,3.0,Male,48.0,3.0,2.0,Human Resources,4.0,Married,6347.0,13982.0,0.0,Yes,19.0,3.0,4.0,0.0,12.0,2.0,1.0,11.0,9.0,4.0,7.0,3173.5,0.9166666666666666,0.8181818181818182,0.6363636363636364,0.36363636363636365,0
39.0,Travel_Rarely,867.0,Research & Development,9.0,2.0,Medical,1.0,Male,87.0,3.0,2.0,Manufacturing Director,1.0,Married,5151.0,12315.0,1.0,No,25.0,4.0,4.0,1.0,10.0,3.0,3.0,10.0,0.0,7.0,9.0,2575.5,1.0,0.0,0.9,0.7,0
46.0,Travel_Rarely,566.0,Research & Development,7.0,2.0,Medical,4.0,Male,75.0,3.0,3.0,Manufacturing Director,3.0,Divorced,10845.0,24208.0,6.0,No,13.0,3.0,2.0,1.0,13.0,3.0,3.0,8.0,7.0,0.0,7.0,3615.0,0.6153846153846154,0.875,0.875,0.0,0
34.0,Travel_Rarely,829.0,Human Resources,3.0,2.0,Human Resources,3.0,Male,88.0,3.0,1.0,Human Resources,4.0,Married,3737.0,2243.0,0.0,No,19.0,3.0,3.0,1.0,4.0,1.0,1.0,3.0,2.0,0.0,2.0,3737.0,0.75,0.6666666666666666,0.6666666666666666,0.0,0
47.0,Travel_Rarely,359.0,Research & Development,2.0,4.0,Medical,1.0,Female,82.0,3.0,4.0,Research Director,3.0,Married,17169.0,26703.0,3.0,No,19.0,3.0,2.0,2.0,26.0,2.0,4.0,20.0,17.0,5.0,6.0,4292.25,0.7692307692307693,0.85,0.3,0.25,0
28.0,Non-Travel,1476.0,Research & Development,1.0,3.0,Life Sciences,3.0,Female,55.0,1.0,2.0,Laboratory Technician,4.0,Married,6674.0,16392.0,0.0,No,11.0,3.0,1.0,3.0,10.0,6.0,3.0,9.0,8.0,7.0,5.0,3337.0,0.9,0.8888888888888888,0.5555555555555556,0.7777777777777778,0
44.0,Travel_Frequently,920.0,Research & Development,24.0,3.0,Life Sciences,4.0,Male,43.0,3.0,1.0,Laboratory Technician,3.0,Divorced,3161.0,19920.0,3.0,Yes,22.0,4.0,4.0,1.0,19.0,0.0,1.0,1.0,0.0,0.0,0.0,3161.0,0.05263157894736842,0.0,0.0,0.0,1
26.0,Travel_Rarely,683.0,Research & Development,2.0,1.0,Medical,1.0,Male,36.0,2.0,1.0,Research Scientist,4.0,Single,3904.0,4050.0,0.0,No,12.0,3.0,4.0,0.0,5.0,2.0,3.0,4.0,3.0,1.0,1.0,3904.0,0.8,0.75,0.25,0.25,0
36.0,Travel_Rarely,1351.0,Research & Development,26.0,4.0,Life Sciences,1.0,Male,80.0,3.0,2.0,Healthcare Representative,3.0,Married,5347.0,7419.0,6.0,No,14.0,3.0,2.0,2.0,10.0,2.0,2.0,3.0,2.0,0.0,2.0,2673.5,0.3,0.6666666666666666,0.6666666666666666,0.0,0
25.0,Travel_Rarely,688.0,Research & Development,3.0,3.0,Medical,1.0,Male,91.0,3.0,1.0,Laboratory Technician,1.0,Married,4031.0,9396.0,5.0,No,13.0,3.0,3.0,1.0,6.0,5.0,3.0,2.0,2.0,0.0,2.0,4031.0,0.3333333333333333,1.0,1.0,0.0,1
34.0,Travel_Rarely,254.0,Research & Development,1.0,2.0,Life Sciences,2.0,Male,83.0,2.0,1.0,Research Scientist,4.0,Married,3622.0,22794.0,1.0,Yes,13.0,3.0,4.0,1.0,6.0,3.0,3.0,6.0,5.0,1.0,3.0,3622.0,1.0,0.8333333333333334,0.5,0.16666666666666666,0
25.0,Travel_Rarely,949.0,Research & Development,1.0,3.0,Technical Degree,1.0,Male,81.0,3.0,1.0,Laboratory Technician,4.0,Married,3229.0,4910.0,4.0,No,11.0,3.0,2.0,1.0,7.0,2.0,2.0,3.0,2.0,0.0,2.0,3229.0,0.42857142857142855,0.6666666666666666,0.6666666666666666,0.0,0
27.0,Travel_Rarely,894.0,Research & Development,9.0,3.0,Medical,4.0,Female,99.0,3.0,1.0,Research Scientist,2.0,Single,2279.0,11781.0,1.0,No,16.0,3.0,4.0,0.0,7.0,2.0,2.0,7.0,7.0,0.0,3.0,2279.0,1.0,1.0,0.42857142857142855,0.0,0
36.0,Travel_Rarely,329.0,Research & Development,2.0,3.0,Life Sciences,4.0,Female,96.0,3.0,1.0,Research Scientist,3.0,Married,2543.0,11868.0,4.0,No,13.0,3.0,2.0,1.0,6.0,3.0,3.0,2.0,2.0,2.0,2.0,2543.0,0.3333333333333333,1.0,1.0,1.0,0
45.0,Travel_Rarely,538.0,Research & Development,1.0,4.0,Technical Degree,1.0,Male,66.0,3.0,3.0,Healthcare Representative,2.0,Divorced,7441.0,20933.0,1.0,No,12.0,3.0,1.0,3.0,10.0,4.0,3.0,10.0,8.0,7.0,7.0,2480.3333333333335,1.0,0.8,0.7,0.7,0
28.0,Travel_Rarely,1451.0,Research & Development,2.0,1.0,Life Sciences,1.0,Male,67.0,2.0,1.0,Research Scientist,2.0,Married,3201.0,19911.0,0.0,No,17.0,3.0,1.0,0.0,6.0,2.0,1.0,5.0,3.0,0.0,4.0,3201.0,0.8333333333333334,0.6,0.8,0.0,0
31.0,Travel_Rarely,326.0,Sales,8.0,2.0,Life Sciences,1.0,Male,31.0,3.0,3.0,Sales Executive,4.0,Divorced,10793.0,8386.0,1.0,No,18.0,3.0,1.0,1.0,13.0,5.0,3.0,13.0,7.0,9.0,9.0,3597.6666666666665,1.0,0.5384615384615384,0.6923076923076923,0.6923076923076923,0
37.0,Travel_Rarely,807.0,Human Resources,6.0,4.0,Human Resources,3.0,Male,63.0,3.0,1.0,Human Resources,1.0,Divorced,2073.0,23648.0,4.0,Yes,22.0,4.0,4.0,0.0,7.0,3.0,3.0,3.0,2.0,0.0,2.0,2073.0,0.42857142857142855,0.6666666666666666,0.6666666666666666,0.0,1
35.0,Travel_Rarely,464.0,Research & Development,4.0,2.0,Other,3.0,Male,75.0,3.0,1.0,Laboratory Technician,4.0,Divorced,1951.0,10910.0,1.0,No,12.0,3.0,3.0,1.0,1.0,3.0,3.0,1.0,0.0,0.0,0.0,1951.0,1.0,0.0,0.0,0.0,0
51.0,Travel_Rarely,1405.0,Research & Development,11.0,2.0,Technical Degree,4.0,Female,82.0,2.0,4.0,Manufacturing Director,2.0,Single,13142.0,24439.0,3.0,No,16.0,3.0,2.0,0.0,29.0,1.0,2.0,5.0,2.0,0.0,3.0,3285.5,0.1724137931034483,0.4,0.6,0.0,0
26.0,Travel_Rarely,1443.0,Sales,23.0,3.0,Marketing,3.0,Female,47.0,2.0,2.0,Sales Executive,4.0,Married,4157.0,21436.0,7.0,Yes,19.0,3.0,3.0,1.0,5.0,2.0,2.0,2.0,2.0,0.0,0.0,2078.5,0.4,1.0,0.0,0.0,0
31.0,Travel_Frequently,444.0,Sales,5.0,3.0,Marketing,4.0,Female,84.0,3.0,1.0,Sales Representative,2.0,Divorced,2789.0,3909.0,1.0,No,11.0,3.0,3.0,1.0,2.0,5.0,2.0,2.0,2.0,2.0,2.0,2789.0,1.0,1.0,1.0,1.0,0
33.0,Travel_Frequently,515.0,Research & Development,1.0,2.0,Life Sciences,1.0,Female,98.0,3.0,3.0,Research Director,4.0,Single,13458.0,15146.0,1.0,Yes,12.0,3.0,3.0,0.0,15.0,1.0,3.0,15.0,14.0,8.0,12.0,4486.0,1.0,0.9333333333333333,0.8,0.5333333333333333,0
28.0,Travel_Rarely,304.0,Sales,9.0,4.0,Life Sciences,2.0,Male,92.0,3.0,2.0,Sales Executive,4.0,Single,5253.0,20750.0,1.0,No,16.0,3.0,4.0,0.0,7.0,1.0,3.0,7.0,5.0,0.0,7.0,2626.5,1.0,0.7142857142857143,1.0,0.0,0
40.0,Travel_Rarely,884.0,Research & Development,15.0,3.0,Life Sciences,1.0,Female,80.0,2.0,3.0,Manufacturing Director,3.0,Married,10435.0,25800.0,1.0,No,13.0,3.0,4.0,2.0,18.0,2.0,3.0,18.0,15.0,14.0,12.0,3478.3333333333335,1.0,0.8333333333333334,0.6666666666666666,0.7777777777777778,0
50.0,Travel_Frequently,959.0,Sales,1.0,4.0,Other,4.0,Male,81.0,3.0,2.0,Sales Executive,3.0,Single,4728.0,17251.0,3.0,Yes,14.0,3.0,4.0,0.0,5.0,4.0,3.0,0.0,0.0,0.0,0.0,2364.0,0.0,0.0,0.0,0.0,1
53.0,Travel_Rarely,1219.0,Sales,2.0,4.0,Life Sciences,1.0,Female,78.0,2.0,4.0,Manager,4.0,Married,15427.0,22021.0,2.0,No,16.0,3.0,3.0,0.0,31.0,3.0,3.0,25.0,8.0,3.0,7.0,3856.75,0.8064516129032258,0.32,0.28,0.12,0
30.0,Travel_Rarely,946.0,Research & Development,2.0,3.0,Medical,3.0,Female,52.0,2.0,2.0,Manufacturing Director,4.0,Single,6877.0,20234.0,5.0,Yes,24.0,4.0,2.0,0.0,12.0,4.0,2.0,0.0,0.0,0.0,0.0,3438.5,0.0,0.0,0.0,0.0,0
36.0,Travel_Frequently,469.0,Research & Development,3.0,3.0,Technical Degree,3.0,Male,46.0,3.0,1.0,Research Scientist,2.0,Married,3692.0,9256.0,1.0,No,12.0,3.0,3.0,0.0,12.0,2.0,2.0,11.0,10.0,0.0,7.0,3692.0,0.9166666666666666,0.9090909090909091,0.6363636363636364,0.0,0
41.0,Travel_Rarely,549.0,Research & Development,7.0,2.0,Medical,4.0,Female,42.0,3.0,2.0,Manufacturing Director,3.0,Single,5003.0,23371.0,6.0,No,14.0,3.0,2.0,0.0,8.0,6.0,3.0,2.0,2.0,2.0,1.0,2501.5,0.25,1.0,0.5,1.0,0
34.0,Travel_Rarely,678.0,Research & Development,19.0,3.0,Life Sciences,2.0,Female,35.0,2.0,1.0,Research Scientist,4.0,Married,2929.0,20338.0,1.0,No,12.0,3.0,2.0,0.0,10.0,3.0,3.0,10.0,9.0,8.0,7.0,2929.0,1.0,0.9,0.7,0.8,0
24.0,Travel_Rarely,1353.0,Sales,3.0,2.0,Other,1.0,Female,33.0,3.0,2.0,Sales Executive,3.0,Married,4999.0,17519.0,0.0,No,21.0,4.0,1.0,1.0,4.0,2.0,2.0,3.0,2.0,0.0,2.0,2499.5,0.75,0.6666666666666666,0.6666666666666666,0.0,0
49.0,Travel_Rarely,527.0,Research & Development,8.0,2.0,Other,1.0,Female,51.0,3.0,3.0,Laboratory Technician,2.0,Married,7403.0,22477.0,4.0,No,11.0,3.0,3.0,1.0,29.0,3.0,2.0,26.0,9.0,1.0,7.0,2467.6666666666665,0.896551724137931,0.34615384615384615,0.2692307692307692,0.038461538461538464,0
28.0,Travel_Frequently,791.0,Research & Development,1.0,4.0,Medical,4.0,Male,44.0,3.0,1.0,Laboratory Technician,3.0,Single,2154.0,6842.0,0.0,Yes,11.0,3.0,3.0,0.0,5.0,2.0,2.0,4.0,2.0,0.0,2.0,2154.0,0.8,0.5,0.5,0.0,0
33.0,Travel_Rarely,213.0,Research & Development,7.0,3.0,Medical,3.0,Male,49.0,3.0,3.0,Research Director,3.0,Married,11691.0,25995.0,0.0,No,11.0,3.0,4.0,0.0,14.0,3.0,4.0,13.0,9.0,3.0,7.0,3897.0,0.9285714285714286,0.6923076923076923,0.5384615384615384,0.23076923076923078,0
51.0,Travel_Rarely,684.0,Research & Development,6.0,3.0,Life Sciences,1.0,Male,51.0,3.0,5.0,Research Director,3.0,Single,19537.0,6462.0,7.0,No,13.0,3.0,3.0,0.0,23.0,5.0,3.0,20.0,18.0,15.0,15.0,3907.4,0.8695652173913043,0.9,0.75,0.75,0
22.0,Non-Travel,457.0,Research & Development,26.0,2.0,Other,2.0,Female,85.0,2.0,1.0,Research Scientist,3.0,Married,2814.0,10293.0,1.0,Yes,14.0,3.0,2.0,0.0,4.0,2.0,2.0,4.0,2.0,1.0,3.0,2814.0,1.0,0.5,0.75,0.25,0
28.0,Travel_Rarely,821.0,Sales,5.0,4.0,Medical,1.0,Male,98.0,3.0,2.0,Sales Executive,4.0,Single,4908.0,24252.0,1.0,No,14.0,3.0,2.0,0.0,4.0,3.0,3.0,4.0,2.0,0.0,2.0,2454.0,1.0,0.5,0.5,0.0,0
25.0,Travel_Rarely,1372.0,Sales,18.0,1.0,Life Sciences,1.0,Male,93.0,4.0,2.0,Sales Executive,3.0,Married,6232.0,12477.0,2.0,No,11.0,3.0,2.0,0.0,6.0,3.0,2.0,3.0,2.0,1.0,2.0,3116.0,0.5,0.6666666666666666,0.6666666666666666,0.3333333333333333,0
37.0,Travel_Rarely,1305.0,Research & Development,10.0,4.0,Life Sciences,3.0,Male,49.0,3.0,2.0,Manufacturing Director,2.0,Single,4197.0,21123.0,2.0,Yes,12.0,3.0,4.0,0.0,18.0,2.0,2.0,1.0,0.0,0.0,1.0,2098.5,0.05555555555555555,0.0,1.0,0.0,0
34.0,Travel_Rarely,943.0,Research & Development,9.0,3.0,Life Sciences,4.0,Male,86.0,3.0,3.0,Healthcare Representative,4.0,Divorced,8500.0,5494.0,0.0,No,11.0,3.0,4.0,1.0,10.0,0.0,2.0,9.0,7.0,1.0,6.0,2833.3333333333335,0.9,0.7777777777777778,0.6666666666666666,0.1111111111111111,0
46.0,Travel_Rarely,1009.0,Research & Development,2.0,3.0,Life Sciences,1.0,Male,51.0,3.0,4.0,Research Director,3.0,Married,17861.0,2288.0,6.0,No,13.0,3.0,3.0,0.0,26.0,2.0,1.0,3.0,2.0,0.0,1.0,4465.25,0.11538461538461539,0.6666666666666666,0.3333333333333333,0.0,0
32.0,Non-Travel,1184.0,Research & Development,1.0,3.0,Life Sciences,3.0,Female,70.0,2.0,1.0,Laboratory Technician,2.0,Married,2332.0,3974.0,6.0,No,20.0,4.0,3.0,0.0,5.0,3.0,3.0,3.0,0.0,0.0,2.0,2332.0,0.6,0.0,0.6666666666666666,0.0,0
25.0,Travel_Rarely,867.0,Sales,19.0,2.0,Marketing,3.0,Male,36.0,2.0,1.0,Sales Representative,2.0,Married,2413.0,18798.0,1.0,Yes,18.0,3.0,3.0,3.0,1.0,2.0,3.0,1.0,0.0,0.0,0.0,2413.0,1.0,0.0,0.0,0.0,1
51.0,Travel_Rarely,632.0,Sales,21.0,4.0,Marketing,3.0,Male,71.0,3.0,2.0,Sales Executive,4.0,Single,5441.0,8423.0,0.0,Yes,22.0,4.0,4.0,0.0,11.0,2.0,1.0,10.0,7.0,1.0,0.0,2720.5,0.9090909090909091,0.7,0.0,0.1,0
26.0,Travel_Frequently,342.0,Research & Development,2.0,3.0,Life Sciences,1.0,Male,57.0,3.0,1.0,Research Scientist,1.0,Married,2042.0,15346.0,6.0,Yes,14.0,3.0,2.0,1.0,6.0,2.0,3.0,3.0,2.0,1.0,2.0,2042.0,0.5,0.6666666666666666,0.6666666666666666,0.3333333333333333,1
42.0,Travel_Rarely,1128.0,Research & Development,13.0,3.0,Medical,2.0,Male,95.0,4.0,2.0,Healthcare Representative,1.0,Married,5538.0,5696.0,5.0,No,18.0,3.0,3.0,2.0,10.0,2.0,2.0,0.0,0.0,0.0,0.0,2769.0,0.0,0.0,0.0,0.0,0
35.0,Travel_Rarely,287.0,Research & Development,1.0,4.0,Life Sciences,3.0,Female,62.0,1.0,1.0,Research Scientist,4.0,Married,2977.0,8952.0,1.0,No,12.0,3.0,4.0,1.0,4.0,5.0,3.0,4.0,3.0,1.0,1.0,2977.0,1.0,0.75,0.25,0.25,0
37.0,Travel_Frequently,319.0,Sales,4.0,4.0,Marketing,1.0,Male,41.0,3.0,1.0,Sales Representative,4.0,Divorced,2793.0,2539.0,4.0,No,17.0,3.0,3.0,1.0,13.0,2.0,3.0,9.0,8.0,5.0,8.0,2793.0,0.6923076923076923,0.8888888888888888,0.8888888888888888,0.5555555555555556,0
18.0,Non-Travel,247.0,Research & Development,8.0,1.0,Medical,3.0,Male,80.0,3.0,1.0,Laboratory Technician,3.0,Single,1904.0,13556.0,1.0,No,12.0,3.0,4.0,0.0,0.0,0.0,3.0,0.0,0.0,0.0,0.0,1904.0,0.0,0.0,0.0,0.0,1
39.0,Travel_Rarely,1253.0,Research & Development,10.0,1.0,Medical,3.0,Male,65.0,3.0,3.0,Research Director,3.0,Single,13464.0,7914.0,7.0,No,21.0,4.0,3.0,0.0,9.0,3.0,3.0,4.0,3.0,2.0,2.0,4488.0,0.4444444444444444,0.75,0.5,0.5,0
37.0,Travel_Frequently,663.0,Research & Development,11.0,3.0,Other,2.0,Male,47.0,3.0,3.0,Research Director,4.0,Divorced,12185.0,10056.0,1.0,Yes,14.0,3.0,3.0,3.0,10.0,1.0,3.0,10.0,8.0,0.0,7.0,4061.6666666666665,1.0,0.8,0.7,0.0,0
38.0,Travel_Rarely,1333.0,Research & Development,1.0,3.0,Technical Degree,4.0,Female,80.0,3.0,3.0,Research Director,1.0,Married,13582.0,16292.0,1.0,No,13.0,3.0,2.0,1.0,15.0,3.0,3.0,15.0,12.0,5.0,11.0,4527.333333333333,1.0,0.8,0.7333333333333333,0.3333333333333333,0
24.0,Travel_Frequently,897.0,Human Resources,10.0,3.0,Medical,1.0,Male,59.0,3.0,1.0,Human Resources,4.0,Married,2145.0,2097.0,0.0,No,14.0,3.0,4.0,1.0,3.0,2.0,3.0,2.0,2.0,2.0,1.0,2145.0,0.6666666666666666,1.0,0.5,1.0,0
54.0,Travel_Frequently,1050.0,Research & Development,11.0,4.0,Medical,2.0,Female,87.0,3.0,4.0,Manager,4.0,Divorced,16032.0,24456.0,3.0,No,20.0,4.0,1.0,1.0,26.0,2.0,3.0,14.0,9.0,1.0,12.0,4008.0,0.5384615384615384,0.6428571428571429,0.8571428571428571,0.07142857142857142,0
40.0,Travel_Rarely,299.0,Sales,25.0,4.0,Marketing,4.0,Male,57.0,2.0,3.0,Sales Executive,2.0,Single,9094.0,17235.0,2.0,Yes,12.0,3.0,3.0,0.0,9.0,2.0,3.0,5.0,4.0,1.0,0.0,3031.3333333333335,0.5555555555555556,0.8,0.0,0.2,1
48.0,Travel_Rarely,1236.0,Research & Development,1.0,4.0,Life Sciences,4.0,Female,40.0,2.0,4.0,Manager,1.0,Married,15402.0,17997.0,7.0,No,11.0,3.0,1.0,1.0,21.0,3.0,1.0,3.0,2.0,0.0,2.0,3850.5,0.14285714285714285,0.6666666666666666,0.6666666666666666,0.0,0
36.0,Travel_Rarely,1218.0,Sales,9.0,4.0,Life Sciences,3.0,Male,82.0,2.0,1.0,Sales Representative,1.0,Single,3407.0,6986.0,7.0,No,23.0,4.0,2.0,0.0,10.0,4.0,3.0,5.0,3.0,0.0,3.0,3407.0,0.5,0.6,0.6,0.0,1
30.0,Travel_Frequently,109.0,Research & Development,5.0,3.0,Medical,2.0,Female,60.0,3.0,1.0,Laboratory Technician,2.0,Single,2422.0,25725.0,0.0,No,17.0,3.0,1.0,0.0,4.0,3.0,3.0,3.0,2.0,1.0,2.0,2422.0,0.75,0.6666666666666666,0.6666666666666666,0.3333333333333333,1
32.0,Travel_Rarely,977.0,Research & Development,2.0,3.0,Medical,4.0,Male,45.0,3.0,2.0,Research Scientist,2.0,Divorced,5470.0,25518.0,0.0,No,13.0,3.0,3.0,2.0,10.0,4.0,2.0,9.0,5.0,1.0,6.0,2735.0,0.9,0.5555555555555556,0.6666666666666666,0.1111111111111111,0
25.0,Travel_Rarely,882.0,Research & Development,19.0,1.0,Medical,4.0,Male,67.0,3.0,1.0,Laboratory Technician,4.0,Married,3669.0,9075.0,3.0,No,11.0,3.0,3.0,3.0,7.0,6.0,2.0,3.0,2.0,1.0,2.0,3669.0,0.42857142857142855,0.6666666666666666,0.6666666666666666,0.3333333333333333,0
22.0,Travel_Rarely,391.0,Research & Development,7.0,1.0,Life Sciences,4.0,Male,75.0,3.0,1.0,Research Scientist,2.0,Single,2472.0,26092.0,1.0,Yes,23.0,4.0,1.0,0.0,1.0,2.0,3.0,1.0,0.0,0.0,0.0,2472.0,1.0,0.0,0.0,0.0,1
35.0,Travel_Rarely,1258.0,Research & Development,1.0,4.0,Life Sciences,4.0,Female,40.0,4.0,1.0,Research Scientist,3.0,Single,2506.0,13301.0,3.0,No,13.0,3.0,3.0,0.0,7.0,0.0,3.0,2.0,2.0,2.0,2.0,2506.0,0.2857142857142857,1.0,1.0,1.0,0
34.0,Travel_Rarely,665.0,Research & Development,6.0,4.0,Other,1.0,Female,41.0,3.0,2.0,Research Scientist,3.0,Single,4809.0,12482.0,1.0,No,14.0,3.0,3.0,0.0,16.0,3.0,3.0,16.0,13.0,2.0,10.0,2404.5,1.0,0.8125,0.625,0.125,0
27.0,Travel_Frequently,472.0,Research & Development,1.0,1.0,Technical Degree,3.0,Male,60.0,2.0,2.0,Manufacturing Director,1.0,Married,4298.0,9679.0,5.0,No,19.0,3.0,3.0,1.0,6.0,1.0,3.0,2.0,2.0,2.0,0.0,2149.0,0.3333333333333333,1.0,0.0,1.0,0
56.0,Travel_Rarely,310.0,Research & Development,7.0,2.0,Technical Degree,4.0,Male,72.0,3.0,1.0,Laboratory Technician,3.0,Married,2339.0,3666.0,8.0,No,11.0,3.0,4.0,1.0,14.0,4.0,1.0,10.0,9.0,9.0,8.0,2339.0,0.7142857142857143,0.9,0.8,0.9,1
37.0,Travel_Frequently,1231.0,Sales,21.0,2.0,Medical,3.0,Female,54.0,3.0,1.0,Sales Representative,4.0,Married,2973.0,21222.0,5.0,No,15.0,3.0,2.0,1.0,10.0,3.0,3.0,5.0,4.0,0.0,0.0,2973.0,0.5,0.8,0.0,0.0,0
28.0,Non-Travel,1103.0,Research & Development,16.0,3.0,Medical,3.0,Male,49.0,3.0,1.0,Research Scientist,3.0,Single,2144.0,2122.0,1.0,No,14.0,3.0,3.0,0.0,5.0,3.0,2.0,5.0,3.0,1.0,4.0,2144.0,1.0,0.6,0.8,0.2,0
26.0,Non-Travel,786.0,Research & Development,7.0,3.0,Medical,4.0,Male,76.0,3.0,1.0,Laboratory Technician,4.0,Single,2570.0,11925.0,1.0,No,20.0,4.0,3.0,0.0,7.0,5.0,3.0,7.0,7.0,5.0,7.0,2570.0,1.0,1.0,1.0,0.7142857142857143,0
56.0,Travel_Rarely,718.0,Research & Development,4.0,4.0,Technical Degree,4.0,Female,92.0,3.0,5.0,Manager,1.0,Divorced,19943.0,18575.0,4.0,No,13.0,3.0,4.0,1.0,28.0,2.0,3.0,5.0,2.0,4.0,2.0,3988.6,0.17857142857142858,0.4,0.4,0.8,0
31.0,Travel_Frequently,523.0,Research & Development,2.0,3.0,Life Sciences,2.0,Male,94.0,3.0,1.0,Laboratory Technician,4.0,Married,3722.0,21081.0,6.0,Yes,13.0,3.0,3.0,1.0,7.0,2.0,1.0,2.0,2.0,2.0,2.0,3722.0,0.2857142857142857,1.0,1.0,1.0,1
30.0,Travel_Rarely,855.0,Sales,7.0,4.0,Marketing,4.0,Female,73.0,3.0,2.0,Sales Executive,1.0,Divorced,4779.0,12761.0,7.0,No,14.0,3.0,2.0,2.0,8.0,3.0,3.0,3.0,2.0,0.0,2.0,2389.5,0.375,0.6666666666666666,0.6666666666666666,0.0,0
26.0,Travel_Rarely,652.0,Research & Development,7.0,3.0,Other,3.0,Male,100.0,4.0,1.0,Laboratory Technician,1.0,Single,3578.0,23577.0,0.0,No,12.0,3.0,4.0,0.0,8.0,2.0,3.0,7.0,7.0,0.0,7.0,3578.0,0.875,1.0,1.0,0.0,0
36.0,Travel_Rarely,335.0,Sales,17.0,2.0,Marketing,3.0,Male,33.0,2.0,2.0,Sales Executive,2.0,Married,5507.0,16822.0,2.0,No,16.0,3.0,3.0,2.0,12.0,1.0,1.0,4.0,2.0,1.0,3.0,2753.5,0.3333333333333333,0.5,0.75,0.25,0
37.0,Travel_Rarely,1239.0,Human Resources,8.0,2.0,Other,3.0,Male,89.0,3.0,2.0,Human Resources,2.0,Divorced,4071.0,12832.0,2.0,No,13.0,3.0,3.0,0.0,19.0,4.0,2.0,10.0,0.0,4.0,7.0,2035.5,0.5263157894736842,0.0,0.7,0.4,0
32.0,Travel_Rarely,495.0,Research & Development,10.0,3.0,Medical,3.0,Male,64.0,3.0,3.0,Manager,4.0,Single,11244.0,21072.0,2.0,No,25.0,4.0,2.0,0.0,10.0,5.0,4.0,5.0,2.0,0.0,0.0,3748.0,0.5,0.4,0.0,0.0,0
35.0,Travel_Rarely,1142.0,Research & Development,23.0,4.0,Medical,3.0,Female,30.0,3.0,1.0,Laboratory Technician,1.0,Married,4014.0,16002.0,3.0,Yes,15.0,3.0,3.0,1.0,4.0,3.0,3.0,2.0,2.0,2.0,2.0,4014.0,0.5,1.0,1.0,1.0,0
34.0,Travel_Rarely,735.0,Sales,3.0,1.0,Medical,4.0,Female,75.0,2.0,2.0,Sales Executive,4.0,Married,8103.0,16495.0,3.0,Yes,12.0,3.0,3.0,0.0,9.0,3.0,2.0,4.0,2.0,0.0,1.0,4051.5,0.4444444444444444,0.5,0.25,0.0,0
39.0,Travel_Rarely,1387.0,Research & Development,10.0,5.0,Medical,2.0,Male,76.0,3.0,2.0,Manufacturing Director,1.0,Married,5377.0,3835.0,2.0,No,13.0,3.0,4.0,3.0,10.0,3.0,3.0,7.0,7.0,7.0,7.0,2688.5,0.7,1.0,1.0,1.0,0
52.0,Travel_Rarely,1325.0,Research & Development,11.0,4.0,Life Sciences,4.0,Female,82.0,3.0,2.0,Laboratory Technician,3.0,Married,3149.0,21821.0,8.0,No,20.0,4.0,2.0,1.0,9.0,3.0,3.0,5.0,2.0,1.0,4.0,1574.5,0.5555555555555556,0.4,0.8,0.2,0
27.0,Travel_Rarely,1240.0,Research & Development,2.0,4.0,Life Sciences,4.0,Female,33.0,3.0,1.0,Laboratory Technician,1.0,Divorced,2341.0,19715.0,1.0,No,13.0,3.0,4.0,1.0,1.0,6.0,3.0,1.0,0.0,0.0,0.0,2341.0,1.0,0.0,0.0,0.0,0
40.0,Travel_Frequently,720.0,Research & Development,16.0,4.0,Medical,1.0,Male,51.0,2.0,2.0,Laboratory Technician,3.0,Single,5094.0,11983.0,6.0,No,14.0,3.0,4.0,0.0,10.0,6.0,3.0,1.0,0.0,0.0,0.0,2547.0,0.1,0.0,0.0,0.0,0
49.0,Travel_Rarely,271.0,Research & Development,3.0,2.0,Medical,3.0,Female,43.0,2.0,2.0,Laboratory Technician,1.0,Married,4789.0,23070.0,4.0,No,25.0,4.0,1.0,1.0,10.0,3.0,3.0,3.0,2.0,1.0,2.0,2394.5,0.3,0.6666666666666666,0.6666666666666666,0.3333333333333333,0
50.0,Travel_Rarely,328.0,Research & Development,1.0,3.0,Medical,3.0,Male,86.0,2.0,1.0,Laboratory Technician,3.0,Married,3690.0,3425.0,2.0,No,15.0,3.0,4.0,1.0,5.0,2.0,2.0,3.0,2.0,0.0,2.0,3690.0,0.6,0.6666666666666666,0.6666666666666666,0.0,0
36.0,Travel_Rarely,506.0,Research & Development,3.0,3.0,Technical Degree,3.0,Male,30.0,3.0,2.0,Research Scientist,2.0,Single,4485.0,26285.0,4.0,No,12.0,3.0,4.0,0.0,10.0,2.0,3.0,8.0,0.0,7.0,7.0,2242.5,0.8,0.0,0.875,0.875,0
40.0,Travel_Rarely,1322.0,Research & Development,2.0,4.0,Life Sciences,3.0,Male,52.0,2.0,1.0,Research Scientist,3.0,Single,2809.0,2725.0,2.0,No,14.0,3.0,4.0,0.0,8.0,2.0,3.0,2.0,2.0,2.0,2.0,2809.0,0.25,1.0,1.0,1.0,0
31.0,Travel_Rarely,330.0,Research & Development,22.0,4.0,Medical,4.0,Male,98.0,3.0,2.0,Manufacturing Director,3.0,Married,6179.0,21057.0,1.0,Yes,15.0,3.0,4.0,2.0,10.0,3.0,2.0,10.0,2.0,6.0,7.0,3089.5,1.0,0.2,0.7,0.6,1
33.0,Non-Travel,750.0,Sales,22.0,2.0,Marketing,3.0,Male,95.0,3.0,2.0,Sales Executive,2.0,Married,6146.0,15480.0,0.0,No,13.0,3.0,1.0,1.0,8.0,2.0,4.0,7.0,7.0,0.0,7.0,3073.0,0.875,1.0,1.0,0.0,0
26.0,Travel_Rarely,474.0,Research & Development,3.0,3.0,Life Sciences,1.0,Female,89.0,3.0,1.0,Research Scientist,4.0,Married,2061.0,11133.0,1.0,No,21.0,4.0,1.0,0.0,1.0,5.0,3.0,1.0,0.0,0.0,0.0,2061.0,1.0,0.0,0.0,0.0,0
38.0,Travel_Rarely,1245.0,Sales,14.0,3.0,Life Sciences,3.0,Male,80.0,3.0,2.0,Sales Executive,2.0,Married,9924.0,12355.0,0.0,No,11.0,3.0,4.0,1.0,10.0,3.0,3.0,9.0,8.0,7.0,7.0,4962.0,0.9,0.8888888888888888,0.7777777777777778,0.7777777777777778,0
41.0,Travel_Rarely,1102.0,Sales,1.0,2.0,Life Sciences,2.0,Female,94.0,3.0,2.0,Sales Executive,4.0,Single,5993.0,19479.0,8.0,Yes,11.0,3.0,1.0,0.0,8.0,0.0,1.0,6.0,4.0,0.0,5.0,2996.5,0.75,0.6666666666666666,0.8333333333333334,0.0,1
36.0,Travel_Rarely,928.0,Sales,1.0,2.0,Life Sciences,2.0,Male,56.0,3.0,2.0,Sales Executive,4.0,Married,6201.0,2823.0,1.0,Yes,14.0,3.0,4.0,1.0,18.0,1.0,2.0,18.0,14.0,4.0,11.0,3100.5,1.0,0.7777777777777778,0.6111111111111112,0.2222222222222222,0
38.0,Travel_Rarely,268.0,Research & Development,2.0,5.0,Medical,4.0,Male,92.0,3.0,1.0,Research Scientist,3.0,Married,3057.0,20471.0,6.0,Yes,13.0,3.0,2.0,1.0,6.0,0.0,1.0,1.0,0.0,0.0,1.0,3057.0,0.16666666666666666,0.0,1.0,0.0,0
54.0,Non-Travel,142.0,Human Resources,26.0,3.0,Human Resources,4.0,Female,30.0,4.0,4.0,Manager,4.0,Single,17328.0,13871.0,2.0,Yes,12.0,3.0,3.0,0.0,23.0,3.0,3.0,5.0,3.0,4.0,4.0,4332.0,0.21739130434782608,0.6,0.8,0.8,0
25.0,Travel_Rarely,1280.0,Research & Development,7.0,1.0,Medical,4.0,Male,64.0,2.0,1.0,Research Scientist,4.0,Married,2889.0,26897.0,1.0,No,11.0,3.0,3.0,2.0,2.0,2.0,3.0,2.0,2.0,2.0,1.0,2889.0,1.0,1.0,0.5,1.0,0
50.0,Travel_Rarely,1126.0,Research & Development,1.0,2.0,Medical,4.0,Male,66.0,3.0,4.0,Research Director,4.0,Divorced,17399.0,6615.0,9.0,No,22.0,4.0,3.0,1.0,32.0,1.0,2.0,5.0,4.0,1.0,3.0,4349.75,0.15625,0.8,0.6,0.2,0
35.0,Travel_Rarely,1146.0,Human Resources,26.0,4.0,Life Sciences,3.0,Female,31.0,3.0,3.0,Human Resources,4.0,Single,8837.0,16642.0,1.0,Yes,16.0,3.0,3.0,0.0,9.0,2.0,3.0,9.0,0.0,1.0,7.0,2945.6666666666665,1.0,0.0,0.7777777777777778,0.1111111111111111,0
19.0,Travel_Rarely,265.0,Research & Development,25.0,3.0,Life Sciences,2.0,Female,57.0,4.0,1.0,Research Scientist,4.0,Single,2994.0,21221.0,1.0,Yes,12.0,3.0,4.0,0.0,1.0,2.0,3.0,1.0,0.0,0.0,1.0,2994.0,1.0,0.0,1.0,0.0,0
51.0,Travel_Rarely,1178.0,Sales,14.0,2.0,Life Sciences,3.0,Female,87.0,3.0,2.0,Sales Executive,4.0,Married,4936.0,14862.0,4.0,No,11.0,3.0,3.0,1.0,18.0,2.0,2.0,7.0,7.0,0.0,7.0,2468.0,0.3888888888888889,1.0,1.0,0.0,0
46.0,Travel_Rarely,644.0,Research & Development,1.0,4.0,Medical,4.0,Male,97.0,3.0,3.0,Healthcare Representative,1.0,Divorced,9396.0,12368.0,7.0,No,16.0,3.0,3.0,1.0,17.0,3.0,3.0,4.0,2.0,0.0,3.0,3132.0,0.23529411764705882,0.5,0.75,0.0,0
37.0,Non-Travel,1040.0,Research & Development,2.0,2.0,Life Sciences,3.0,Male,100.0,2.0,2.0,Healthcare Representative,4.0,Divorced,5163.0,15850.0,5.0,No,14.0,3.0,4.0,1.0,17.0,2.0,4.0,1.0,0.0,0.0,0.0,2581.5,0.058823529411764705,0.0,0.0,0.0,0
49.0,Travel_Rarely,1495.0,Research & Development,5.0,4.0,Technical Degree,1.0,Male,96.0,3.0,2.0,Healthcare Representative,3.0,Married,6651.0,21534.0,2.0,No,14.0,3.0,2.0,1.0,20.0,0.0,2.0,3.0,2.0,1.0,2.0,3325.5,0.15,0.6666666666666666,0.6666666666666666,0.3333333333333333,0
34.0,Travel_Rarely,937.0,Sales,1.0,3.0,Marketing,1.0,Male,32.0,3.0,3.0,Sales Executive,4.0,Single,9888.0,6770.0,1.0,No,21.0,4.0,1.0,0.0,14.0,3.0,2.0,14.0,8.0,2.0,1.0,3296.0,1.0,0.5714285714285714,0.07142857142857142,0.14285714285714285,0
43.0,Travel_Frequently,1082.0,Research & Development,27.0,3.0,Life Sciences,3.0,Female,83.0,3.0,3.0,Manufacturing Director,1.0,Married,10820.0,11535.0,8.0,No,11.0,3.0,3.0,1.0,18.0,1.0,3.0,8.0,7.0,0.0,1.0,3606.6666666666665,0.4444444444444444,0.875,0.125,0.0,0
24.0,Travel_Rarely,1371.0,Sales,10.0,4.0,Marketing,4.0,Female,77.0,3.0,2.0,Sales Executive,3.0,Divorced,4260.0,5915.0,1.0,Yes,12.0,3.0,4.0,1.0,5.0,2.0,4.0,5.0,2.0,0.0,3.0,2130.0,1.0,0.4,0.6,0.0,0
41.0,Travel_Rarely,1276.0,Sales,2.0,5.0,Life Sciences,2.0,Female,91.0,3.0,4.0,Manager,1.0,Married,16595.0,5626.0,7.0,No,16.0,3.0,2.0,1.0,22.0,2.0,3.0,18.0,16.0,11.0,8.0,4148.75,0.8181818181818182,0.8888888888888888,0.4444444444444444,0.6111111111111112,0
55.0,Travel_Rarely,478.0,Research & Development,2.0,3.0,Medical,3.0,Male,60.0,2.0,5.0,Research Director,1.0,Married,19038.0,19805.0,8.0,No,12.0,3.0,2.0,3.0,34.0,2.0,3.0,1.0,0.0,0.0,0.0,3807.6,0.029411764705882353,0.0,0.0,0.0,0
39.0,Travel_Rarely,170.0,Research & Development,3.0,2.0,Medical,3.0,Male,76.0,2.0,2.0,Laboratory Technician,3.0,Divorced,3069.0,10302.0,0.0,No,15.0,3.0,4.0,1.0,11.0,3.0,3.0,10.0,8.0,0.0,7.0,1534.5,0.9090909090909091,0.8,0.7,0.0,0
41.0,Travel_Frequently,857.0,Research & Development,10.0,3.0,Life Sciences,4.0,Male,91.0,2.0,4.0,Manager,1.0,Divorced,17181.0,12888.0,4.0,No,13.0,3.0,2.0,1.0,21.0,2.0,2.0,7.0,6.0,7.0,7.0,4295.25,0.3333333333333333,0.8571428571428571,1.0,1.0,0
30.0,Travel_Rarely,125.0,Research & Development,9.0,2.0,Medical,4.0,Male,83.0,2.0,1.0,Laboratory Technician,3.0,Single,2206.0,16117.0,1.0,No,13.0,3.0,1.0,0.0,10.0,5.0,3.0,10.0,0.0,1.0,8.0,2206.0,1.0,0.0,0.8,0.1,0
39.0,Travel_Rarely,141.0,Human Resources,3.0,3.0,Human Resources,3.0,Female,44.0,4.0,2.0,Human Resources,2.0,Married,6389.0,18767.0,9.0,No,15.0,3.0,3.0,1.0,12.0,3.0,1.0,8.0,3.0,3.0,6.0,3194.5,0.6666666666666666,0.375,0.75,0.375,0
44.0,Travel_Rarely,621.0,Research & Development,15.0,3.0,Medical,1.0,Female,73.0,3.0,3.0,Healthcare Representative,4.0,Married,7978.0,14075.0,1.0,No,11.0,3.0,4.0,1.0,10.0,2.0,3.0,10.0,7.0,0.0,5.0,2659.3333333333335,1.0,0.7,0.5,0.0,1
30.0,Non-Travel,829.0,Research & Development,1.0,1.0,Life Sciences,3.0,Male,88.0,2.0,3.0,Manufacturing Director,3.0,Single,8474.0,20925.0,1.0,No,22.0,4.0,3.0,0.0,12.0,2.0,3.0,11.0,8.0,5.0,8.0,2824.6666666666665,0.9166666666666666,0.7272727272727273,0.7272727272727273,0.45454545454545453,0
45.0,Non-Travel,336.0,Sales,26.0,3.0,Marketing,1.0,Male,52.0,2.0,2.0,Sales Executive,1.0,Married,4385.0,24162.0,1.0,No,15.0,3.0,1.0,1.0,10.0,2.0,3.0,10.0,7.0,4.0,5.0,2192.5,1.0,0.7,0.5,0.4,0
46.0,Travel_Frequently,1211.0,Sales,5.0,4.0,Marketing,1.0,Male,98.0,3.0,2.0,Sales Executive,4.0,Single,5772.0,20445.0,4.0,Yes,21.0,4.0,3.0,0.0,14.0,4.0,3.0,9.0,6.0,0.0,8.0,2886.0,0.6428571428571429,0.6666666666666666,0.8888888888888888,0.0,0
38.0,Non-Travel,152.0,Sales,10.0,3.0,Technical Degree,3.0,Female,85.0,3.0,2.0,Sales Executive,4.0,Single,5666.0,19899.0,1.0,Yes,13.0,3.0,2.0,0.0,6.0,1.0,3.0,5.0,3.0,1.0,3.0,2833.0,0.8333333333333334,0.6,0.6,0.2,0
35.0,Non-Travel,1212.0,Sales,8.0,2.0,Marketing,3.0,Female,78.0,2.0,3.0,Sales Executive,4.0,Married,10377.0,13755.0,4.0,Yes,11.0,3.0,2.0,1.0,16.0,6.0,2.0,13.0,2.0,4.0,12.0,3459.0,0.8125,0.15384615384615385,0.9230769230769231,0.3076923076923077,0
30.0,Travel_Rarely,138.0,Research & Development,22.0,3.0,Life Sciences,1.0,Female,48.0,3.0,1.0,Research Scientist,3.0,Married,2132.0,11539.0,4.0,Yes,11.0,3.0,2.0,0.0,7.0,2.0,3.0,5.0,2.0,0.0,1.0,2132.0,0.7142857142857143,0.4,0.2,0.0,1
40.0,Travel_Frequently,580.0,Sales,5.0,4.0,Life Sciences,4.0,Male,48.0,2.0,3.0,Sales Executive,1.0,Married,10475.0,23772.0,5.0,Yes,21.0,4.0,3.0,1.0,20.0,2.0,3.0,18.0,13.0,1.0,12.0,3491.6666666666665,0.9,0.7222222222222222,0.6666666666666666,0.05555555555555555,0
27.0,Non-Travel,443.0,Research & Development,3.0,3.0,Medical,4.0,Male,50.0,3.0,1.0,Research Scientist,4.0,Married,1706.0,16571.0,1.0,No,11.0,3.0,3.0,3.0,0.0,6.0,2.0,0.0,0.0,0.0,0.0,1706.0,0.0,0.0,0.0,0.0,0
33.0,Travel_Rarely,1069.0,Research & Development,1.0,3.0,Life Sciences,2.0,Female,42.0,2.0,2.0,Healthcare Representative,4.0,Single,6949.0,12291.0,0.0,No,14.0,3.0,1.0,0.0,6.0,3.0,3.0,5.0,0.0,1.0,4.0,3474.5,0.8333333333333334,0.0,0.8,0.2,0
35.0,Travel_Frequently,130.0,Research & Development,25.0,4.0,Life Sciences,4.0,Female,96.0,3.0,1.0,Research Scientist,2.0,Divorced,2022.0,16612.0,1.0,Yes,19.0,3.0,1.0,1.0,10.0,3.0,2.0,10.0,2.0,7.0,8.0,2022.0,1.0,0.2,0.8,0.7,1
40.0,Travel_Rarely,444.0,Sales,2.0,2.0,Marketing,2.0,Female,92.0,3.0,2.0,Sales Executive,2.0,Married,5677.0,4258.0,3.0,No,14.0,3.0,3.0,1.0,15.0,4.0,3.0,11.0,8.0,5.0,10.0,2838.5,0.7333333333333333,0.7272727272727273,0.9090909090909091,0.45454545454545453,0
34.0,Travel_Frequently,653.0,Research & Development,10.0,4.0,Technical Degree,4.0,Male,92.0,2.0,2.0,Healthcare Representative,3.0,Married,5063.0,15332.0,1.0,No,14.0,3.0,2.0,1.0,8.0,3.0,2.0,8.0,2.0,7.0,7.0,2531.5,1.0,0.25,0.875,0.875,0
45.0,Travel_Rarely,1038.0,Research & Development,20.0,3.0,Medical,2.0,Male,95.0,1.0,3.0,Healthcare Representative,1.0,Divorced,10851.0,19863.0,2.0,Yes,18.0,3.0,2.0,1.0,24.0,2.0,3.0,7.0,7.0,0.0,7.0,3617.0,0.2916666666666667,1.0,1.0,0.0,0
27.0,Travel_Rarely,975.0,Research & Development,7.0,3.0,Medical,4.0,Female,55.0,2.0,2.0,Healthcare Representative,1.0,Single,6811.0,23398.0,8.0,No,19.0,3.0,1.0,0.0,9.0,2.0,1.0,7.0,6.0,0.0,7.0,3405.5,0.7777777777777778,0.8571428571428571,1.0,0.0,0
53.0,Travel_Rarely,1084.0,Research & Development,13.0,2.0,Medical,4.0,Female,57.0,4.0,2.0,Manufacturing Director,1.0,Divorced,4450.0,26250.0,1.0,No,11.0,3.0,3.0,2.0,5.0,3.0,3.0,4.0,2.0,1.0,3.0,2225.0,0.8,0.5,0.75,0.25,0
47.0,Travel_Rarely,955.0,Sales,4.0,2.0,Life Sciences,4.0,Female,83.0,3.0,2.0,Sales Executive,4.0,Single,4163.0,8571.0,1.0,Yes,17.0,3.0,3.0,0.0,9.0,0.0,3.0,9.0,0.0,0.0,7.0,2081.5,1.0,0.0,0.7777777777777778,0.0,0
47.0,Non-Travel,1169.0,Research & Development,14.0,4.0,Technical Degree,3.0,Male,64.0,3.0,2.0,Research Scientist,2.0,Married,5467.0,2125.0,8.0,No,18.0,3.0,3.0,1.0,16.0,4.0,4.0,8.0,7.0,1.0,7.0,2733.5,0.5,0.875,0.875,0.125,0
20.0,Travel_Rarely,1141.0,Sales,2.0,3.0,Medical,3.0,Female,31.0,3.0,1.0,Sales Representative,3.0,Single,2783.0,13251.0,1.0,No,19.0,3.0,1.0,0.0,2.0,3.0,3.0,2.0,2.0,2.0,2.0,2783.0,1.0,1.0,1.0,1.0,0
27.0,Travel_Rarely,1157.0,Research & Development,17.0,3.0,Technical Degree,3.0,Male,51.0,3.0,1.0,Research Scientist,2.0,Married,3058.0,13364.0,0.0,Yes,16.0,3.0,4.0,1.0,6.0,3.0,2.0,5.0,2.0,1.0,1.0,3058.0,0.8333333333333334,0.4,0.2,0.2,0
38.0,Travel_Rarely,827.0,Research & Development,1.0,4.0,Life Sciences,2.0,Female,33.0,4.0,2.0,Healthcare Representative,4.0,Single,7625.0,19383.0,0.0,No,13.0,3.0,3.0,0.0,10.0,4.0,2.0,9.0,7.0,1.0,8.0,3812.5,0.9,0.7777777777777778,0.8888888888888888,0.1111111111111111,0
34.0,Travel_Rarely,401.0,Research & Development,1.0,3.0,Life Sciences,4.0,Female,86.0,2.0,1.0,Laboratory Technician,2.0,Married,3294.0,3708.0,5.0,No,17.0,3.0,1.0,1.0,7.0,2.0,2.0,5.0,4.0,0.0,2.0,3294.0,0.7142857142857143,0.8,0.4,0.0,0
56.0,Travel_Rarely,1443.0,Sales,11.0,5.0,Marketing,4.0,Female,89.0,2.0,2.0,Sales Executive,1.0,Married,5380.0,20328.0,4.0,No,16.0,3.0,3.0,1.0,6.0,3.0,3.0,0.0,0.0,0.0,0.0,2690.0,0.0,0.0,0.0,0.0,0
54.0,Travel_Rarely,431.0,Research & Development,7.0,4.0,Medical,4.0,Female,68.0,3.0,2.0,Research Scientist,4.0,Married,6854.0,15696.0,4.0,No,15.0,3.0,2.0,1.0,14.0,2.0,2.0,7.0,1.0,1.0,7.0,3427.0,0.5,0.14285714285714285,1.0,0.14285714285714285,0
35.0,Travel_Rarely,1214.0,Research & Development,1.0,3.0,Medical,2.0,Male,30.0,2.0,1.0,Research Scientist,3.0,Single,2859.0,26278.0,1.0,No,18.0,3.0,1.0,0.0,6.0,3.0,3.0,6.0,4.0,0.0,4.0,2859.0,1.0,0.6666666666666666,0.6666666666666666,0.0,0
40.0,Travel_Rarely,369.0,Research & Development,8.0,2.0,Life Sciences,2.0,Female,92.0,3.0,2.0,Manufacturing Director,1.0,Married,6516.0,5041.0,2.0,Yes,16.0,3.0,2.0,1.0,18.0,3.0,3.0,1.0,0.0,0.0,0.0,3258.0,0.05555555555555555,0.0,0.0,0.0,0
46.0,Travel_Rarely,717.0,Research & Development,13.0,4.0,Life Sciences,3.0,Male,34.0,3.0,2.0,Healthcare Representative,2.0,Single,5562.0,9697.0,6.0,No,14.0,3.0,4.0,0.0,19.0,3.0,3.0,10.0,7.0,0.0,9.0,2781.0,0.5263157894736842,0.7,0.9,0.0,0
41.0,Travel_Rarely,167.0,Research & Development,12.0,4.0,Life Sciences,2.0,Male,46.0,3.0,1.0,Laboratory Technician,4.0,Married,4766.0,9051.0,3.0,Yes,11.0,3.0,1.0,1.0,6.0,4.0,3.0,1.0,0.0,0.0,0.0,4766.0,0.16666666666666666,0.0,0.0,0.0,0
42.0,Travel_Rarely,1142.0,Research & Development,8.0,3.0,Life Sciences,4.0,Male,81.0,3.0,1.0,Laboratory Technician,3.0,Single,3968.0,13624.0,4.0,No,13.0,3.0,4.0,0.0,8.0,3.0,3.0,0.0,0.0,0.0,0.0,3968.0,0.0,0.0,0.0,0.0,0
27.0,Travel_Frequently,829.0,Sales,8.0,1.0,Marketing,3.0,Male,84.0,3.0,2.0,Sales Executive,4.0,Married,4342.0,24008.0,0.0,No,19.0,3.0,2.0,1.0,5.0,3.0,3.0,4.0,2.0,1.0,1.0,2171.0,0.8,0.5,0.25,0.25,0
33.0,Travel_Rarely,118.0,Sales,16.0,3.0,Marketing,1.0,Female,69.0,3.0,2.0,Sales Executive,1.0,Single,5324.0,26507.0,5.0,No,15.0,3.0,3.0,0.0,6.0,3.0,3.0,3.0,2.0,0.0,2.0,2662.0,0.5,0.6666666666666666,0.6666666666666666,0.0,1
31.0,Travel_Frequently,1445.0,Research & Development,1.0,5.0,Life Sciences,3.0,Female,100.0,4.0,3.0,Manufacturing Director,2.0,Single,7446.0,8931.0,1.0,No,11.0,3.0,1.0,0.0,10.0,2.0,3.0,10.0,8.0,4.0,7.0,2482.0,1.0,0.8,0.7,0.4,1
26.0,Travel_Rarely,471.0,Research & Development,24.0,3.0,Technical Degree,3.0,Male,66.0,1.0,1.0,Laboratory Technician,4.0,Single,2340.0,23213.0,1.0,Yes,18.0,3.0,2.0,0.0,1.0,3.0,1.0,1.0,0.0,0.0,0.0,2340.0,1.0,0.0,0.0,0.0,1
32.0,Travel_Rarely,604.0,Sales,8.0,3.0,Medical,3.0,Male,56.0,4.0,2.0,Sales Executive,4.0,Married,6209.0,11693.0,1.0,No,15.0,3.0,3.0,2.0,10.0,4.0,4.0,10.0,7.0,0.0,8.0,3104.5,1.0,0.7,0.8,0.0,0
28.0,Travel_Frequently,1496.0,Sales,1.0,3.0,Technical Degree,1.0,Male,92.0,3.0,1.0,Sales Representative,3.0,Married,2909.0,15747.0,3.0,No,15.0,3.0,4.0,1.0,5.0,3.0,4.0,3.0,2.0,1.0,2.0,2909.0,0.6,0.6666666666666666,0.6666666666666666,0.3333333333333333,1
29.0,Travel_Rarely,408.0,Research & Development,25.0,5.0,Technical Degree,3.0,Female,71.0,2.0,1.0,Research Scientist,2.0,Married,2546.0,18300.0,5.0,No,16.0,3.0,2.0,0.0,6.0,2.0,4.0,2.0,2.0,1.0,1.0,2546.0,0.3333333333333333,1.0,0.5,0.5,1
40.0,Travel_Frequently,530.0,Research & Development,1.0,4.0,Life Sciences,3.0,Male,78.0,2.0,4.0,Healthcare Representative,2.0,Married,13503.0,14115.0,1.0,No,22.0,4.0,4.0,1.0,22.0,3.0,2.0,22.0,3.0,11.0,11.0,3375.75,1.0,0.13636363636363635,0.5,0.5,0
32.0,Travel_Frequently,1318.0,Sales,10.0,4.0,Marketing,4.0,Male,79.0,3.0,2.0,Sales Executive,4.0,Single,4648.0,26075.0,8.0,No,13.0,3.0,3.0,0.0,4.0,2.0,4.0,0.0,0.0,0.0,0.0,2324.0,0.0,0.0,0.0,0.0,0
49.0,Travel_Rarely,1245.0,Research & Development,18.0,4.0,Life Sciences,4.0,Male,58.0,2.0,5.0,Research Director,3.0,Divorced,19502.0,2125.0,1.0,Yes,17.0,3.0,3.0,1.0,31.0,5.0,3.0,31.0,9.0,0.0,9.0,3900.4,1.0,0.2903225806451613,0.2903225806451613,0.0,0
33.0,Travel_Rarely,813.0,Research & Development,14.0,3.0,Medical,3.0,Male,58.0,3.0,1.0,Laboratory Technician,4.0,Married,2436.0,22149.0,5.0,Yes,13.0,3.0,3.0,1.0,8.0,2.0,1.0,5.0,4.0,0.0,4.0,2436.0,0.625,0.8,0.8,0.0,1
35.0,Travel_Rarely,384.0,Sales,8.0,4.0,Life Sciences,1.0,Female,72.0,3.0,1.0,Sales Representative,4.0,Married,2572.0,20317.0,1.0,No,16.0,3.0,2.0,1.0,3.0,1.0,2.0,3.0,2.0,0.0,2.0,2572.0,1.0,0.6666666666666666,0.6666666666666666,0.0,0
47.0,Travel_Frequently,1093.0,Sales,9.0,3.0,Life Sciences,3.0,Male,82.0,1.0,4.0,Sales Executive,3.0,Married,12936.0,24164.0,7.0,No,11.0,3.0,3.0,0.0,25.0,3.0,1.0,23.0,5.0,14.0,10.0,3234.0,0.92,0.21739130434782608,0.43478260869565216,0.6086956521739131,1
38.0,Travel_Rarely,1153.0,Research & Development,6.0,2.0,Other,4.0,Female,40.0,2.0,1.0,Laboratory Technician,3.0,Married,3702.0,16376.0,1.0,No,11.0,3.0,2.0,1.0,5.0,3.0,3.0,5.0,4.0,0.0,4.0,3702.0,1.0,0.8,0.8,0.0,0
59.0,Non-Travel,1420.0,Human Resources,2.0,4.0,Human Resources,3.0,Female,32.0,2.0,5.0,Manager,4.0,Married,18844.0,21922.0,9.0,No,21.0,4.0,4.0,1.0,30.0,3.0,3.0,3.0,2.0,2.0,2.0,3768.8,0.1,0.6666666666666666,0.6666666666666666,0.6666666666666666,0
49.0,Travel_Frequently,1064.0,Research & Development,2.0,1.0,Life Sciences,2.0,Male,42.0,3.0,5.0,Research Director,4.0,Married,19161.0,13738.0,3.0,No,15.0,3.0,4.0,0.0,28.0,3.0,3.0,5.0,4.0,4.0,3.0,3832.2,0.17857142857142858,0.8,0.6,0.8,0
31.0,Travel_Rarely,218.0,Sales,7.0,3.0,Technical Degree,2.0,Male,100.0,4.0,2.0,Sales Executive,4.0,Married,6929.0,12241.0,4.0,No,11.0,3.0,2.0,1.0,10.0,3.0,2.0,8.0,7.0,7.0,7.0,3464.5,0.8,0.875,0.875,0.875,0
44.0,Travel_Frequently,602.0,Human Resources,1.0,5.0,Human Resources,1.0,Male,37.0,3.0,2.0,Human Resources,4.0,Married,5743.0,10503.0,4.0,Yes,11.0,3.0,3.0,0.0,14.0,3.0,3.0,10.0,7.0,0.0,2.0,2871.5,0.7142857142857143,0.7,0.2,0.0,0
30.0,Travel_Rarely,1275.0,Research & Development,28.0,2.0,Medical,4.0,Female,64.0,3.0,2.0,Research Scientist,4.0,Married,5775.0,11934.0,1.0,No,13.0,3.0,4.0,2.0,11.0,2.0,3.0,10.0,8.0,1.0,9.0,2887.5,0.9090909090909091,0.8,0.9,0.1,0
28.0,Travel_Rarely,1172.0,Sales,3.0,3.0,Medical,2.0,Female,78.0,3.0,1.0,Sales Representative,2.0,Married,2856.0,3692.0,1.0,No,19.0,3.0,4.0,1.0,1.0,3.0,3.0,1.0,0.0,0.0,0.0,2856.0,1.0,0.0,0.0,0.0,0
36.0,Travel_Rarely,1040.0,Research & Development,3.0,2.0,Life Sciences,4.0,Male,79.0,4.0,2.0,Healthcare Representative,1.0,Divorced,6842.0,26308.0,6.0,No,20.0,4.0,1.0,1.0,13.0,3.0,3.0,5.0,4.0,0.0,4.0,3421.0,0.38461538461538464,0.8,0.8,0.0,0
50.0,Travel_Rarely,1452.0,Research & Development,11.0,3.0,Life Sciences,3.0,Female,53.0,3.0,5.0,Manager,2.0,Single,19926.0,17053.0,3.0,No,15.0,3.0,2.0,0.0,21.0,5.0,3.0,5.0,4.0,4.0,4.0,3985.2,0.23809523809523808,0.8,0.8,0.8,0
37.0,Non-Travel,1413.0,Research & Development,5.0,2.0,Technical Degree,3.0,Male,84.0,4.0,1.0,Laboratory Technician,3.0,Single,3500.0,25470.0,0.0,No,14.0,3.0,1.0,0.0,7.0,2.0,1.0,6.0,5.0,1.0,3.0,3500.0,0.8571428571428571,0.8333333333333334,0.5,0.16666666666666666,0
42.0,Travel_Rarely,557.0,Research & Development,18.0,4.0,Life Sciences,4.0,Male,35.0,3.0,2.0,Research Scientist,1.0,Divorced,5410.0,11189.0,6.0,Yes,17.0,3.0,3.0,1.0,9.0,3.0,2.0,4.0,3.0,1.0,2.0,2705.0,0.4444444444444444,0.75,0.5,0.25,0
33.0,Non-Travel,775.0,Research & Development,4.0,3.0,Technical Degree,4.0,Male,90.0,3.0,2.0,Research Scientist,2.0,Divorced,3055.0,6194.0,5.0,No,15.0,3.0,4.0,2.0,11.0,2.0,2.0,9.0,8.0,1.0,7.0,1527.5,0.8181818181818182,0.8888888888888888,0.7777777777777778,0.1111111111111111,0
43.0,Travel_Frequently,559.0,Research & Development,10.0,4.0,Life Sciences,3.0,Female,82.0,2.0,2.0,Laboratory Technician,3.0,Divorced,5257.0,6227.0,1.0,No,11.0,3.0,2.0,1.0,9.0,3.0,4.0,9.0,7.0,0.0,0.0,2628.5,1.0,0.7777777777777778,0.0,0.0,0
38.0,Travel_Frequently,653.0,Research & Development,29.0,5.0,Life Sciences,4.0,Female,50.0,3.0,2.0,Laboratory Technician,4.0,Single,2406.0,5456.0,1.0,No,11.0,3.0,4.0,0.0,10.0,2.0,3.0,10.0,3.0,9.0,9.0,1203.0,1.0,0.3,0.9,0.9,0
28.0,Travel_Rarely,640.0,Research & Development,1.0,3.0,Technical Degree,4.0,Male,84.0,3.0,1.0,Research Scientist,1.0,Single,2080.0,4732.0,2.0,No,11.0,3.0,2.0,0.0,5.0,2.0,2.0,3.0,2.0,1.0,2.0,2080.0,0.6,0.6666666666666666,0.6666666666666666,0.3333333333333333,0
54.0,Travel_Rarely,376.0,Research & Development,19.0,4.0,Medical,4.0,Female,95.0,3.0,2.0,Manufacturing Director,1.0,Divorced,5485.0,22670.0,9.0,Yes,11.0,3.0,2.0,2.0,9.0,4.0,3.0,5.0,3.0,1.0,4.0,2742.5,0.5555555555555556,0.6,0.8,0.2,0
50.0,Travel_Rarely,989.0,Research & Development,7.0,2.0,Medical,2.0,Female,43.0,2.0,5.0,Research Director,3.0,Divorced,18740.0,16701.0,5.0,Yes,12.0,3.0,4.0,1.0,29.0,2.0,2.0,27.0,3.0,13.0,8.0,3748.0,0.9310344827586207,0.1111111111111111,0.2962962962962963,0.48148148148148145,0
32.0,Travel_Rarely,374.0,Research & Development,25.0,4.0,Life Sciences,1.0,Male,87.0,3.0,1.0,Laboratory Technician,4.0,Single,2795.0,18016.0,1.0,Yes,24.0,4.0,3.0,0.0,1.0,2.0,1.0,1.0,0.0,0.0,1.0,2795.0,1.0,0.0,1.0,0.0,1
48.0,Travel_Rarely,277.0,Research & Development,6.0,3.0,Life Sciences,1.0,Male,97.0,2.0,2.0,Healthcare Representative,3.0,Single,4240.0,13119.0,2.0,No,13.0,3.0,4.0,0.0,19.0,0.0,3.0,2.0,2.0,2.0,2.0,2120.0,0.10526315789473684,1.0,1.0,1.0,0
36.0,Travel_Rarely,1456.0,Sales,13.0,5.0,Marketing,2.0,Male,96.0,2.0,2.0,Sales Executive,1.0,Divorced,6134.0,8658.0,5.0,Yes,13.0,3.0,2.0,3.0,16.0,3.0,3.0,2.0,2.0,2.0,2.0,3067.0,0.125,1.0,1.0,1.0,1
43.0,Travel_Rarely,574.0,Research & Development,11.0,3.0,Life Sciences,1.0,Male,30.0,3.0,3.0,Healthcare Representative,3.0,Married,7510.0,16873.0,1.0,No,17.0,3.0,2.0,1.0,10.0,1.0,3.0,10.0,9.0,0.0,9.0,2503.3333333333335,1.0,0.9,0.9,0.0,0
35.0,Travel_Rarely,776.0,Sales,1.0,4.0,Marketing,3.0,Male,32.0,2.0,2.0,Sales Executive,1.0,Single,4312.0,23016.0,0.0,No,14.0,3.0,2.0,0.0,16.0,2.0,3.0,15.0,13.0,2.0,8.0,2156.0,0.9375,0.8666666666666667,0.5333333333333333,0.13333333333333333,0
26.0,Travel_Rarely,1449.0,Research & Development,16.0,4.0,Medical,1.0,Male,45.0,3.0,1.0,Laboratory Technician,2.0,Divorced,2373.0,14180.0,2.0,Yes,13.0,3.0,4.0,1.0,5.0,2.0,3.0,3.0,2.0,0.0,2.0,2373.0,0.6,0.6666666666666666,0.6666666666666666,0.0,1
34.0,Travel_Rarely,1153.0,Research & Development,1.0,2.0,Medical,1.0,Male,94.0,3.0,2.0,Manufacturing Director,2.0,Married,4325.0,17736.0,1.0,No,15.0,3.0,3.0,0.0,5.0,2.0,3.0,5.0,2.0,1.0,3.0,2162.5,1.0,0.4,0.6,0.2,0
39.0,Travel_Rarely,524.0,Research & Development,18.0,2.0,Life Sciences,1.0,Male,32.0,3.0,2.0,Manufacturing Director,3.0,Single,4534.0,13352.0,0.0,No,11.0,3.0,1.0,0.0,9.0,6.0,3.0,8.0,7.0,1.0,7.0,2267.0,0.8888888888888888,0.875,0.875,0.125,0
46.0,Travel_Rarely,669.0,Sales,9.0,2.0,Medical,3.0,Male,64.0,2.0,3.0,Sales Executive,4.0,Single,9619.0,13596.0,1.0,No,16.0,3.0,4.0,0.0,9.0,3.0,3.0,9.0,8.0,4.0,7.0,3206.3333333333335,1.0,0.8888888888888888,0.7777777777777778,0.4444444444444444,1
38.0,Travel_Rarely,1261.0,Research & Development,2.0,4.0,Life Sciences,4.0,Male,88.0,3.0,2.0,Manufacturing Director,3.0,Married,6553.0,7259.0,9.0,No,14.0,3.0,2.0,0.0,14.0,3.0,3.0,1.0,0.0,0.0,0.0,3276.5,0.07142857142857142,0.0,0.0,0.0,0
52.0,Travel_Rarely,266.0,Sales,2.0,1.0,Marketing,1.0,Female,57.0,1.0,5.0,Manager,4.0,Married,19845.0,25846.0,1.0,No,15.0,3.0,4.0,1.0,33.0,3.0,3.0,32.0,14.0,6.0,9.0,3969.0,0.9696969696969697,0.4375,0.28125,0.1875,1
34.0,Travel_Rarely,628.0,Research & Development,8.0,3.0,Medical,2.0,Male,82.0,4.0,2.0,Laboratory Technician,3.0,Married,4404.0,10228.0,2.0,No,12.0,3.0,1.0,0.0,6.0,3.0,4.0,4.0,3.0,1.0,2.0,2202.0,0.6666666666666666,0.75,0.5,0.25,0
35.0,Travel_Rarely,982.0,Research & Development,1.0,4.0,Medical,4.0,Male,58.0,2.0,1.0,Laboratory Technician,3.0,Married,2258.0,16340.0,6.0,No,12.0,3.0,2.0,1.0,10.0,2.0,3.0,8.0,0.0,1.0,7.0,2258.0,0.8,0.0,0.875,0.125,0
36.0,Non-Travel,894.0,Research & Development,1.0,4.0,Medical,4.0,Female,33.0,2.0,2.0,Manufacturing Director,3.0,Married,4374.0,15411.0,0.0,No,15.0,3.0,3.0,0.0,4.0,6.0,3.0,3.0,2.0,1.0,2.0,2187.0,0.75,0.6666666666666666,0.6666666666666666,0.3333333333333333,0
52.0,Travel_Frequently,890.0,Research & Development,25.0,4.0,Medical,3.0,Female,81.0,2.0,4.0,Manufacturing Director,4.0,Married,13826.0,19028.0,3.0,No,22.0,4.0,3.0,0.0,31.0,3.0,3.0,9.0,8.0,0.0,0.0,3456.5,0.2903225806451613,0.8888888888888888,0.0,0.0,0
28.0,Travel_Rarely,950.0,Research & Development,3.0,3.0,Medical,4.0,Female,93.0,3.0,3.0,Manufacturing Director,2.0,Divorced,7655.0,8039.0,0.0,No,17.0,3.0,2.0,3.0,10.0,3.0,2.0,9.0,7.0,1.0,7.0,2551.6666666666665,0.9,0.7777777777777778,0.7777777777777778,0.1111111111111111,0
43.0,Travel_Frequently,807.0,Research & Development,17.0,3.0,Technical Degree,3.0,Male,38.0,2.0,1.0,Research Scientist,3.0,Married,2437.0,15587.0,9.0,Yes,16.0,3.0,4.0,1.0,6.0,4.0,3.0,1.0,0.0,0.0,0.0,2437.0,0.16666666666666666,0.0,0.0,0.0,1
41.0,Travel_Rarely,263.0,Research & Development,6.0,3.0,Medical,4.0,Male,59.0,3.0,1.0,Laboratory Technician,1.0,Single,4721.0,3119.0,2.0,Yes,13.0,3.0,3.0,0.0,20.0,3.0,3.0,18.0,13.0,2.0,17.0,4721.0,0.9,0.7222222222222222,0.9444444444444444,0.1111111111111111,0
37.0,Travel_Rarely,977.0,Research & Development,1.0,3.0,Life Sciences,4.0,Female,56.0,2.0,2.0,Manufacturing Director,4.0,Married,6474.0,9961.0,1.0,No,13.0,3.0,2.0,1.0,14.0,2.0,2.0,14.0,8.0,3.0,11.0,3237.0,1.0,0.5714285714285714,0.7857142857142857,0.21428571428571427,0
32.0,Travel_Rarely,601.0,Sales,7.0,5.0,Marketing,4.0,Male,97.0,3.0,2.0,Sales Executive,4.0,Married,9204.0,23343.0,4.0,No,12.0,3.0,3.0,1.0,7.0,3.0,2.0,4.0,3.0,0.0,3.0,4602.0,0.5714285714285714,0.75,0.75,0.0,0
50.0,Travel_Rarely,1464.0,Research & Development,2.0,4.0,Medical,2.0,Male,62.0,3.0,5.0,Research Director,3.0,Married,19237.0,12853.0,2.0,Yes,11.0,3.0,4.0,1.0,29.0,2.0,2.0,8.0,1.0,7.0,7.0,3847.4,0.27586206896551724,0.125,0.875,0.875,0
44.0,Travel_Rarely,986.0,Research & Development,8.0,4.0,Life Sciences,1.0,Male,62.0,4.0,1.0,Laboratory Technician,4.0,Married,2818.0,5044.0,2.0,Yes,24.0,4.0,3.0,1.0,10.0,2.0,2.0,3.0,2.0,0.0,2.0,2818.0,0.3,0.6666666666666666,0.6666666666666666,0.0,0
37.0,Travel_Rarely,1017.0,Research & Development,1.0,2.0,Medical,3.0,Female,83.0,2.0,1.0,Research Scientist,1.0,Married,3920.0,18697.0,2.0,No,14.0,3.0,1.0,1.0,17.0,2.0,2.0,3.0,1.0,0.0,2.0,3920.0,0.17647058823529413,0.3333333333333333,0.6666666666666666,0.0,0
50.0,Travel_Frequently,878.0,Sales,1.0,4.0,Life Sciences,2.0,Male,94.0,3.0,2.0,Sales Executive,3.0,Divorced,6728.0,14255.0,7.0,No,12.0,3.0,4.0,2.0,12.0,3.0,3.0,6.0,3.0,0.0,1.0,3364.0,0.5,0.5,0.16666666666666666,0.0,1
39.0,Travel_Rarely,1431.0,Research & Development,1.0,4.0,Medical,3.0,Female,96.0,3.0,1.0,Laboratory Technician,3.0,Divorced,2232.0,15417.0,7.0,No,14.0,3.0,3.0,3.0,7.0,1.0,3.0,3.0,2.0,1.0,2.0,2232.0,0.42857142857142855,0.6666666666666666,0.6666666666666666,0.3333333333333333,0
30.0,Travel_Rarely,1427.0,Research & Development,2.0,1.0,Medical,2.0,Male,35.0,2.0,1.0,Laboratory Technician,4.0,Single,2720.0,11162.0,0.0,No,13.0,3.0,4.0,0.0,6.0,3.0,3.0,5.0,3.0,1.0,2.0,2720.0,0.8333333333333334,0.6,0.4,0.2,0
53.0,Non-Travel,661.0,Research & Development,1.0,4.0,Medical,1.0,Female,60.0,2.0,4.0,Manufacturing Director,3.0,Married,12965.0,22308.0,4.0,Yes,20.0,4.0,4.0,3.0,27.0,2.0,2.0,3.0,2.0,0.0,2.0,3241.25,0.1111111111111111,0.6666666666666666,0.6666666666666666,0.0,0
46.0,Travel_Rarely,1485.0,Research & Development,18.0,3.0,Medical,3.0,Female,87.0,3.0,2.0,Manufacturing Director,3.0,Divorced,4810.0,26314.0,2.0,No,14.0,3.0,3.0,1.0,19.0,5.0,2.0,10.0,7.0,0.0,8.0,2405.0,0.5263157894736842,0.7,0.8,0.0,0
35.0,Travel_Rarely,303.0,Sales,27.0,3.0,Life Sciences,3.0,Male,84.0,3.0,2.0,Sales Executive,4.0,Single,5813.0,13492.0,1.0,Yes,18.0,3.0,4.0,0.0,10.0,2.0,3.0,10.0,7.0,7.0,7.0,2906.5,1.0,0.7,0.7,0.7,1
33.0,Travel_Frequently,553.0,Research & Development,5.0,4.0,Life Sciences,4.0,Female,74.0,3.0,3.0,Manager,2.0,Married,11878.0,23364.0,6.0,No,11.0,3.0,2.0,2.0,12.0,2.0,3.0,10.0,6.0,8.0,8.0,3959.3333333333335,0.8333333333333334,0.6,0.8,0.8,0
43.0,Travel_Rarely,982.0,Research & Development,12.0,3.0,Life Sciences,1.0,Male,59.0,2.0,4.0,Research Director,2.0,Divorced,14336.0,4345.0,1.0,No,11.0,3.0,3.0,1.0,25.0,3.0,3.0,25.0,10.0,3.0,9.0,3584.0,1.0,0.4,0.36,0.12,0
27.0,Travel_Frequently,1131.0,Research & Development,15.0,3.0,Life Sciences,4.0,Female,77.0,2.0,1.0,Research Scientist,1.0,Married,4774.0,23844.0,0.0,No,19.0,3.0,4.0,1.0,8.0,2.0,2.0,7.0,6.0,7.0,3.0,4774.0,0.875,0.8571428571428571,0.42857142857142855,1.0,0
40.0,Travel_Frequently,1395.0,Research & Development,26.0,3.0,Medical,2.0,Female,54.0,3.0,2.0,Research Scientist,2.0,Divorced,5605.0,8504.0,1.0,No,11.0,3.0,1.0,1.0,20.0,2.0,3.0,20.0,7.0,2.0,13.0,2802.5,1.0,0.35,0.65,0.1,0
29.0,Travel_Rarely,153.0,Research & Development,15.0,2.0,Life Sciences,4.0,Female,49.0,2.0,2.0,Laboratory Technician,3.0,Single,4193.0,12682.0,0.0,Yes,12.0,3.0,4.0,0.0,10.0,3.0,3.0,9.0,5.0,0.0,8.0,2096.5,0.9,0.5555555555555556,0.8888888888888888,0.0,0
29.0,Travel_Rarely,232.0,Research & Development,19.0,3.0,Technical Degree,4.0,Male,34.0,3.0,2.0,Manufacturing Director,4.0,Divorced,4262.0,22645.0,4.0,No,12.0,3.0,2.0,2.0,8.0,2.0,4.0,3.0,2.0,1.0,2.0,2131.0,0.375,0.6666666666666666,0.6666666666666666,0.3333333333333333,0
33.0,Non-Travel,530.0,Sales,16.0,3.0,Life Sciences,3.0,Female,36.0,3.0,2.0,Sales Executive,4.0,Divorced,5368.0,16130.0,1.0,Yes,25.0,4.0,3.0,1.0,7.0,2.0,3.0,6.0,5.0,1.0,2.0,2684.0,0.8571428571428571,0.8333333333333334,0.3333333333333333,0.16666666666666666,0
46.0,Travel_Rarely,706.0,Research & Development,2.0,2.0,Life Sciences,4.0,Male,82.0,3.0,3.0,Manufacturing Director,4.0,Divorced,8578.0,19989.0,3.0,No,14.0,3.0,3.0,1.0,12.0,4.0,2.0,9.0,8.0,4.0,7.0,2859.3333333333335,0.75,0.8888888888888888,0.7777777777777778,0.4444444444444444,0
40.0,Travel_Rarely,804.0,Research & Development,2.0,1.0,Medical,4.0,Female,86.0,2.0,1.0,Research Scientist,4.0,Single,2342.0,22929.0,0.0,Yes,20.0,4.0,4.0,0.0,5.0,2.0,2.0,4.0,2.0,2.0,3.0,2342.0,0.8,0.5,0.75,0.5,0
48.0,Travel_Rarely,817.0,Sales,2.0,1.0,Marketing,2.0,Male,56.0,4.0,2.0,Sales Executive,2.0,Married,8120.0,18597.0,3.0,No,12.0,3.0,4.0,0.0,12.0,3.0,3.0,2.0,2.0,2.0,2.0,4060.0,0.16666666666666666,1.0,1.0,1.0,0
18.0,Travel_Rarely,230.0,Research & Development,3.0,3.0,Life Sciences,3.0,Male,54.0,3.0,1.0,Laboratory Technician,3.0,Single,1420.0,25233.0,1.0,No,13.0,3.0,3.0,0.0,0.0,2.0,3.0,0.0,0.0,0.0,0.0,1420.0,0.0,0.0,0.0,0.0,1
27.0,Travel_Rarely,1302.0,Research & Development,19.0,3.0,Other,4.0,Male,67.0,2.0,1.0,Laboratory Technician,1.0,Divorced,4066.0,16290.0,1.0,No,11.0,3.0,1.0,2.0,7.0,3.0,3.0,7.0,7.0,0.0,7.0,4066.0,1.0,1.0,1.0,0.0,0
18.0,Non-Travel,287.0,Research & Development,5.0,2.0,Life Sciences,2.0,Male,73.0,3.0,1.0,Research Scientist,4.0,Single,1051.0,13493.0,1.0,No,15.0,3.0,4.0,0.0,0.0,2.0,3.0,0.0,0.0,0.0,0.0,1051.0,0.0,0.0,0.0,0.0,0
24.0,Travel_Rarely,823.0,Research & Development,17.0,2.0,Other,4.0,Male,94.0,2.0,1.0,Laboratory Technician,2.0,Married,2127.0,9100.0,1.0,No,21.0,4.0,4.0,1.0,1.0,2.0,3.0,1.0,0.0,0.0,0.0,2127.0,1.0,0.0,0.0,0.0,0
28.0,Travel_Rarely,580.0,Research & Development,27.0,3.0,Medical,2.0,Female,39.0,1.0,2.0,Manufacturing Director,1.0,Divorced,4877.0,20460.0,0.0,No,21.0,4.0,2.0,1.0,6.0,5.0,2.0,5.0,3.0,0.0,0.0,2438.5,0.8333333333333334,0.6,0.0,0.0,0
46.0,Travel_Rarely,488.0,Sales,2.0,3.0,Technical Degree,3.0,Female,75.0,1.0,4.0,Manager,2.0,Married,16872.0,14977.0,3.0,Yes,12.0,3.0,2.0,1.0,28.0,2.0,2.0,7.0,7.0,7.0,7.0,4218.0,0.25,1.0,1.0,1.0,0
35.0,Travel_Rarely,755.0,Research & Development,9.0,4.0,Life Sciences,3.0,Male,97.0,2.0,2.0,Healthcare Representative,2.0,Single,6540.0,19394.0,9.0,No,19.0,3.0,3.0,0.0,10.0,5.0,3.0,1.0,1.0,0.0,0.0,3270.0,0.1,1.0,0.0,0.0,0
31.0,Travel_Frequently,307.0,Research & Development,29.0,2.0,Medical,3.0,Male,71.0,2.0,1.0,Laboratory Technician,2.0,Single,3479.0,11652.0,0.0,No,11.0,3.0,2.0,0.0,6.0,2.0,4.0,5.0,4.0,1.0,4.0,3479.0,0.8333333333333334,0.8,0.8,0.2,1
34.0,Non-Travel,967.0,Research & Development,16.0,4.0,Technical Degree,4.0,Male,85.0,1.0,1.0,Research Scientist,1.0,Married,2307.0,14460.0,1.0,Yes,23.0,4.0,2.0,1.0,5.0,2.0,3.0,5.0,2.0,3.0,0.0,2307.0,1.0,0.4,0.0,0.6,1
27.0,Travel_Rarely,269.0,Research & Development,5.0,1.0,Technical Degree,3.0,Male,42.0,2.0,3.0,Research Director,4.0,Divorced,12808.0,8842.0,1.0,Yes,16.0,3.0,2.0,1.0,9.0,3.0,3.0,9.0,8.0,0.0,8.0,4269.333333333333,1.0,0.8888888888888888,0.8888888888888888,0.0,0
55.0,Travel_Frequently,1091.0,Research & Development,2.0,1.0,Life Sciences,4.0,Male,65.0,3.0,3.0,Manufacturing Director,2.0,Married,10976.0,15813.0,3.0,No,18.0,3.0,2.0,1.0,23.0,4.0,3.0,3.0,2.0,1.0,2.0,3658.6666666666665,0.13043478260869565,0.6666666666666666,0.6666666666666666,0.3333333333333333,0
34.0,Travel_Rarely,182.0,Research & Development,1.0,4.0,Life Sciences,2.0,Female,72.0,4.0,1.0,Research Scientist,4.0,Single,3280.0,13551.0,2.0,No,16.0,3.0,3.0,0.0,10.0,2.0,3.0,4.0,2.0,1.0,3.0,3280.0,0.4,0.5,0.75,0.25,0
43.0,Travel_Frequently,313.0,Research & Development,21.0,3.0,Medical,4.0,Male,61.0,3.0,1.0,Laboratory Technician,4.0,Married,2258.0,15238.0,7.0,No,20.0,4.0,1.0,1.0,8.0,1.0,3.0,3.0,2.0,1.0,2.0,2258.0,0.375,0.6666666666666666,0.6666666666666666,0.3333333333333333,0
44.0,Travel_Frequently,429.0,Research & Development,1.0,2.0,Medical,3.0,Male,99.0,3.0,1.0,Research Scientist,2.0,Divorced,2342.0,11092.0,1.0,Yes,12.0,3.0,3.0,3.0,6.0,2.0,2.0,5.0,3.0,2.0,3.0,2342.0,0.8333333333333334,0.6,0.6,0.4,1
36.0,Travel_Rarely,1425.0,Research & Development,14.0,1.0,Life Sciences,3.0,Male,68.0,3.0,2.0,Healthcare Representative,4.0,Married,6586.0,4821.0,0.0,Yes,17.0,3.0,1.0,1.0,17.0,2.0,2.0,16.0,8.0,4.0,11.0,3293.0,0.9411764705882353,0.5,0.6875,0.25,0
47.0,Travel_Frequently,217.0,Sales,3.0,3.0,Medical,4.0,Female,49.0,3.0,4.0,Sales Executive,3.0,Divorced,13770.0,10225.0,9.0,Yes,12.0,3.0,4.0,2.0,28.0,2.0,2.0,22.0,2.0,11.0,13.0,3442.5,0.7857142857142857,0.09090909090909091,0.5909090909090909,0.5,0
59.0,Travel_Frequently,1225.0,Sales,1.0,1.0,Life Sciences,1.0,Female,57.0,2.0,2.0,Sales Executive,3.0,Single,5473.0,24668.0,7.0,No,11.0,3.0,4.0,0.0,20.0,2.0,2.0,4.0,3.0,1.0,3.0,2736.5,0.2,0.75,0.75,0.25,0
22.0,Travel_Rarely,1136.0,Research & Development,5.0,3.0,Life Sciences,4.0,Male,60.0,4.0,1.0,Research Scientist,2.0,Divorced,2328.0,12392.0,1.0,Yes,16.0,3.0,1.0,1.0,4.0,2.0,2.0,4.0,2.0,2.0,2.0,2328.0,1.0,0.5,0.5,0.5,0
25.0,Travel_Rarely,309.0,Human Resources,2.0,3.0,Human Resources,3.0,Female,82.0,3.0,1.0,Human Resources,2.0,Married,2187.0,19655.0,4.0,No,14.0,3.0,3.0,0.0,6.0,3.0,3.0,2.0,0.0,1.0,2.0,2187.0,0.3333333333333333,0.0,1.0,0.5,0
39.0,Travel_Rarely,1122.0,Research & Development,6.0,3.0,Medical,4.0,Male,70.0,3.0,1.0,Laboratory Technician,1.0,Married,2404.0,4303.0,7.0,Yes,21.0,4.0,4.0,0.0,8.0,2.0,1.0,2.0,2.0,2.0,2.0,2404.0,0.25,1.0,1.0,1.0,1
33.0,Travel_Rarely,1099.0,Research & Development,4.0,4.0,Medical,1.0,Female,82.0,2.0,1.0,Laboratory Technician,2.0,Married,3838.0,8192.0,8.0,No,11.0,3.0,4.0,0.0,8.0,5.0,3.0,5.0,4.0,0.0,2.0,3838.0,0.625,0.8,0.4,0.0,0
38.0,Travel_Frequently,216.0,Research & Development,23.0,3.0,Life Sciences,4.0,Male,44.0,2.0,3.0,Manufacturing Director,3.0,Single,9526.0,8787.0,0.0,No,21.0,4.0,2.0,0.0,10.0,2.0,3.0,9.0,7.0,1.0,8.0,3175.3333333333335,0.9,0.7777777777777778,0.8888888888888888,0.1111111111111111,0
44.0,Travel_Rarely,1199.0,Research & Development,4.0,2.0,Life Sciences,3.0,Male,92.0,4.0,5.0,Manager,1.0,Divorced,19190.0,17477.0,1.0,No,14.0,3.0,4.0,2.0,26.0,4.0,2.0,25.0,9.0,14.0,13.0,3838.0,0.9615384615384616,0.36,0.52,0.56,0
21.0,Travel_Rarely,996.0,Research & Development,3.0,2.0,Medical,4.0,Male,100.0,2.0,1.0,Research Scientist,3.0,Single,3230.0,10531.0,1.0,No,17.0,3.0,1.0,0.0,3.0,4.0,4.0,3.0,2.0,1.0,0.0,3230.0,1.0,0.6666666666666666,0.0,0.3333333333333333,0
32.0,Travel_Rarely,1045.0,Sales,4.0,4.0,Medical,4.0,Male,32.0,1.0,3.0,Sales Executive,4.0,Married,10400.0,25812.0,1.0,No,11.0,3.0,3.0,0.0,14.0,2.0,2.0,14.0,8.0,9.0,8.0,3466.6666666666665,1.0,0.5714285714285714,0.5714285714285714,0.6428571428571429,1
57.0,Travel_Rarely,210.0,Sales,29.0,3.0,Marketing,1.0,Male,56.0,2.0,4.0,Manager,4.0,Divorced,14118.0,22102.0,3.0,No,12.0,3.0,3.0,1.0,32.0,3.0,2.0,1.0,0.0,0.0,0.0,3529.5,0.03125,0.0,0.0,0.0,0
30.0,Travel_Rarely,740.0,Sales,1.0,3.0,Life Sciences,2.0,Male,64.0,2.0,2.0,Sales Executive,1.0,Married,9714.0,5323.0,1.0,No,11.0,3.0,4.0,1.0,10.0,4.0,3.0,10.0,8.0,6.0,7.0,4857.0,1.0,0.8,0.7,0.6,1
33.0,Travel_Rarely,586.0,Sales,1.0,3.0,Medical,1.0,Male,48.0,4.0,2.0,Sales Executive,1.0,Divorced,4037.0,21816.0,1.0,No,22.0,4.0,1.0,1.0,9.0,5.0,3.0,9.0,8.0,0.0,8.0,2018.5,1.0,0.8888888888888888,0.8888888888888888,0.0,0
54.0,Travel_Rarely,971.0,Research & Development,1.0,3.0,Medical,4.0,Female,54.0,3.0,4.0,Research Director,4.0,Single,17328.0,5652.0,6.0,No,19.0,3.0,4.0,0.0,29.0,3.0,2.0,20.0,7.0,12.0,7.0,4332.0,0.6896551724137931,0.35,0.35,0.6,0
48.0,Travel_Rarely,1108.0,Research & Development,15.0,4.0,Other,3.0,Female,65.0,3.0,1.0,Research Scientist,1.0,Married,2367.0,16530.0,8.0,No,12.0,3.0,4.0,1.0,10.0,3.0,2.0,8.0,2.0,7.0,6.0,2367.0,0.8,0.25,0.75,0.875,0
40.0,Travel_Rarely,329.0,Research & Development,1.0,4.0,Life Sciences,2.0,Male,88.0,3.0,1.0,Laboratory Technician,2.0,Married,2387.0,6762.0,3.0,No,22.0,4.0,3.0,1.0,7.0,3.0,3.0,4.0,2.0,0.0,3.0,2387.0,0.5714285714285714,0.5,0.75,0.0,0
28.0,Non-Travel,1366.0,Research & Development,24.0,2.0,Technical Degree,2.0,Male,72.0,2.0,3.0,Healthcare Representative,1.0,Single,8722.0,12355.0,1.0,No,12.0,3.0,1.0,0.0,10.0,2.0,2.0,10.0,7.0,1.0,9.0,2907.3333333333335,1.0,0.7,0.9,0.1,1
30.0,Non-Travel,111.0,Research & Development,9.0,3.0,Medical,3.0,Male,66.0,3.0,2.0,Laboratory Technician,1.0,Divorced,3072.0,11012.0,1.0,No,11.0,3.0,3.0,2.0,12.0,4.0,3.0,12.0,9.0,6.0,10.0,1536.0,1.0,0.75,0.8333333333333334,0.5,0
27.0,Travel_Rarely,1420.0,Sales,2.0,1.0,Marketing,3.0,Male,85.0,3.0,1.0,Sales Representative,1.0,Divorced,3041.0,16346.0,0.0,No,11.0,3.0,2.0,1.0,5.0,3.0,3.0,4.0,3.0,0.0,2.0,3041.0,0.8,0.75,0.5,0.0,1
37.0,Travel_Rarely,921.0,Research & Development,10.0,3.0,Medical,3.0,Female,98.0,3.0,1.0,Laboratory Technician,1.0,Married,3452.0,17663.0,6.0,No,20.0,4.0,2.0,1.0,17.0,3.0,3.0,5.0,4.0,0.0,3.0,3452.0,0.29411764705882354,0.8,0.6,0.0,0
29.0,Travel_Rarely,986.0,Research & Development,3.0,4.0,Medical,2.0,Male,93.0,2.0,3.0,Research Director,3.0,Married,11935.0,21526.0,1.0,No,18.0,3.0,3.0,0.0,10.0,2.0,3.0,10.0,2.0,0.0,7.0,3978.3333333333335,1.0,0.2,0.7,0.0,0
43.0,Travel_Rarely,1034.0,Sales,16.0,3.0,Marketing,4.0,Female,80.0,3.0,4.0,Manager,4.0,Married,16064.0,7744.0,5.0,Yes,22.0,4.0,3.0,1.0,22.0,3.0,3.0,17.0,13.0,1.0,9.0,4016.0,0.7727272727272727,0.7647058823529411,0.5294117647058824,0.058823529411764705,0
31.0,Travel_Frequently,798.0,Research & Development,7.0,2.0,Life Sciences,3.0,Female,48.0,2.0,3.0,Manufacturing Director,3.0,Married,8943.0,14034.0,1.0,No,24.0,4.0,1.0,1.0,10.0,2.0,3.0,10.0,9.0,8.0,9.0,2981.0,1.0,0.9,0.9,0.8,0
30.0,Non-Travel,1398.0,Sales,22.0,4.0,Other,3.0,Female,69.0,3.0,3.0,Sales Executive,1.0,Married,8412.0,2890.0,0.0,No,11.0,3.0,3.0,0.0,10.0,3.0,3.0,9.0,8.0,7.0,8.0,2804.0,0.9,0.8888888888888888,0.8888888888888888,0.7777777777777778,0
58.0,Non-Travel,350.0,Sales,2.0,3.0,Medical,2.0,Male,52.0,3.0,4.0,Manager,2.0,Divorced,16291.0,22577.0,4.0,No,22.0,4.0,4.0,1.0,37.0,0.0,2.0,16.0,9.0,14.0,14.0,4072.75,0.43243243243243246,0.5625,0.875,0.875,0
30.0,Travel_Rarely,945.0,Sales,9.0,3.0,Medical,2.0,Male,89.0,3.0,1.0,Sales Representative,4.0,Single,1081.0,16019.0,1.0,No,13.0,3.0,3.0,0.0,1.0,3.0,2.0,1.0,0.0,0.0,0.0,1081.0,1.0,0.0,0.0,0.0,1
43.0,Travel_Rarely,1001.0,Research & Development,7.0,3.0,Life Sciences,3.0,Female,43.0,3.0,3.0,Healthcare Representative,1.0,Married,9985.0,9262.0,8.0,No,16.0,3.0,1.0,1.0,10.0,1.0,2.0,1.0,0.0,0.0,0.0,3328.3333333333335,0.1,0.0,0.0,0.0,0
53.0,Travel_Frequently,124.0,Sales,2.0,3.0,Marketing,3.0,Female,38.0,2.0,3.0,Sales Executive,2.0,Married,7525.0,23537.0,2.0,No,12.0,3.0,1.0,1.0,30.0,2.0,3.0,15.0,7.0,6.0,12.0,2508.3333333333335,0.5,0.4666666666666667,0.8,0.4,0
40.0,Non-Travel,1094.0,Sales,28.0,3.0,Other,3.0,Male,58.0,1.0,3.0,Sales Executive,1.0,Divorced,10932.0,11373.0,3.0,No,15.0,3.0,3.0,1.0,20.0,2.0,3.0,1.0,0.0,0.0,1.0,3644.0,0.05,0.0,1.0,0.0,0
35.0,Travel_Rarely,619.0,Sales,1.0,3.0,Marketing,2.0,Male,85.0,3.0,2.0,Sales Executive,3.0,Married,4717.0,18659.0,9.0,No,11.0,3.0,3.0,0.0,15.0,2.0,3.0,11.0,9.0,6.0,9.0,2358.5,0.7333333333333333,0.8181818181818182,0.8181818181818182,0.5454545454545454,0
34.0,Travel_Frequently,648.0,Human Resources,11.0,3.0,Life Sciences,3.0,Male,56.0,2.0,2.0,Human Resources,2.0,Married,4490.0,21833.0,4.0,No,11.0,3.0,4.0,2.0,14.0,5.0,4.0,10.0,9.0,1.0,8.0,2245.0,0.7142857142857143,0.9,0.8,0.1,0
23.0,Travel_Rarely,1320.0,Research & Development,8.0,1.0,Medical,4.0,Male,93.0,2.0,1.0,Laboratory Technician,3.0,Single,3989.0,20586.0,1.0,Yes,11.0,3.0,1.0,0.0,5.0,2.0,3.0,5.0,4.0,1.0,2.0,3989.0,1.0,0.8,0.4,0.2,1
38.0,Travel_Rarely,1180.0,Research & Development,29.0,1.0,Medical,2.0,Male,70.0,3.0,2.0,Healthcare Representative,1.0,Married,6673.0,11354.0,7.0,Yes,19.0,3.0,2.0,0.0,17.0,2.0,3.0,1.0,0.0,0.0,0.0,3336.5,0.058823529411764705,0.0,0.0,0.0,1
26.0,Travel_Rarely,1384.0,Research & Development,3.0,4.0,Medical,1.0,Male,82.0,4.0,1.0,Laboratory Technician,4.0,Married,4420.0,13421.0,1.0,No,22.0,4.0,2.0,1.0,8.0,2.0,3.0,8.0,7.0,0.0,7.0,4420.0,1.0,0.875,0.875,0.0,0
32.0,Travel_Rarely,827.0,Research & Development,1.0,1.0,Life Sciences,4.0,Male,71.0,3.0,1.0,Research Scientist,1.0,Single,2956.0,15178.0,1.0,No,13.0,3.0,4.0,0.0,1.0,2.0,3.0,1.0,0.0,0.0,0.0,2956.0,1.0,0.0,0.0,0.0,0
44.0,Travel_Rarely,1097.0,Research & Development,10.0,4.0,Life Sciences,3.0,Male,96.0,3.0,1.0,Research Scientist,3.0,Single,2936.0,10826.0,1.0,Yes,11.0,3.0,3.0,0.0,6.0,4.0,3.0,6.0,4.0,0.0,2.0,2936.0,1.0,0.6666666666666666,0.3333333333333333,0.0,1
19.0,Travel_Rarely,645.0,Research & Development,9.0,2.0,Life Sciences,3.0,Male,54.0,3.0,1.0,Research Scientist,1.0,Single,2552.0,7172.0,1.0,No,25.0,4.0,3.0,0.0,1.0,4.0,3.0,1.0,1.0,0.0,0.0,2552.0,1.0,1.0,0.0,0.0,0
35.0,Travel_Rarely,538.0,Research & Development,25.0,2.0,Other,1.0,Male,54.0,2.0,2.0,Laboratory Technician,4.0,Single,3681.0,14004.0,4.0,No,14.0,3.0,4.0,0.0,9.0,3.0,3.0,3.0,2.0,0.0,2.0,1840.5,0.3333333333333333,0.6666666666666666,0.6666666666666666,0.0,0
32.0,Travel_Rarely,588.0,Sales,8.0,2.0,Technical Degree,3.0,Female,65.0,2.0,2.0,Sales Executive,2.0,Married,5228.0,24624.0,1.0,Yes,11.0,3.0,4.0,0.0,13.0,2.0,3.0,13.0,12.0,11.0,9.0,2614.0,1.0,0.9230769230769231,0.6923076923076923,0.8461538461538461,0
29.0,Travel_Rarely,718.0,Research & Development,8.0,1.0,Medical,2.0,Male,79.0,2.0,2.0,Manufacturing Director,4.0,Married,5056.0,17689.0,1.0,Yes,15.0,3.0,3.0,1.0,10.0,2.0,2.0,10.0,7.0,1.0,2.0,2528.0,1.0,0.7,0.2,0.1,0
43.0,Travel_Rarely,244.0,Human Resources,2.0,3.0,Life Sciences,2.0,Male,97.0,3.0,1.0,Human Resources,4.0,Single,3539.0,5033.0,0.0,No,13.0,3.0,2.0,0.0,10.0,5.0,3.0,9.0,7.0,1.0,8.0,3539.0,0.9,0.7777777777777778,0.8888888888888888,0.1111111111111111,0
24.0,Travel_Rarely,240.0,Human Resources,22.0,1.0,Human Resources,4.0,Male,58.0,1.0,1.0,Human Resources,3.0,Married,1555.0,11585.0,1.0,No,11.0,3.0,3.0,1.0,1.0,2.0,3.0,1.0,0.0,0.0,0.0,1555.0,1.0,0.0,0.0,0.0,1
29.0,Travel_Rarely,1389.0,Research & Development,21.0,4.0,Life Sciences,2.0,Female,51.0,4.0,3.0,Manufacturing Director,1.0,Divorced,9980.0,10195.0,1.0,No,11.0,3.0,3.0,1.0,10.0,1.0,3.0,10.0,9.0,8.0,8.0,3326.6666666666665,1.0,0.9,0.8,0.8,0
46.0,Non-Travel,1144.0,Research & Development,7.0,4.0,Medical,3.0,Female,30.0,3.0,2.0,Manufacturing Director,3.0,Married,5258.0,16044.0,2.0,No,14.0,3.0,3.0,0.0,7.0,2.0,4.0,1.0,0.0,0.0,0.0,2629.0,0.14285714285714285,0.0,0.0,0.0,0
34.0,Travel_Frequently,296.0,Sales,6.0,2.0,Marketing,4.0,Female,33.0,1.0,1.0,Sales Representative,3.0,Divorced,2351.0,12253.0,0.0,No,16.0,3.0,4.0,1.0,3.0,3.0,2.0,2.0,2.0,1.0,0.0,2351.0,0.6666666666666666,1.0,0.0,0.5,1
52.0,Travel_Rarely,1030.0,Sales,5.0,3.0,Life Sciences,2.0,Male,64.0,3.0,3.0,Sales Executive,2.0,Single,8446.0,21534.0,9.0,Yes,19.0,3.0,3.0,0.0,10.0,2.0,2.0,8.0,7.0,7.0,7.0,2815.3333333333335,0.8,0.875,0.875,0.875,1
31.0,Travel_Rarely,329.0,Research & Development,1.0,2.0,Life Sciences,4.0,Male,98.0,2.0,1.0,Laboratory Technician,1.0,Married,2218.0,16193.0,1.0,No,12.0,3.0,3.0,1.0,4.0,3.0,3.0,4.0,2.0,3.0,2.0,2218.0,1.0,0.5,0.5,0.75,0
56.0,Travel_Rarely,441.0,Research & Development,14.0,4.0,Life Sciences,2.0,Female,72.0,3.0,1.0,Research Scientist,2.0,Married,4963.0,4510.0,9.0,Yes,18.0,3.0,1.0,3.0,7.0,2.0,3.0,5.0,4.0,4.0,3.0,4963.0,0.7142857142857143,0.8,0.6,0.8,1
55.0,Travel_Rarely,452.0,Research & Development,1.0,3.0,Medical,4.0,Male,81.0,3.0,5.0,Manager,1.0,Single,19045.0,18938.0,0.0,Yes,14.0,3.0,3.0,0.0,37.0,2.0,3.0,36.0,10.0,4.0,13.0,3809.0,0.972972972972973,0.2777777777777778,0.3611111111111111,0.1111111111111111,0
41.0,Travel_Rarely,548.0,Research & Development,9.0,4.0,Life Sciences,3.0,Male,94.0,3.0,1.0,Laboratory Technician,1.0,Divorced,2289.0,20520.0,1.0,No,20.0,4.0,2.0,2.0,5.0,2.0,3.0,5.0,3.0,0.0,4.0,2289.0,1.0,0.6,0.8,0.0,0
48.0,Travel_Rarely,492.0,Sales,16.0,4.0,Life Sciences,3.0,Female,96.0,3.0,2.0,Sales Executive,3.0,Divorced,6439.0,13693.0,8.0,No,14.0,3.0,3.0,1.0,18.0,2.0,3.0,8.0,7.0,7.0,7.0,3219.5,0.4444444444444444,0.875,0.875,0.875,0
41.0,Non-Travel,906.0,Research & Development,5.0,2.0,Life Sciences,1.0,Male,95.0,2.0,1.0,Research Scientist,1.0,Divorced,2107.0,20293.0,6.0,No,17.0,3.0,1.0,1.0,5.0,2.0,1.0,1.0,0.0,0.0,0.0,2107.0,0.2,0.0,0.0,0.0,1
54.0,Travel_Rarely,1147.0,Sales,3.0,3.0,Marketing,4.0,Female,52.0,3.0,2.0,Sales Executive,1.0,Married,5940.0,17011.0,2.0,No,14.0,3.0,4.0,1.0,16.0,4.0,3.0,6.0,2.0,0.0,5.0,2970.0,0.375,0.3333333333333333,0.8333333333333334,0.0,0
42.0,Travel_Rarely,265.0,Sales,5.0,2.0,Marketing,4.0,Male,90.0,3.0,5.0,Manager,3.0,Married,18303.0,7770.0,6.0,No,13.0,3.0,2.0,0.0,21.0,3.0,4.0,1.0,0.0,0.0,0.0,3660.6,0.047619047619047616,0.0,0.0,0.0,0
25.0,Travel_Rarely,583.0,Sales,4.0,1.0,Marketing,3.0,Male,87.0,2.0,2.0,Sales Executive,1.0,Married,4256.0,18154.0,1.0,No,12.0,3.0,1.0,0.0,5.0,1.0,4.0,5.0,2.0,0.0,3.0,2128.0,1.0,0.4,0.6,0.0,0
38.0,Travel_Frequently,1490.0,Research & Development,2.0,2.0,Life Sciences,4.0,Male,42.0,3.0,1.0,Laboratory Technician,4.0,Married,1702.0,12106.0,1.0,Yes,23.0,4.0,3.0,1.0,1.0,3.0,3.0,1.0,0.0,0.0,0.0,1702.0,1.0,0.0,0.0,0.0,0
34.0,Travel_Rarely,1130.0,Research & Development,3.0,3.0,Life Sciences,4.0,Female,66.0,3.0,2.0,Research Scientist,2.0,Divorced,5433.0,19332.0,1.0,No,12.0,3.0,3.0,1.0,11.0,2.0,3.0,11.0,8.0,7.0,9.0,2716.5,1.0,0.7272727272727273,0.8181818181818182,0.6363636363636364,0
50.0,Travel_Rarely,316.0,Sales,8.0,4.0,Marketing,4.0,Male,54.0,3.0,1.0,Sales Representative,2.0,Married,3875.0,9983.0,7.0,No,15.0,3.0,4.0,1.0,4.0,2.0,3.0,2.0,2.0,2.0,2.0,3875.0,0.5,1.0,1.0,1.0,0
39.0,Travel_Rarely,613.0,Research & Development,6.0,1.0,Medical,4.0,Male,42.0,2.0,3.0,Healthcare Representative,1.0,Married,9991.0,21457.0,4.0,No,15.0,3.0,1.0,1.0,9.0,5.0,3.0,7.0,7.0,1.0,7.0,3330.3333333333335,0.7777777777777778,1.0,1.0,0.14285714285714285,0
45.0,Non-Travel,1052.0,Sales,6.0,3.0,Medical,4.0,Female,57.0,2.0,3.0,Sales Executive,4.0,Single,8865.0,16840.0,6.0,No,12.0,3.0,4.0,0.0,23.0,2.0,3.0,19.0,7.0,12.0,8.0,2955.0,0.8260869565217391,0.3684210526315789,0.42105263157894735,0.631578947368421,0
26.0,Travel_Frequently,1283.0,Sales,1.0,3.0,Medical,3.0,Male,52.0,2.0,2.0,Sales Executive,1.0,Single,4294.0,11148.0,1.0,No,12.0,3.0,2.0,0.0,7.0,2.0,3.0,7.0,7.0,0.0,7.0,2147.0,1.0,1.0,1.0,0.0,0
31.0,Travel_Rarely,691.0,Sales,7.0,3.0,Marketing,4.0,Male,73.0,3.0,2.0,Sales Executive,4.0,Divorced,7547.0,7143.0,4.0,No,12.0,3.0,4.0,3.0,13.0,3.0,3.0,7.0,7.0,1.0,7.0,3773.5,0.5384615384615384,1.0,1.0,0.14285714285714285,0
41.0,Non-Travel,509.0,Research & Development,2.0,4.0,Other,1.0,Female,62.0,2.0,2.0,Healthcare Representative,3.0,Single,6811.0,2112.0,2.0,Yes,17.0,3.0,1.0,0.0,10.0,3.0,3.0,8.0,7.0,0.0,7.0,3405.5,0.8,0.875,0.875,0.0,0
39.0,Travel_Rarely,1383.0,Human Resources,2.0,3.0,Life Sciences,4.0,Female,42.0,2.0,2.0,Human Resources,4.0,Married,5204.0,7790.0,8.0,No,11.0,3.0,3.0,2.0,13.0,2.0,3.0,5.0,4.0,0.0,4.0,2602.0,0.38461538461538464,0.8,0.8,0.0,0
33.0,Travel_Rarely,501.0,Research & Development,15.0,2.0,Medical,2.0,Female,95.0,3.0,2.0,Healthcare Representative,4.0,Married,4878.0,21653.0,0.0,Yes,13.0,3.0,1.0,1.0,10.0,6.0,3.0,9.0,7.0,8.0,1.0,2439.0,0.9,0.7777777777777778,0.1111111111111111,0.8888888888888888,0
44.0,Non-Travel,111.0,Research & Development,17.0,3.0,Life Sciences,4.0,Male,74.0,1.0,1.0,Research Scientist,3.0,Single,2290.0,4279.0,2.0,No,13.0,3.0,4.0,0.0,6.0,3.0,3.0,0.0,0.0,0.0,0.0,2290.0,0.0,0.0,0.0,0.0,0
33.0,Travel_Rarely,587.0,Research & Development,10.0,1.0,Medical,1.0,Male,38.0,1.0,1.0,Laboratory Technician,4.0,Divorced,3408.0,6705.0,7.0,No,13.0,3.0,1.0,3.0,8.0,2.0,3.0,4.0,3.0,1.0,3.0,3408.0,0.5,0.75,0.75,0.25,1
45.0,Travel_Frequently,1199.0,Research & Development,7.0,4.0,Life Sciences,1.0,Male,77.0,4.0,2.0,Manufacturing Director,3.0,Married,6434.0,5118.0,4.0,No,17.0,3.0,4.0,1.0,9.0,1.0,3.0,3.0,2.0,0.0,2.0,3217.0,0.3333333333333333,0.6666666666666666,0.6666666666666666,0.0,0
34.0,Travel_Frequently,735.0,Research & Development,22.0,4.0,Other,3.0,Male,86.0,2.0,2.0,Research Scientist,4.0,Married,5747.0,26496.0,1.0,Yes,15.0,3.0,2.0,0.0,16.0,3.0,3.0,15.0,10.0,6.0,11.0,2873.5,0.9375,0.6666666666666666,0.7333333333333333,0.4,0
35.0,Travel_Rarely,607.0,Research & Development,9.0,3.0,Life Sciences,4.0,Female,66.0,2.0,3.0,Manufacturing Director,3.0,Married,10685.0,23457.0,1.0,Yes,20.0,4.0,2.0,1.0,17.0,2.0,3.0,17.0,14.0,5.0,15.0,3561.6666666666665,1.0,0.8235294117647058,0.8823529411764706,0.29411764705882354,0
29.0,Travel_Frequently,746.0,Sales,24.0,3.0,Technical Degree,3.0,Male,45.0,4.0,1.0,Sales Representative,1.0,Single,1091.0,10642.0,1.0,No,17.0,3.0,4.0,0.0,1.0,3.0,3.0,1.0,0.0,0.0,0.0,1091.0,1.0,0.0,0.0,0.0,1
48.0,Travel_Rarely,855.0,Research & Development,4.0,3.0,Life Sciences,4.0,Male,54.0,3.0,3.0,Manufacturing Director,4.0,Single,7898.0,18706.0,1.0,No,11.0,3.0,3.0,0.0,11.0,2.0,3.0,10.0,9.0,0.0,8.0,2632.6666666666665,0.9090909090909091,0.9,0.8,0.0,0
33.0,Travel_Frequently,508.0,Sales,10.0,3.0,Marketing,2.0,Male,46.0,2.0,2.0,Sales Executive,4.0,Single,4682.0,4317.0,3.0,No,14.0,3.0,3.0,0.0,9.0,6.0,2.0,7.0,7.0,0.0,1.0,2341.0,0.7777777777777778,1.0,0.14285714285714285,0.0,0
32.0,Travel_Rarely,334.0,Research & Development,5.0,2.0,Life Sciences,1.0,Male,80.0,4.0,1.0,Research Scientist,2.0,Divorced,3298.0,15053.0,0.0,Yes,12.0,3.0,4.0,2.0,7.0,5.0,2.0,6.0,2.0,0.0,5.0,3298.0,0.8571428571428571,0.3333333333333333,0.8333333333333334,0.0,0
44.0,Travel_Rarely,935.0,Research & Development,3.0,3.0,Life Sciences,1.0,Male,89.0,3.0,1.0,Laboratory Technician,1.0,Married,2362.0,14669.0,4.0,No,12.0,3.0,3.0,0.0,10.0,4.0,4.0,3.0,2.0,1.0,2.0,2362.0,0.3,0.6666666666666666,0.6666666666666666,0.3333333333333333,1
32.0,Travel_Rarely,371.0,Sales,19.0,3.0,Life Sciences,4.0,Male,80.0,1.0,3.0,Sales Executive,3.0,Married,9610.0,3840.0,3.0,No,13.0,3.0,3.0,1.0,10.0,2.0,1.0,4.0,3.0,0.0,2.0,3203.3333333333335,0.4,0.75,0.5,0.0,0
52.0,Travel_Rarely,723.0,Research & Development,8.0,4.0,Medical,3.0,Male,85.0,2.0,2.0,Research Scientist,2.0,Married,4941.0,17747.0,2.0,No,15.0,3.0,1.0,0.0,11.0,3.0,2.0,8.0,2.0,7.0,7.0,2470.5,0.7272727272727273,0.25,0.875,0.875,1
42.0,Travel_Frequently,458.0,Research & Development,26.0,5.0,Medical,1.0,Female,60.0,3.0,3.0,Research Director,1.0,Married,13191.0,23281.0,3.0,Yes,17.0,3.0,3.0,0.0,20.0,6.0,3.0,1.0,0.0,0.0,0.0,4397.0,0.05,0.0,0.0,0.0,0
55.0,Travel_Rarely,836.0,Research & Development,2.0,4.0,Technical Degree,2.0,Male,98.0,2.0,1.0,Research Scientist,4.0,Married,2662.0,7975.0,8.0,No,20.0,4.0,2.0,1.0,19.0,2.0,4.0,5.0,2.0,0.0,4.0,2662.0,0.2631578947368421,0.4,0.8,0.0,0
29.0,Travel_Rarely,332.0,Human Resources,17.0,3.0,Other,2.0,Male,51.0,2.0,3.0,Human Resources,1.0,Single,7988.0,9769.0,1.0,No,13.0,3.0,1.0,0.0,10.0,3.0,2.0,10.0,9.0,0.0,9.0,2662.6666666666665,1.0,0.9,0.9,0.0,0
25.0,Travel_Frequently,772.0,Research & Development,2.0,1.0,Life Sciences,4.0,Male,77.0,4.0,2.0,Manufacturing Director,3.0,Divorced,5206.0,4973.0,1.0,No,17.0,3.0,3.0,2.0,7.0,6.0,3.0,7.0,7.0,0.0,7.0,2603.0,1.0,1.0,1.0,0.0,0
40.0,Non-Travel,1479.0,Sales,24.0,3.0,Life Sciences,2.0,Female,100.0,4.0,4.0,Sales Executive,2.0,Single,13194.0,17071.0,4.0,Yes,16.0,3.0,4.0,0.0,22.0,2.0,2.0,1.0,0.0,0.0,0.0,3298.5,0.045454545454545456,0.0,0.0,0.0,1
27.0,Travel_Frequently,294.0,Research & Development,10.0,2.0,Life Sciences,4.0,Male,32.0,3.0,3.0,Manufacturing Director,1.0,Divorced,8793.0,4809.0,1.0,No,21.0,4.0,3.0,2.0,9.0,4.0,2.0,9.0,7.0,1.0,7.0,2931.0,1.0,0.7777777777777778,0.7777777777777778,0.1111111111111111,0
38.0,Non-Travel,1327.0,Sales,2.0,2.0,Life Sciences,4.0,Male,39.0,2.0,2.0,Sales Executive,4.0,Married,5249.0,19682.0,3.0,No,18.0,3.0,4.0,1.0,13.0,0.0,3.0,8.0,7.0,7.0,5.0,2624.5,0.6153846153846154,0.875,0.625,0.875,0
41.0,Travel_Rarely,796.0,Sales,4.0,1.0,Marketing,3.0,Female,81.0,3.0,3.0,Sales Executive,3.0,Divorced,10447.0,26458.0,0.0,Yes,13.0,3.0,4.0,1.0,23.0,3.0,4.0,22.0,14.0,13.0,5.0,3482.3333333333335,0.9565217391304348,0.6363636363636364,0.22727272727272727,0.5909090909090909,0
55.0,Travel_Rarely,111.0,Sales,1.0,2.0,Life Sciences,1.0,Male,70.0,3.0,3.0,Sales Executive,4.0,Married,10239.0,18092.0,3.0,No,14.0,3.0,4.0,1.0,24.0,4.0,3.0,1.0,0.0,1.0,0.0,3413.0,0.041666666666666664,0.0,0.0,1.0,0
46.0,Travel_Rarely,430.0,Research & Development,1.0,4.0,Medical,4.0,Male,40.0,3.0,5.0,Research Director,4.0,Divorced,19627.0,21445.0,9.0,No,17.0,3.0,4.0,2.0,23.0,0.0,3.0,2.0,2.0,2.0,2.0,3925.4,0.08695652173913043,1.0,1.0,1.0,0
41.0,Travel_Frequently,1018.0,Sales,1.0,3.0,Marketing,3.0,Female,66.0,3.0,2.0,Sales Executive,1.0,Divorced,4103.0,4297.0,0.0,No,17.0,3.0,4.0,1.0,10.0,2.0,3.0,9.0,3.0,1.0,7.0,2051.5,0.9,0.3333333333333333,0.7777777777777778,0.1111111111111111,0
48.0,Travel_Rarely,715.0,Research & Development,1.0,3.0,Life Sciences,4.0,Male,76.0,2.0,5.0,Research Director,4.0,Single,18265.0,8733.0,6.0,No,12.0,3.0,3.0,0.0,25.0,3.0,4.0,1.0,0.0,0.0,0.0,3653.0,0.04,0.0,0.0,0.0,0
34.0,Travel_Frequently,988.0,Human Resources,23.0,3.0,Human Resources,2.0,Female,43.0,3.0,3.0,Human Resources,1.0,Divorced,9950.0,11533.0,9.0,Yes,15.0,3.0,3.0,3.0,11.0,2.0,3.0,3.0,2.0,0.0,2.0,3316.6666666666665,0.2727272727272727,0.6666666666666666,0.6666666666666666,0.0,1
40.0,Travel_Rarely,107.0,Sales,10.0,3.0,Technical Degree,2.0,Female,84.0,2.0,2.0,Sales Executive,2.0,Divorced,6852.0,11591.0,7.0,No,12.0,3.0,2.0,1.0,7.0,2.0,4.0,5.0,1.0,1.0,3.0,3426.0,0.7142857142857143,0.2,0.6,0.2,0
37.0,Non-Travel,1063.0,Research & Development,25.0,5.0,Medical,2.0,Female,72.0,3.0,2.0,Research Scientist,3.0,Married,4449.0,23866.0,3.0,Yes,15.0,3.0,1.0,2.0,15.0,2.0,3.0,13.0,11.0,10.0,7.0,2224.5,0.8666666666666667,0.8461538461538461,0.5384615384615384,0.7692307692307693,0
28.0,Travel_Rarely,1169.0,Human Resources,8.0,2.0,Medical,2.0,Male,63.0,2.0,1.0,Human Resources,4.0,Divorced,4936.0,23965.0,1.0,No,13.0,3.0,4.0,1.0,6.0,6.0,3.0,5.0,1.0,0.0,4.0,4936.0,0.8333333333333334,0.2,0.8,0.0,0
32.0,Non-Travel,862.0,Sales,2.0,1.0,Life Sciences,3.0,Female,76.0,3.0,1.0,Sales Representative,1.0,Divorced,2827.0,14947.0,1.0,No,12.0,3.0,3.0,3.0,1.0,3.0,3.0,1.0,0.0,0.0,0.0,2827.0,1.0,0.0,0.0,0.0,0
33.0,Travel_Rarely,1017.0,Research & Development,25.0,3.0,Medical,1.0,Male,55.0,2.0,1.0,Research Scientist,2.0,Single,2313.0,2993.0,4.0,Yes,20.0,4.0,2.0,0.0,5.0,0.0,3.0,2.0,2.0,2.0,2.0,2313.0,0.4,1.0,1.0,1.0,1
37.0,Travel_Rarely,1225.0,Research & Development,10.0,2.0,Life Sciences,4.0,Male,80.0,4.0,1.0,Research Scientist,4.0,Single,4680.0,15232.0,3.0,No,17.0,3.0,1.0,0.0,4.0,2.0,3.0,1.0,0.0,0.0,0.0,4680.0,0.25,0.0,0.0,0.0,0
53.0,Travel_Rarely,346.0,Research & Development,6.0,3.0,Life Sciences,4.0,Male,86.0,3.0,2.0,Laboratory Technician,4.0,Single,2450.0,10919.0,2.0,No,17.0,3.0,4.0,0.0,19.0,4.0,3.0,2.0,2.0,2.0,2.0,1225.0,0.10526315789473684,1.0,1.0,1.0,0
31.0,Non-Travel,325.0,Research & Development,5.0,3.0,Medical,2.0,Male,74.0,3.0,2.0,Manufacturing Director,1.0,Single,9936.0,3787.0,0.0,No,19.0,3.0,2.0,0.0,10.0,2.0,3.0,9.0,4.0,1.0,7.0,4968.0,0.9,0.4444444444444444,0.7777777777777778,0.1111111111111111,0
50.0,Travel_Rarely,797.0,Research & Development,4.0,1.0,Life Sciences,1.0,Male,96.0,3.0,5.0,Research Director,2.0,Divorced,19144.0,15815.0,3.0,No,14.0,3.0,1.0,2.0,28.0,4.0,2.0,10.0,4.0,1.0,6.0,3828.8,0.35714285714285715,0.4,0.6,0.1,0
31.0,Travel_Rarely,1232.0,Research & Development,7.0,4.0,Medical,3.0,Female,39.0,3.0,3.0,Manufacturing Director,4.0,Single,7143.0,25713.0,1.0,Yes,14.0,3.0,3.0,0.0,11.0,2.0,2.0,11.0,9.0,4.0,10.0,2381.0,1.0,0.8181818181818182,0.9090909090909091,0.36363636363636365,0
45.0,Travel_Frequently,364.0,Research & Development,25.0,3.0,Medical,2.0,Female,83.0,3.0,5.0,Manager,2.0,Single,18061.0,13035.0,3.0,No,22.0,4.0,3.0,0.0,22.0,4.0,3.0,0.0,0.0,0.0,0.0,3612.2,0.0,0.0,0.0,0.0,0
38.0,Travel_Frequently,471.0,Research & Development,12.0,3.0,Life Sciences,1.0,Male,45.0,2.0,2.0,Healthcare Representative,1.0,Divorced,6288.0,4284.0,2.0,No,15.0,3.0,3.0,1.0,13.0,3.0,2.0,4.0,3.0,1.0,2.0,3144.0,0.3076923076923077,0.75,0.5,0.25,0
32.0,Non-Travel,1146.0,Research & Development,15.0,4.0,Medical,3.0,Female,34.0,3.0,2.0,Healthcare Representative,4.0,Divorced,6667.0,16542.0,5.0,No,18.0,3.0,2.0,1.0,9.0,6.0,3.0,5.0,1.0,1.0,2.0,3333.5,0.5555555555555556,0.2,0.4,0.2,0
38.0,Travel_Frequently,888.0,Human Resources,10.0,4.0,Human Resources,3.0,Male,71.0,3.0,2.0,Human Resources,3.0,Married,6077.0,14814.0,3.0,No,11.0,3.0,3.0,0.0,10.0,2.0,3.0,6.0,3.0,1.0,2.0,3038.5,0.6,0.5,0.3333333333333333,0.16666666666666666,0
47.0,Travel_Rarely,202.0,Research & Development,2.0,2.0,Other,3.0,Female,33.0,3.0,4.0,Manager,4.0,Married,16752.0,12982.0,1.0,Yes,11.0,3.0,3.0,1.0,26.0,3.0,2.0,26.0,14.0,3.0,0.0,4188.0,1.0,0.5384615384615384,0.0,0.11538461538461539,0
26.0,Travel_Rarely,572.0,Sales,10.0,3.0,Medical,3.0,Male,46.0,3.0,2.0,Sales Executive,4.0,Single,4684.0,9125.0,1.0,No,13.0,3.0,1.0,0.0,5.0,4.0,3.0,5.0,3.0,1.0,2.0,2342.0,1.0,0.6,0.4,0.2,0
42.0,Travel_Frequently,481.0,Sales,12.0,3.0,Life Sciences,3.0,Male,44.0,3.0,4.0,Sales Executive,1.0,Single,13758.0,2447.0,0.0,Yes,12.0,3.0,2.0,0.0,22.0,2.0,2.0,21.0,9.0,13.0,14.0,3439.5,0.9545454545454546,0.42857142857142855,0.6666666666666666,0.6190476190476191,1
43.0,Travel_Frequently,185.0,Research & Development,10.0,4.0,Life Sciences,3.0,Female,33.0,3.0,1.0,Laboratory Technician,4.0,Single,2455.0,10675.0,0.0,No,19.0,3.0,1.0,0.0,9.0,5.0,3.0,8.0,7.0,1.0,7.0,2455.0,0.8888888888888888,0.875,0.875,0.125,0
28.0,Travel_Rarely,857.0,Research & Development,10.0,3.0,Other,3.0,Female,59.0,3.0,2.0,Research Scientist,3.0,Single,3660.0,7909.0,3.0,No,13.0,3.0,4.0,0.0,10.0,4.0,4.0,8.0,7.0,1.0,7.0,1830.0,0.8,0.875,0.875,0.125,0
41.0,Travel_Rarely,642.0,Research & Development,1.0,3.0,Life Sciences,4.0,Male,76.0,3.0,1.0,Research Scientist,4.0,Married,2782.0,21412.0,3.0,No,22.0,4.0,1.0,1.0,12.0,3.0,3.0,5.0,3.0,1.0,0.0,2782.0,0.4166666666666667,0.6,0.0,0.2,0
29.0,Travel_Rarely,1082.0,Research & Development,9.0,4.0,Medical,4.0,Female,43.0,3.0,1.0,Laboratory Technician,3.0,Married,2974.0,25412.0,9.0,No,17.0,3.0,3.0,1.0,9.0,2.0,3.0,5.0,3.0,1.0,2.0,2974.0,0.5555555555555556,0.6,0.4,0.2,0
37.0,Travel_Rarely,446.0,Research & Development,1.0,4.0,Life Sciences,2.0,Female,65.0,3.0,2.0,Manufacturing Director,2.0,Married,6447.0,15701.0,6.0,No,12.0,3.0,2.0,1.0,8.0,2.0,2.0,6.0,5.0,4.0,3.0,3223.5,0.75,0.8333333333333334,0.5,0.6666666666666666,0
42.0,Travel_Rarely,1396.0,Research & Development,6.0,3.0,Medical,3.0,Male,83.0,3.0,3.0,Research Director,1.0,Married,13348.0,14842.0,9.0,No,13.0,3.0,2.0,1.0,18.0,3.0,4.0,13.0,7.0,5.0,7.0,4449.333333333333,0.7222222222222222,0.5384615384615384,0.5384615384615384,0.38461538461538464,0
29.0,Travel_Rarely,992.0,Research & Development,1.0,3.0,Technical Degree,3.0,Male,85.0,3.0,1.0,Research Scientist,3.0,Single,2058.0,19757.0,0.0,No,14.0,3.0,4.0,0.0,7.0,1.0,2.0,6.0,2.0,1.0,5.0,2058.0,0.8571428571428571,0.3333333333333333,0.8333333333333334,0.16666666666666666,1
43.0,Travel_Rarely,531.0,Sales,4.0,4.0,Marketing,4.0,Female,56.0,2.0,3.0,Sales Executive,4.0,Single,10231.0,20364.0,3.0,No,14.0,3.0,4.0,0.0,23.0,3.0,4.0,21.0,7.0,15.0,17.0,3410.3333333333335,0.9130434782608695,0.3333333333333333,0.8095238095238095,0.7142857142857143,0
48.0,Travel_Rarely,530.0,Sales,29.0,1.0,Medical,1.0,Female,91.0,3.0,3.0,Manager,3.0,Married,12504.0,23978.0,3.0,No,21.0,4.0,2.0,1.0,15.0,3.0,1.0,0.0,0.0,0.0,0.0,4168.0,0.0,0.0,0.0,0.0,0
26.0,Travel_Rarely,1349.0,Research & Development,23.0,3.0,Life Sciences,1.0,Female,90.0,3.0,1.0,Research Scientist,4.0,Divorced,2886.0,3032.0,1.0,No,22.0,4.0,2.0,2.0,3.0,3.0,1.0,3.0,2.0,0.0,2.0,2886.0,1.0,0.6666666666666666,0.6666666666666666,0.0,0
52.0,Non-Travel,585.0,Sales,29.0,4.0,Life Sciences,1.0,Male,40.0,3.0,1.0,Sales Representative,4.0,Divorced,3482.0,19788.0,2.0,No,15.0,3.0,2.0,2.0,16.0,3.0,2.0,9.0,8.0,0.0,0.0,3482.0,0.5625,0.8888888888888888,0.0,0.0,0
26.0,Travel_Rarely,1357.0,Research & Development,25.0,3.0,Life Sciences,1.0,Male,48.0,1.0,1.0,Laboratory Technician,3.0,Single,2293.0,10558.0,1.0,No,12.0,3.0,3.0,0.0,1.0,2.0,2.0,1.0,0.0,0.0,1.0,2293.0,1.0,0.0,1.0,0.0,1
51.0,Travel_Rarely,313.0,Research & Development,3.0,3.0,Medical,4.0,Female,98.0,3.0,4.0,Healthcare Representative,2.0,Single,13734.0,7192.0,3.0,No,18.0,3.0,3.0,0.0,21.0,6.0,3.0,7.0,7.0,1.0,0.0,3433.5,0.3333333333333333,1.0,0.0,0.14285714285714285,0
40.0,Travel_Rarely,658.0,Sales,10.0,4.0,Marketing,1.0,Male,67.0,2.0,3.0,Sales Executive,2.0,Divorced,9705.0,20652.0,2.0,No,12.0,3.0,2.0,1.0,11.0,2.0,2.0,1.0,0.0,0.0,0.0,3235.0,0.09090909090909091,0.0,0.0,0.0,0
49.0,Travel_Rarely,1490.0,Research & Development,7.0,4.0,Life Sciences,3.0,Male,35.0,3.0,3.0,Healthcare Representative,2.0,Divorced,10466.0,20948.0,3.0,No,14.0,3.0,2.0,2.0,29.0,3.0,3.0,8.0,7.0,0.0,7.0,3488.6666666666665,0.27586206896551724,0.875,0.875,0.0,0
56.0,Travel_Frequently,906.0,Sales,6.0,3.0,Life Sciences,3.0,Female,86.0,4.0,4.0,Sales Executive,1.0,Married,13212.0,18256.0,9.0,No,11.0,3.0,4.0,3.0,36.0,0.0,2.0,7.0,7.0,7.0,7.0,3303.0,0.19444444444444445,1.0,1.0,1.0,0
34.0,Travel_Rarely,1442.0,Research & Development,9.0,3.0,Medical,4.0,Female,46.0,2.0,3.0,Healthcare Representative,2.0,Single,8621.0,17654.0,1.0,No,14.0,3.0,2.0,0.0,9.0,3.0,4.0,8.0,7.0,7.0,7.0,2873.6666666666665,0.8888888888888888,0.875,0.875,0.875,0
37.0,Travel_Rarely,671.0,Research & Development,19.0,3.0,Life Sciences,3.0,Male,85.0,3.0,2.0,Manufacturing Director,3.0,Married,5768.0,26493.0,3.0,No,17.0,3.0,1.0,3.0,9.0,2.0,2.0,4.0,3.0,0.0,2.0,2884.0,0.4444444444444444,0.75,0.5,0.0,0
52.0,Travel_Rarely,699.0,Research & Development,1.0,4.0,Life Sciences,3.0,Male,65.0,2.0,5.0,Manager,3.0,Married,19999.0,5678.0,0.0,No,14.0,3.0,1.0,1.0,34.0,5.0,3.0,33.0,18.0,11.0,9.0,3999.8,0.9705882352941176,0.5454545454545454,0.2727272727272727,0.3333333333333333,0
27.0,Travel_Rarely,1377.0,Research & Development,11.0,1.0,Life Sciences,2.0,Male,91.0,3.0,1.0,Laboratory Technician,1.0,Married,2099.0,7679.0,0.0,No,14.0,3.0,2.0,0.0,6.0,3.0,4.0,5.0,0.0,1.0,4.0,2099.0,0.8333333333333334,0.0,0.8,0.2,0
28.0,Travel_Frequently,193.0,Research & Development,2.0,3.0,Life Sciences,4.0,Male,52.0,2.0,1.0,Laboratory Technician,4.0,Married,3867.0,14222.0,1.0,Yes,12.0,3.0,2.0,1.0,2.0,2.0,3.0,2.0,2.0,2.0,2.0,3867.0,1.0,1.0,1.0,1.0,0
37.0,Travel_Rarely,1319.0,Research & Development,6.0,3.0,Medical,3.0,Male,51.0,4.0,2.0,Research Scientist,1.0,Divorced,5974.0,17001.0,4.0,Yes,13.0,3.0,1.0,2.0,13.0,2.0,3.0,7.0,7.0,6.0,7.0,2987.0,0.5384615384615384,1.0,1.0,0.8571428571428571,0
36.0,Travel_Frequently,1195.0,Research & Development,11.0,3.0,Life Sciences,2.0,Male,95.0,2.0,2.0,Manufacturing Director,2.0,Single,6499.0,22656.0,1.0,No,13.0,3.0,3.0,0.0,6.0,3.0,3.0,6.0,5.0,0.0,3.0,3249.5,1.0,0.8333333333333334,0.5,0.0,0
40.0,Travel_Rarely,1308.0,Research & Development,14.0,3.0,Medical,3.0,Male,44.0,2.0,5.0,Research Director,3.0,Single,19626.0,17544.0,1.0,No,14.0,3.0,1.0,0.0,21.0,2.0,4.0,20.0,7.0,4.0,9.0,3925.2,0.9523809523809523,0.35,0.45,0.2,0
39.0,Travel_Rarely,117.0,Research & Development,10.0,1.0,Medical,3.0,Male,99.0,3.0,4.0,Manager,1.0,Married,17068.0,5355.0,1.0,Yes,14.0,3.0,4.0,0.0,21.0,3.0,3.0,21.0,9.0,11.0,10.0,4267.0,1.0,0.42857142857142855,0.47619047619047616,0.5238095238095238,0
38.0,Travel_Frequently,693.0,Research & Development,7.0,3.0,Life Sciences,4.0,Male,57.0,4.0,1.0,Research Scientist,3.0,Divorced,2610.0,15748.0,1.0,No,11.0,3.0,4.0,3.0,4.0,2.0,3.0,4.0,2.0,0.0,3.0,2610.0,1.0,0.5,0.75,0.0,0
25.0,Travel_Rarely,1356.0,Sales,10.0,4.0,Life Sciences,3.0,Male,57.0,3.0,2.0,Sales Executive,4.0,Single,4950.0,20623.0,0.0,No,14.0,3.0,2.0,0.0,5.0,4.0,3.0,4.0,3.0,1.0,1.0,2475.0,0.8,0.75,0.25,0.25,0
27.0,Travel_Frequently,793.0,Sales,2.0,1.0,Life Sciences,4.0,Male,43.0,1.0,2.0,Sales Executive,4.0,Single,5071.0,20392.0,3.0,No,20.0,4.0,2.0,0.0,8.0,3.0,3.0,6.0,2.0,0.0,0.0,2535.5,0.75,0.3333333333333333,0.0,0.0,0
23.0,Travel_Rarely,571.0,Research & Development,12.0,2.0,Other,4.0,Male,78.0,3.0,1.0,Laboratory Technician,4.0,Single,2647.0,13672.0,1.0,No,13.0,3.0,3.0,0.0,5.0,6.0,4.0,5.0,2.0,1.0,4.0,2647.0,1.0,0.4,0.8,0.2,0
25.0,Travel_Rarely,622.0,Sales,13.0,1.0,Medical,2.0,Male,40.0,3.0,1.0,Sales Representative,3.0,Married,2096.0,26376.0,1.0,No,11.0,3.0,3.0,0.0,7.0,1.0,3.0,7.0,4.0,0.0,6.0,2096.0,1.0,0.5714285714285714,0.8571428571428571,0.0,0
30.0,Travel_Rarely,852.0,Sales,10.0,3.0,Marketing,3.0,Male,72.0,2.0,2.0,Sales Executive,3.0,Married,6578.0,2706.0,1.0,No,18.0,3.0,1.0,1.0,10.0,3.0,3.0,10.0,3.0,1.0,4.0,3289.0,1.0,0.3,0.4,0.1,0
30.0,Travel_Rarely,153.0,Research & Development,8.0,2.0,Life Sciences,2.0,Female,73.0,4.0,3.0,Research Director,1.0,Married,11416.0,17802.0,0.0,Yes,12.0,3.0,3.0,3.0,9.0,4.0,2.0,8.0,7.0,1.0,7.0,3805.3333333333335,0.8888888888888888,0.875,0.875,0.125,0
58.0,Travel_Rarely,147.0,Research & Development,23.0,4.0,Medical,4.0,Female,94.0,3.0,3.0,Healthcare Representative,4.0,Married,10312.0,3465.0,1.0,No,12.0,3.0,4.0,1.0,40.0,3.0,2.0,40.0,10.0,15.0,6.0,3437.3333333333335,1.0,0.25,0.15,0.375,1
51.0,Travel_Frequently,968.0,Research & Development,6.0,2.0,Medical,2.0,Female,40.0,2.0,1.0,Laboratory Technician,3.0,Single,2838.0,4257.0,0.0,No,14.0,3.0,2.0,0.0,8.0,6.0,2.0,7.0,0.0,7.0,7.0,2838.0,0.875,0.0,1.0,1.0,0
28.0,Travel_Rarely,890.0,Research & Development,2.0,4.0,Medical,3.0,Male,46.0,3.0,1.0,Research Scientist,3.0,Single,4382.0,16374.0,6.0,No,17.0,3.0,4.0,0.0,5.0,3.0,2.0,2.0,2.0,2.0,1.0,4382.0,0.4,1.0,0.5,1.0,1
35.0,Travel_Rarely,660.0,Sales,7.0,1.0,Life Sciences,4.0,Male,76.0,3.0,1.0,Sales Representative,3.0,Married,2404.0,16192.0,1.0,No,13.0,3.0,1.0,1.0,1.0,3.0,3.0,1.0,0.0,0.0,0.0,2404.0,1.0,0.0,0.0,0.0,0
29.0,Travel_Rarely,1246.0,Sales,19.0,3.0,Life Sciences,3.0,Male,77.0,2.0,2.0,Sales Executive,3.0,Divorced,8620.0,23757.0,1.0,No,14.0,3.0,3.0,2.0,10.0,3.0,3.0,10.0,7.0,0.0,4.0,4310.0,1.0,0.7,0.4,0.0,0
35.0,Travel_Rarely,1395.0,Research & Development,9.0,4.0,Medical,2.0,Male,48.0,3.0,2.0,Research Scientist,3.0,Single,5098.0,18698.0,1.0,No,19.0,3.0,2.0,0.0,10.0,5.0,3.0,10.0,7.0,0.0,8.0,2549.0,1.0,0.7,0.8,0.0,0
37.0,Travel_Rarely,1141.0,Research & Development,11.0,2.0,Medical,1.0,Female,61.0,1.0,2.0,Healthcare Representative,2.0,Married,4777.0,14382.0,5.0,No,15.0,3.0,1.0,0.0,15.0,2.0,1.0,1.0,0.0,0.0,0.0,2388.5,0.06666666666666667,0.0,0.0,0.0,1
40.0,Travel_Rarely,1342.0,Sales,9.0,2.0,Medical,1.0,Male,47.0,3.0,2.0,Sales Executive,1.0,Married,5473.0,19345.0,0.0,No,12.0,3.0,4.0,0.0,9.0,5.0,4.0,8.0,4.0,7.0,1.0,2736.5,0.8888888888888888,0.5,0.125,0.875,0
37.0,Travel_Rarely,558.0,Sales,2.0,3.0,Marketing,4.0,Male,75.0,3.0,2.0,Sales Executive,3.0,Married,9602.0,3010.0,4.0,Yes,11.0,3.0,3.0,1.0,17.0,3.0,2.0,3.0,0.0,1.0,0.0,4801.0,0.17647058823529413,0.0,0.0,0.3333333333333333,0
39.0,Travel_Rarely,1132.0,Research & Development,1.0,3.0,Medical,3.0,Male,48.0,4.0,3.0,Healthcare Representative,4.0,Divorced,9613.0,10942.0,0.0,No,17.0,3.0,1.0,3.0,19.0,5.0,2.0,18.0,10.0,3.0,7.0,3204.3333333333335,0.9473684210526315,0.5555555555555556,0.3888888888888889,0.16666666666666666,0
59.0,Travel_Rarely,1435.0,Sales,25.0,3.0,Life Sciences,1.0,Female,99.0,3.0,3.0,Sales Executive,1.0,Single,7637.0,2354.0,7.0,No,11.0,3.0,4.0,0.0,28.0,3.0,2.0,21.0,16.0,7.0,9.0,2545.6666666666665,0.75,0.7619047619047619,0.42857142857142855,0.3333333333333333,0
19.0,Travel_Rarely,419.0,Sales,21.0,3.0,Other,4.0,Male,37.0,2.0,1.0,Sales Representative,2.0,Single,2121.0,9947.0,1.0,Yes,13.0,3.0,2.0,0.0,1.0,3.0,4.0,1.0,0.0,0.0,0.0,2121.0,1.0,0.0,0.0,0.0,1
45.0,Travel_Rarely,1005.0,Research & Development,28.0,2.0,Technical Degree,4.0,Female,48.0,2.0,4.0,Research Director,2.0,Single,16704.0,17119.0,1.0,No,11.0,3.0,3.0,0.0,21.0,2.0,3.0,21.0,6.0,8.0,6.0,4176.0,1.0,0.2857142857142857,0.2857142857142857,0.38095238095238093,0
35.0,Travel_Rarely,1224.0,Sales,7.0,4.0,Life Sciences,3.0,Female,55.0,3.0,2.0,Sales Executive,4.0,Married,5204.0,13586.0,1.0,Yes,11.0,3.0,4.0,0.0,10.0,2.0,3.0,10.0,8.0,0.0,9.0,2602.0,1.0,0.8,0.9,0.0,0
42.0,Travel_Rarely,1265.0,Research & Development,3.0,3.0,Life Sciences,3.0,Female,95.0,4.0,2.0,Laboratory Technician,4.0,Married,5231.0,23726.0,2.0,Yes,13.0,3.0,2.0,1.0,17.0,1.0,2.0,5.0,3.0,1.0,3.0,2615.5,0.29411764705882354,0.6,0.6,0.2,0
46.0,Travel_Rarely,150.0,Research & Development,2.0,4.0,Technical Degree,4.0,Male,60.0,3.0,2.0,Manufacturing Director,4.0,Divorced,7379.0,17433.0,2.0,No,11.0,3.0,3.0,1.0,12.0,3.0,2.0,6.0,3.0,1.0,4.0,3689.5,0.5,0.5,0.6666666666666666,0.16666666666666666,0
23.0,Travel_Rarely,160.0,Research & Development,4.0,1.0,Medical,3.0,Female,51.0,3.0,1.0,Laboratory Technician,2.0,Single,3295.0,12862.0,1.0,No,13.0,3.0,3.0,0.0,3.0,3.0,1.0,3.0,2.0,1.0,2.0,3295.0,1.0,0.6666666666666666,0.6666666666666666,0.3333333333333333,0
27.0,Travel_Frequently,1410.0,Sales,3.0,1.0,Medical,4.0,Female,71.0,4.0,2.0,Sales Executive,4.0,Divorced,4647.0,16673.0,1.0,Yes,20.0,4.0,2.0,2.0,6.0,3.0,3.0,6.0,5.0,0.0,4.0,2323.5,1.0,0.8333333333333334,0.6666666666666666,0.0,0
23.0,Travel_Rarely,650.0,Research & Development,9.0,1.0,Medical,2.0,Male,37.0,3.0,1.0,Laboratory Technician,1.0,Married,2500.0,4344.0,1.0,No,14.0,3.0,4.0,1.0,5.0,2.0,4.0,4.0,3.0,0.0,2.0,2500.0,0.8,0.75,0.5,0.0,0
34.0,Travel_Frequently,702.0,Research & Development,16.0,4.0,Life Sciences,3.0,Female,100.0,2.0,1.0,Research Scientist,4.0,Single,2553.0,8306.0,1.0,No,16.0,3.0,3.0,0.0,6.0,3.0,3.0,5.0,2.0,1.0,3.0,2553.0,0.8333333333333334,0.4,0.6,0.2,0
27.0,Travel_Rarely,728.0,Sales,23.0,1.0,Medical,2.0,Female,36.0,2.0,2.0,Sales Representative,3.0,Married,3540.0,7018.0,1.0,No,21.0,4.0,4.0,1.0,9.0,5.0,3.0,9.0,8.0,5.0,8.0,1770.0,1.0,0.8888888888888888,0.8888888888888888,0.5555555555555556,0
33.0,Travel_Frequently,1303.0,Research & Development,7.0,2.0,Life Sciences,4.0,Male,36.0,3.0,2.0,Healthcare Representative,3.0,Divorced,5968.0,18079.0,1.0,No,20.0,4.0,3.0,3.0,9.0,2.0,3.0,9.0,7.0,2.0,8.0,2984.0,1.0,0.7777777777777778,0.8888888888888888,0.2222222222222222,0
51.0,Travel_Rarely,770.0,Human Resources,5.0,3.0,Life Sciences,3.0,Male,84.0,3.0,4.0,Manager,2.0,Divorced,14026.0,17588.0,1.0,Yes,11.0,3.0,2.0,1.0,33.0,2.0,3.0,33.0,9.0,0.0,10.0,3506.5,1.0,0.2727272727272727,0.30303030303030304,0.0,0
38.0,Travel_Frequently,1391.0,Research & Development,10.0,1.0,Medical,3.0,Male,66.0,3.0,1.0,Research Scientist,3.0,Married,2684.0,12127.0,0.0,No,17.0,3.0,2.0,1.0,3.0,0.0,2.0,2.0,1.0,0.0,2.0,2684.0,0.6666666666666666,0.5,1.0,0.0,0
32.0,Travel_Rarely,859.0,Research & Development,4.0,3.0,Life Sciences,3.0,Female,98.0,2.0,2.0,Manufacturing Director,3.0,Married,6162.0,19124.0,1.0,No,12.0,3.0,3.0,1.0,14.0,3.0,3.0,14.0,13.0,6.0,8.0,3081.0,1.0,0.9285714285714286,0.5714285714285714,0.42857142857142855,0
51.0,Travel_Frequently,541.0,Sales,2.0,3.0,Marketing,2.0,Male,52.0,3.0,3.0,Sales Executive,2.0,Married,10596.0,15395.0,2.0,No,11.0,3.0,2.0,0.0,14.0,5.0,3.0,4.0,2.0,3.0,2.0,3532.0,0.2857142857142857,0.5,0.5,0.75,0
22.0,Travel_Frequently,1368.0,Research & Development,4.0,1.0,Technical Degree,3.0,Male,99.0,2.0,1.0,Laboratory Technician,3.0,Single,3894.0,9129.0,5.0,No,16.0,3.0,3.0,0.0,4.0,3.0,3.0,2.0,2.0,1.0,2.0,3894.0,0.5,1.0,1.0,0.5,1
52.0,Travel_Rarely,319.0,Research & Development,3.0,3.0,Medical,4.0,Male,39.0,2.0,3.0,Manufacturing Director,3.0,Married,7969.0,19609.0,2.0,Yes,14.0,3.0,3.0,0.0,28.0,4.0,3.0,5.0,4.0,0.0,4.0,2656.3333333333335,0.17857142857142858,0.8,0.8,0.0,0
30.0,Travel_Rarely,288.0,Research & Development,2.0,3.0,Life Sciences,3.0,Male,99.0,2.0,2.0,Healthcare Representative,4.0,Married,4152.0,15830.0,1.0,No,19.0,3.0,1.0,3.0,11.0,3.0,3.0,11.0,10.0,10.0,8.0,2076.0,1.0,0.9090909090909091,0.7272727272727273,0.9090909090909091,0
33.0,Travel_Frequently,970.0,Sales,7.0,3.0,Life Sciences,4.0,Female,30.0,3.0,2.0,Sales Executive,2.0,Married,4302.0,13401.0,0.0,No,17.0,3.0,3.0,1.0,4.0,3.0,3.0,3.0,2.0,0.0,2.0,2151.0,0.75,0.6666666666666666,0.6666666666666666,0.0,0
30.0,Travel_Rarely,231.0,Sales,8.0,2.0,Other,3.0,Male,62.0,3.0,3.0,Sales Executive,3.0,Divorced,7264.0,9977.0,5.0,No,11.0,3.0,1.0,1.0,10.0,2.0,4.0,8.0,4.0,7.0,7.0,2421.3333333333335,0.8,0.5,0.875,0.875,0
34.0,Travel_Rarely,181.0,Research & Development,2.0,4.0,Medical,4.0,Male,97.0,4.0,1.0,Research Scientist,4.0,Married,2932.0,5586.0,0.0,Yes,14.0,3.0,1.0,3.0,6.0,3.0,3.0,5.0,0.0,1.0,2.0,2932.0,0.8333333333333334,0.0,0.4,0.2,0
42.0,Travel_Frequently,288.0,Research & Development,2.0,3.0,Life Sciences,4.0,Male,40.0,3.0,3.0,Healthcare Representative,4.0,Married,10124.0,18611.0,2.0,Yes,14.0,3.0,3.0,1.0,24.0,3.0,1.0,20.0,8.0,13.0,9.0,3374.6666666666665,0.8333333333333334,0.4,0.45,0.65,0
54.0,Travel_Frequently,966.0,Research & Development,1.0,4.0,Life Sciences,4.0,Female,53.0,3.0,3.0,Manufacturing Director,3.0,Divorced,10502.0,9659.0,7.0,No,17.0,3.0,1.0,1.0,33.0,2.0,1.0,5.0,4.0,1.0,4.0,3500.6666666666665,0.15151515151515152,0.8,0.8,0.2,0
27.0,Travel_Rarely,1130.0,Sales,8.0,4.0,Marketing,2.0,Female,56.0,3.0,2.0,Sales Executive,2.0,Married,6214.0,3415.0,1.0,No,18.0,3.0,1.0,1.0,8.0,3.0,3.0,8.0,7.0,0.0,7.0,3107.0,1.0,0.875,0.875,0.0,0
40.0,Travel_Rarely,575.0,Sales,22.0,2.0,Marketing,3.0,Male,68.0,2.0,2.0,Sales Executive,3.0,Married,6380.0,6110.0,2.0,Yes,12.0,3.0,1.0,2.0,8.0,6.0,3.0,6.0,4.0,1.0,0.0,3190.0,0.75,0.6666666666666666,0.0,0.16666666666666666,1
36.0,Travel_Rarely,325.0,Research & Development,10.0,4.0,Technical Degree,4.0,Female,63.0,3.0,3.0,Healthcare Representative,3.0,Married,7094.0,5747.0,3.0,No,12.0,3.0,1.0,0.0,10.0,0.0,3.0,7.0,7.0,1.0,7.0,2364.6666666666665,0.7,1.0,1.0,0.14285714285714285,0
25.0,Travel_Rarely,883.0,Sales,26.0,1.0,Medical,3.0,Female,32.0,3.0,2.0,Sales Executive,4.0,Single,6180.0,22807.0,1.0,No,23.0,4.0,2.0,0.0,6.0,5.0,2.0,6.0,5.0,1.0,4.0,3090.0,1.0,0.8333333333333334,0.6666666666666666,0.16666666666666666,0
38.0,Travel_Rarely,397.0,Research & Development,2.0,2.0,Medical,4.0,Female,54.0,2.0,3.0,Manufacturing Director,3.0,Married,7756.0,14199.0,3.0,Yes,19.0,3.0,4.0,1.0,10.0,6.0,4.0,5.0,4.0,0.0,2.0,2585.3333333333335,0.5,0.8,0.4,0.0,0
32.0,Travel_Rarely,646.0,Research & Development,9.0,4.0,Life Sciences,1.0,Female,92.0,3.0,2.0,Research Scientist,4.0,Married,6322.0,18089.0,1.0,Yes,12.0,3.0,4.0,1.0,6.0,2.0,2.0,6.0,4.0,0.0,5.0,3161.0,1.0,0.6666666666666666,0.8333333333333334,0.0,0
29.0,Non-Travel,746.0,Sales,2.0,3.0,Life Sciences,4.0,Male,61.0,3.0,2.0,Sales Executive,3.0,Married,4649.0,16928.0,1.0,No,14.0,3.0,1.0,1.0,4.0,3.0,2.0,4.0,3.0,0.0,2.0,2324.5,1.0,0.75,0.5,0.0,0
42.0,Travel_Rarely,201.0,Research & Development,1.0,4.0,Life Sciences,2.0,Female,95.0,3.0,1.0,Laboratory Technician,1.0,Divorced,2576.0,20490.0,3.0,No,16.0,3.0,2.0,1.0,8.0,5.0,3.0,5.0,2.0,1.0,2.0,2576.0,0.625,0.4,0.4,0.2,0
33.0,Travel_Rarely,461.0,Research & Development,13.0,1.0,Life Sciences,2.0,Female,53.0,3.0,1.0,Research Scientist,4.0,Single,3452.0,17241.0,3.0,No,18.0,3.0,1.0,0.0,5.0,4.0,3.0,3.0,2.0,0.0,2.0,3452.0,0.6,0.6666666666666666,0.6666666666666666,0.0,0
49.0,Travel_Rarely,1098.0,Research & Development,4.0,2.0,Medical,1.0,Male,85.0,2.0,5.0,Manager,3.0,Married,18711.0,12124.0,2.0,No,13.0,3.0,3.0,1.0,23.0,2.0,4.0,1.0,0.0,0.0,0.0,3742.2,0.043478260869565216,0.0,0.0,0.0,0
34.0,Travel_Rarely,511.0,Sales,3.0,2.0,Life Sciences,4.0,Female,32.0,1.0,2.0,Sales Executive,4.0,Single,6029.0,25353.0,5.0,No,12.0,3.0,1.0,0.0,6.0,3.0,3.0,2.0,2.0,2.0,2.0,3014.5,0.3333333333333333,1.0,1.0,1.0,0
37.0,Travel_Rarely,674.0,Research & Development,13.0,3.0,Medical,1.0,Male,47.0,3.0,2.0,Research Scientist,4.0,Married,4285.0,3031.0,1.0,No,17.0,3.0,1.0,0.0,10.0,2.0,3.0,10.0,8.0,3.0,7.0,2142.5,1.0,0.8,0.7,0.3,0
44.0,Travel_Rarely,625.0,Research & Development,4.0,3.0,Medical,4.0,Male,50.0,3.0,2.0,Healthcare Representative,2.0,Single,5933.0,5197.0,9.0,No,12.0,3.0,4.0,0.0,10.0,2.0,2.0,5.0,2.0,2.0,3.0,2966.5,0.5,0.4,0.6,0.4,0
26.0,Travel_Frequently,426.0,Human Resources,17.0,4.0,Life Sciences,2.0,Female,58.0,3.0,1.0,Human Resources,3.0,Divorced,2741.0,22808.0,0.0,Yes,11.0,3.0,2.0,1.0,8.0,2.0,2.0,7.0,7.0,1.0,0.0,2741.0,0.875,1.0,0.0,0.14285714285714285,1
36.0,Non-Travel,427.0,Research & Development,8.0,3.0,Life Sciences,1.0,Female,63.0,4.0,3.0,Research Director,1.0,Married,11713.0,20335.0,9.0,No,14.0,3.0,1.0,1.0,10.0,2.0,3.0,8.0,7.0,0.0,5.0,3904.3333333333335,0.8,0.875,0.625,0.0,0
47.0,Travel_Rarely,983.0,Research & Development,2.0,2.0,Medical,1.0,Female,65.0,3.0,2.0,Manufacturing Director,4.0,Divorced,5070.0,7389.0,5.0,No,13.0,3.0,3.0,3.0,20.0,2.0,3.0,5.0,0.0,0.0,4.0,2535.0,0.25,0.0,0.8,0.0,0
27.0,Travel_Rarely,798.0,Research & Development,6.0,4.0,Medical,1.0,Female,66.0,2.0,1.0,Research Scientist,3.0,Divorced,2187.0,5013.0,0.0,No,12.0,3.0,3.0,2.0,6.0,5.0,2.0,5.0,3.0,0.0,3.0,2187.0,0.8333333333333334,0.6,0.6,0.0,0
58.0,Travel_Rarely,1055.0,Research & Development,1.0,3.0,Medical,4.0,Female,76.0,3.0,5.0,Research Director,1.0,Married,19701.0,22456.0,3.0,Yes,21.0,4.0,3.0,1.0,32.0,3.0,3.0,9.0,8.0,1.0,5.0,3940.2,0.28125,0.8888888888888888,0.5555555555555556,0.1111111111111111,0
44.0,Non-Travel,489.0,Research & Development,23.0,3.0,Medical,2.0,Male,67.0,3.0,2.0,Laboratory Technician,2.0,Married,2042.0,25043.0,4.0,No,12.0,3.0,3.0,1.0,17.0,3.0,4.0,3.0,2.0,1.0,2.0,1021.0,0.17647058823529413,0.6666666666666666,0.6666666666666666,0.3333333333333333,0
35.0,Travel_Rarely,670.0,Research & Development,10.0,4.0,Medical,1.0,Female,51.0,3.0,2.0,Healthcare Representative,3.0,Single,6142.0,4223.0,3.0,Yes,16.0,3.0,3.0,0.0,10.0,4.0,3.0,5.0,2.0,0.0,4.0,3071.0,0.5,0.4,0.8,0.0,0
27.0,Travel_Frequently,994.0,Sales,8.0,3.0,Life Sciences,4.0,Male,37.0,3.0,3.0,Sales Executive,3.0,Single,8726.0,2975.0,1.0,No,15.0,3.0,4.0,0.0,9.0,0.0,3.0,9.0,8.0,1.0,7.0,2908.6666666666665,1.0,0.8888888888888888,0.7777777777777778,0.1111111111111111,0
35.0,Travel_Rarely,1137.0,Research & Development,21.0,1.0,Life Sciences,4.0,Female,51.0,3.0,2.0,Healthcare Representative,4.0,Married,4014.0,19170.0,1.0,Yes,25.0,4.0,4.0,1.0,10.0,2.0,1.0,10.0,6.0,0.0,7.0,2007.0,1.0,0.6,0.7,0.0,0
29.0,Travel_Rarely,350.0,Human Resources,13.0,3.0,Human Resources,1.0,Male,56.0,2.0,1.0,Human Resources,1.0,Divorced,2335.0,3157.0,4.0,Yes,15.0,3.0,4.0,3.0,4.0,3.0,3.0,2.0,2.0,2.0,0.0,2335.0,0.5,1.0,0.0,1.0,1
36.0,Travel_Rarely,1299.0,Research & Development,27.0,3.0,Medical,3.0,Male,94.0,3.0,2.0,Healthcare Representative,3.0,Married,5237.0,16577.0,6.0,No,13.0,3.0,2.0,2.0,17.0,3.0,2.0,7.0,7.0,7.0,7.0,2618.5,0.4117647058823529,1.0,1.0,1.0,0
40.0,Travel_Rarely,611.0,Sales,7.0,4.0,Medical,2.0,Male,88.0,3.0,5.0,Manager,2.0,Single,19833.0,4349.0,1.0,No,14.0,3.0,2.0,0.0,21.0,3.0,2.0,21.0,8.0,12.0,8.0,3966.6,1.0,0.38095238095238093,0.38095238095238093,0.5714285714285714,0
21.0,Travel_Rarely,546.0,Research & Development,5.0,1.0,Medical,3.0,Male,97.0,3.0,1.0,Research Scientist,4.0,Single,3117.0,26009.0,1.0,No,18.0,3.0,3.0,0.0,3.0,2.0,3.0,2.0,2.0,2.0,2.0,3117.0,0.6666666666666666,1.0,1.0,1.0,0
35.0,Travel_Rarely,185.0,Research & Development,23.0,4.0,Medical,2.0,Male,91.0,1.0,1.0,Laboratory Technician,3.0,Married,2705.0,9696.0,0.0,No,16.0,3.0,2.0,1.0,6.0,2.0,4.0,5.0,4.0,0.0,3.0,2705.0,0.8333333333333334,0.8,0.6,0.0,0
40.0,Non-Travel,1142.0,Research & Development,8.0,2.0,Life Sciences,4.0,Male,72.0,3.0,2.0,Healthcare Representative,4.0,Divorced,4069.0,8841.0,3.0,Yes,18.0,3.0,3.0,0.0,8.0,2.0,3.0,2.0,2.0,2.0,2.0,2034.5,0.25,1.0,1.0,1.0,0
27.0,Travel_Rarely,205.0,Sales,10.0,3.0,Marketing,4.0,Female,98.0,2.0,2.0,Sales Executive,4.0,Married,5769.0,7100.0,1.0,Yes,11.0,3.0,4.0,0.0,6.0,3.0,3.0,6.0,2.0,4.0,4.0,2884.5,1.0,0.3333333333333333,0.6666666666666666,0.6666666666666666,0
46.0,Travel_Frequently,1034.0,Research & Development,18.0,1.0,Medical,1.0,Female,86.0,3.0,3.0,Healthcare Representative,3.0,Married,10527.0,8984.0,5.0,No,11.0,3.0,4.0,0.0,28.0,3.0,2.0,2.0,2.0,1.0,2.0,3509.0,0.07142857142857142,1.0,1.0,0.5,0
32.0,Travel_Rarely,529.0,Research & Development,2.0,3.0,Technical Degree,4.0,Male,78.0,3.0,1.0,Research Scientist,1.0,Single,2439.0,11288.0,1.0,No,14.0,3.0,4.0,0.0,4.0,4.0,3.0,4.0,2.0,1.0,2.0,2439.0,1.0,0.5,0.5,0.25,0
59.0,Travel_Rarely,818.0,Human Resources,6.0,2.0,Medical,2.0,Male,52.0,3.0,1.0,Human Resources,3.0,Married,2267.0,25657.0,8.0,No,17.0,3.0,4.0,0.0,7.0,2.0,2.0,2.0,2.0,2.0,2.0,2267.0,0.2857142857142857,1.0,1.0,1.0,0
49.0,Travel_Rarely,174.0,Sales,8.0,4.0,Technical Degree,4.0,Male,56.0,2.0,4.0,Sales Executive,2.0,Married,13120.0,11879.0,6.0,No,17.0,3.0,2.0,1.0,22.0,3.0,3.0,9.0,8.0,2.0,3.0,3280.0,0.4090909090909091,0.8888888888888888,0.3333333333333333,0.2222222222222222,0
38.0,Travel_Rarely,130.0,Sales,2.0,2.0,Marketing,4.0,Male,32.0,3.0,3.0,Sales Executive,2.0,Single,7351.0,20619.0,7.0,No,16.0,3.0,3.0,0.0,10.0,2.0,3.0,1.0,0.0,0.0,0.0,2450.3333333333335,0.1,0.0,0.0,0.0,0
37.0,Travel_Rarely,1189.0,Sales,3.0,3.0,Life Sciences,3.0,Male,87.0,3.0,3.0,Sales Executive,4.0,Single,7428.0,14506.0,2.0,No,12.0,3.0,1.0,0.0,12.0,3.0,3.0,5.0,3.0,1.0,3.0,2476.0,0.4166666666666667,0.6,0.6,0.2,0
27.0,Travel_Rarely,1377.0,Sales,2.0,3.0,Life Sciences,4.0,Male,74.0,3.0,2.0,Sales Executive,3.0,Single,4478.0,5242.0,1.0,Yes,11.0,3.0,1.0,0.0,5.0,3.0,3.0,5.0,4.0,0.0,4.0,2239.0,1.0,0.8,0.8,0.0,0
19.0,Travel_Rarely,528.0,Sales,22.0,1.0,Marketing,4.0,Male,50.0,3.0,1.0,Sales Representative,3.0,Single,1675.0,26820.0,1.0,Yes,19.0,3.0,4.0,0.0,0.0,2.0,2.0,0.0,0.0,0.0,0.0,1675.0,0.0,0.0,0.0,0.0,1
26.0,Travel_Rarely,1167.0,Sales,5.0,3.0,Other,4.0,Female,30.0,2.0,1.0,Sales Representative,3.0,Single,2966.0,21378.0,0.0,No,18.0,3.0,4.0,0.0,5.0,2.0,3.0,4.0,2.0,0.0,0.0,2966.0,0.8,0.5,0.0,0.0,0
38.0,Travel_Frequently,1186.0,Research & Development,3.0,4.0,Other,3.0,Male,44.0,3.0,1.0,Research Scientist,3.0,Married,2821.0,2997.0,3.0,No,16.0,3.0,1.0,1.0,8.0,2.0,3.0,2.0,2.0,2.0,2.0,2821.0,0.25,1.0,1.0,1.0,0
29.0,Travel_Rarely,657.0,Research & Development,27.0,3.0,Medical,2.0,Female,66.0,3.0,2.0,Healthcare Representative,3.0,Married,4335.0,25549.0,4.0,No,12.0,3.0,1.0,1.0,11.0,3.0,2.0,8.0,7.0,1.0,1.0,2167.5,0.7272727272727273,0.875,0.125,0.125,0
40.0,Travel_Rarely,118.0,Sales,14.0,2.0,Life Sciences,4.0,Female,84.0,3.0,2.0,Sales Executive,1.0,Married,4639.0,11262.0,1.0,No,15.0,3.0,3.0,1.0,5.0,2.0,3.0,5.0,4.0,1.0,2.0,2319.5,1.0,0.8,0.4,0.2,0
39.0,Travel_Rarely,116.0,Research & Development,24.0,1.0,Life Sciences,1.0,Male,52.0,3.0,2.0,Research Scientist,4.0,Single,4108.0,5340.0,7.0,No,13.0,3.0,1.0,0.0,18.0,2.0,3.0,7.0,7.0,1.0,7.0,2054.0,0.3888888888888889,1.0,1.0,0.14285714285714285,0
29.0,Travel_Frequently,806.0,Research & Development,1.0,4.0,Life Sciences,2.0,Male,76.0,1.0,1.0,Research Scientist,4.0,Divorced,2720.0,18959.0,1.0,No,18.0,3.0,4.0,1.0,10.0,5.0,3.0,10.0,7.0,2.0,8.0,2720.0,1.0,0.7,0.8,0.2,0
55.0,Travel_Rarely,147.0,Research & Development,20.0,2.0,Technical Degree,2.0,Male,37.0,3.0,2.0,Laboratory Technician,4.0,Married,5415.0,15972.0,3.0,Yes,19.0,3.0,4.0,1.0,12.0,4.0,3.0,10.0,7.0,0.0,8.0,2707.5,0.8333333333333334,0.7,0.8,0.0,0
43.0,Travel_Rarely,990.0,Research & Development,27.0,3.0,Technical Degree,4.0,Male,87.0,4.0,1.0,Laboratory Technician,2.0,Divorced,4876.0,5855.0,5.0,No,12.0,3.0,3.0,1.0,8.0,0.0,3.0,6.0,4.0,0.0,2.0,4876.0,0.75,0.6666666666666666,0.3333333333333333,0.0,0
39.0,Travel_Frequently,766.0,Sales,20.0,3.0,Life Sciences,3.0,Male,83.0,3.0,2.0,Sales Executive,4.0,Divorced,4127.0,19188.0,2.0,No,18.0,3.0,4.0,1.0,7.0,6.0,3.0,2.0,1.0,2.0,2.0,2063.5,0.2857142857142857,0.5,1.0,1.0,0
44.0,Travel_Frequently,1193.0,Research & Development,2.0,1.0,Medical,2.0,Male,86.0,3.0,3.0,Manufacturing Director,3.0,Single,10209.0,19719.0,5.0,Yes,18.0,3.0,2.0,0.0,16.0,2.0,2.0,2.0,2.0,2.0,2.0,3403.0,0.125,1.0,1.0,1.0,0
51.0,Travel_Rarely,1318.0,Sales,26.0,4.0,Marketing,1.0,Female,66.0,3.0,4.0,Manager,3.0,Married,16307.0,5594.0,2.0,No,14.0,3.0,3.0,1.0,29.0,2.0,2.0,20.0,6.0,4.0,17.0,4076.75,0.6896551724137931,0.3,0.85,0.2,0
49.0,Travel_Rarely,1184.0,Sales,11.0,3.0,Marketing,3.0,Female,43.0,3.0,3.0,Sales Executive,4.0,Married,7654.0,5860.0,1.0,No,18.0,3.0,1.0,2.0,9.0,3.0,4.0,9.0,8.0,7.0,7.0,2551.3333333333335,1.0,0.8888888888888888,0.7777777777777778,0.7777777777777778,1
27.0,Non-Travel,1450.0,Research & Development,3.0,3.0,Medical,3.0,Male,79.0,2.0,1.0,Research Scientist,3.0,Divorced,2566.0,25326.0,1.0,Yes,15.0,3.0,4.0,1.0,1.0,2.0,2.0,1.0,1.0,0.0,1.0,2566.0,1.0,1.0,1.0,0.0,0
32.0,Travel_Frequently,689.0,Sales,9.0,2.0,Medical,4.0,Male,35.0,1.0,2.0,Sales Executive,4.0,Divorced,4668.0,22812.0,0.0,No,17.0,3.0,4.0,3.0,9.0,2.0,4.0,8.0,7.0,0.0,7.0,2334.0,0.8888888888888888,0.875,0.875,0.0,0
37.0,Travel_Frequently,504.0,Research & Development,10.0,3.0,Medical,1.0,Male,61.0,3.0,3.0,Manufacturing Director,3.0,Divorced,10048.0,22573.0,6.0,No,11.0,3.0,2.0,2.0,17.0,5.0,3.0,1.0,0.0,0.0,0.0,3349.3333333333335,0.058823529411764705,0.0,0.0,0.0,1
26.0,Travel_Frequently,1096.0,Research & Development,6.0,3.0,Other,3.0,Male,61.0,4.0,1.0,Laboratory Technician,4.0,Married,2544.0,7102.0,0.0,No,18.0,3.0,1.0,1.0,8.0,3.0,3.0,7.0,7.0,7.0,7.0,2544.0,0.875,1.0,1.0,1.0,0
34.0,Travel_Rarely,1320.0,Research & Development,20.0,3.0,Technical Degree,3.0,Female,89.0,4.0,1.0,Research Scientist,3.0,Married,2585.0,21643.0,0.0,No,17.0,3.0,4.0,0.0,2.0,5.0,2.0,1.0,0.0,0.0,0.0,2585.0,0.5,0.0,0.0,0.0,0
50.0,Travel_Rarely,1322.0,Research & Development,28.0,3.0,Life Sciences,4.0,Female,43.0,3.0,4.0,Research Director,1.0,Married,16880.0,22422.0,4.0,Yes,11.0,3.0,2.0,0.0,25.0,2.0,3.0,3.0,2.0,1.0,2.0,4220.0,0.12,0.6666666666666666,0.6666666666666666,0.3333333333333333,0
33.0,Travel_Frequently,827.0,Research & Development,1.0,4.0,Other,3.0,Female,84.0,4.0,2.0,Healthcare Representative,2.0,Married,5488.0,20161.0,1.0,Yes,13.0,3.0,1.0,1.0,6.0,2.0,3.0,6.0,5.0,1.0,2.0,2744.0,1.0,0.8333333333333334,0.3333333333333333,0.16666666666666666,0
45.0,Travel_Rarely,252.0,Research & Development,1.0,3.0,Other,3.0,Male,70.0,4.0,5.0,Manager,4.0,Married,19202.0,15970.0,0.0,No,11.0,3.0,3.0,1.0,25.0,2.0,3.0,24.0,0.0,1.0,7.0,3840.4,0.96,0.0,0.2916666666666667,0.041666666666666664,0
20.0,Travel_Rarely,654.0,Sales,21.0,3.0,Marketing,3.0,Male,43.0,4.0,1.0,Sales Representative,4.0,Single,2678.0,5050.0,1.0,No,17.0,3.0,4.0,0.0,2.0,2.0,3.0,2.0,1.0,2.0,2.0,2678.0,1.0,0.5,1.0,1.0,0
40.0,Travel_Rarely,1137.0,Research & Development,1.0,4.0,Life Sciences,1.0,Male,98.0,3.0,4.0,Manager,1.0,Divorced,16823.0,18991.0,2.0,No,11.0,3.0,1.0,1.0,22.0,3.0,3.0,19.0,7.0,11.0,16.0,4205.75,0.8636363636363636,0.3684210526315789,0.8421052631578947,0.5789473684210527,0
36.0,Travel_Rarely,559.0,Research & Development,12.0,4.0,Life Sciences,3.0,Female,76.0,3.0,2.0,Manufacturing Director,3.0,Married,4663.0,12421.0,9.0,Yes,12.0,3.0,2.0,2.0,7.0,2.0,3.0,3.0,2.0,1.0,1.0,2331.5,0.42857142857142855,0.6666666666666666,0.3333333333333333,0.3333333333333333,0
21.0,Travel_Frequently,251.0,Research & Development,10.0,2.0,Life Sciences,1.0,Female,45.0,2.0,1.0,Laboratory Technician,3.0,Single,2625.0,25308.0,1.0,No,20.0,4.0,3.0,0.0,2.0,2.0,1.0,2.0,2.0,2.0,2.0,2625.0,1.0,1.0,1.0,1.0,1
39.0,Non-Travel,1251.0,Sales,21.0,4.0,Life Sciences,1.0,Female,32.0,1.0,2.0,Sales Executive,3.0,Married,5736.0,3987.0,6.0,No,19.0,3.0,3.0,1.0,10.0,1.0,3.0,3.0,2.0,1.0,2.0,2868.0,0.3,0.6666666666666666,0.6666666666666666,0.3333333333333333,0
45.0,Travel_Rarely,788.0,Human Resources,24.0,4.0,Medical,2.0,Male,36.0,3.0,1.0,Human Resources,2.0,Single,2177.0,8318.0,1.0,No,16.0,3.0,1.0,0.0,6.0,3.0,3.0,6.0,3.0,0.0,4.0,2177.0,1.0,0.5,0.6666666666666666,0.0,0
40.0,Travel_Rarely,1194.0,Research & Development,1.0,3.0,Life Sciences,3.0,Female,52.0,3.0,2.0,Healthcare Representative,4.0,Divorced,6513.0,9060.0,4.0,No,17.0,3.0,4.0,1.0,12.0,3.0,3.0,5.0,3.0,0.0,3.0,3256.5,0.4166666666666667,0.6,0.6,0.0,0
39.0,Travel_Rarely,722.0,Sales,24.0,1.0,Marketing,2.0,Female,60.0,2.0,4.0,Sales Executive,4.0,Married,12031.0,8828.0,0.0,No,11.0,3.0,1.0,1.0,21.0,2.0,2.0,20.0,9.0,9.0,6.0,3007.75,0.9523809523809523,0.45,0.3,0.45,0
34.0,Travel_Rarely,204.0,Sales,14.0,3.0,Technical Degree,3.0,Female,31.0,3.0,1.0,Sales Representative,3.0,Divorced,2579.0,2912.0,1.0,Yes,18.0,3.0,4.0,2.0,8.0,3.0,3.0,8.0,2.0,0.0,6.0,2579.0,1.0,0.25,0.75,0.0,0
34.0,Travel_Rarely,167.0,Research & Development,8.0,5.0,Life Sciences,2.0,Female,32.0,3.0,2.0,Manufacturing Director,1.0,Divorced,5121.0,4187.0,3.0,No,14.0,3.0,3.0,1.0,7.0,3.0,3.0,0.0,0.0,0.0,0.0,2560.5,0.0,0.0,0.0,0.0,0
36.0,Travel_Rarely,530.0,Sales,3.0,1.0,Life Sciences,3.0,Male,51.0,2.0,3.0,Sales Executive,4.0,Married,10325.0,5518.0,1.0,Yes,11.0,3.0,1.0,1.0,16.0,6.0,3.0,16.0,7.0,3.0,7.0,3441.6666666666665,1.0,0.4375,0.4375,0.1875,1
46.0,Travel_Rarely,1450.0,Research & Development,15.0,2.0,Life Sciences,4.0,Male,52.0,3.0,5.0,Research Director,2.0,Married,19081.0,10849.0,5.0,No,11.0,3.0,1.0,1.0,25.0,2.0,3.0,4.0,2.0,0.0,3.0,3816.2,0.16,0.5,0.75,0.0,0
38.0,Travel_Rarely,243.0,Sales,7.0,4.0,Marketing,4.0,Female,46.0,2.0,2.0,Sales Executive,4.0,Single,4028.0,7791.0,0.0,No,20.0,4.0,1.0,0.0,8.0,2.0,3.0,7.0,7.0,0.0,5.0,2014.0,0.875,1.0,0.7142857142857143,0.0,0
48.0,Travel_Rarely,626.0,Research & Development,1.0,2.0,Life Sciences,1.0,Male,98.0,2.0,3.0,Laboratory Technician,3.0,Single,5381.0,19294.0,9.0,Yes,13.0,3.0,4.0,0.0,23.0,2.0,3.0,1.0,0.0,0.0,0.0,1793.6666666666667,0.043478260869565216,0.0,0.0,0.0,1
37.0,Travel_Rarely,290.0,Research & Development,21.0,3.0,Life Sciences,2.0,Male,65.0,4.0,1.0,Research Scientist,1.0,Married,3564.0,22977.0,1.0,Yes,12.0,3.0,1.0,1.0,8.0,3.0,2.0,8.0,7.0,1.0,7.0,3564.0,1.0,0.875,0.875,0.125,0
34.0,Non-Travel,999.0,Research & Development,26.0,1.0,Technical Degree,1.0,Female,92.0,2.0,1.0,Research Scientist,3.0,Divorced,2029.0,15891.0,1.0,No,20.0,4.0,3.0,3.0,5.0,2.0,3.0,5.0,4.0,0.0,0.0,2029.0,1.0,0.8,0.0,0.0,0
42.0,Travel_Frequently,748.0,Research & Development,9.0,2.0,Medical,1.0,Female,74.0,3.0,1.0,Laboratory Technician,4.0,Single,3673.0,16458.0,1.0,No,13.0,3.0,3.0,0.0,12.0,3.0,3.0,12.0,9.0,5.0,8.0,3673.0,1.0,0.75,0.6666666666666666,0.4166666666666667,0
34.0,Travel_Rarely,970.0,Research & Development,8.0,2.0,Medical,2.0,Female,96.0,3.0,2.0,Healthcare Representative,3.0,Single,6142.0,7360.0,3.0,No,11.0,3.0,4.0,0.0,10.0,2.0,3.0,5.0,1.0,4.0,3.0,3071.0,0.5,0.2,0.6,0.8,0
58.0,Travel_Frequently,781.0,Research & Development,2.0,1.0,Life Sciences,4.0,Male,57.0,2.0,1.0,Laboratory Technician,4.0,Divorced,2380.0,13384.0,9.0,Yes,14.0,3.0,4.0,1.0,3.0,3.0,2.0,1.0,0.0,0.0,0.0,2380.0,0.3333333333333333,0.0,0.0,0.0,1
27.0,Non-Travel,1277.0,Research & Development,8.0,5.0,Life Sciences,1.0,Male,87.0,1.0,1.0,Laboratory Technician,3.0,Married,4621.0,5869.0,1.0,No,19.0,3.0,4.0,3.0,3.0,4.0,3.0,3.0,2.0,1.0,2.0,4621.0,1.0,0.6666666666666666,0.6666666666666666,0.3333333333333333,0
32.0,Travel_Rarely,1062.0,Research & Development,2.0,3.0,Medical,3.0,Female,75.0,3.0,1.0,Laboratory Technician,2.0,Married,2370.0,3956.0,1.0,No,13.0,3.0,3.0,1.0,8.0,4.0,3.0,8.0,0.0,0.0,7.0,2370.0,1.0,0.0,0.875,0.0,0
41.0,Travel_Rarely,1283.0,Research & Development,5.0,5.0,Medical,2.0,Male,90.0,4.0,1.0,Research Scientist,3.0,Married,2127.0,5561.0,2.0,Yes,12.0,3.0,1.0,0.0,7.0,5.0,2.0,4.0,2.0,0.0,3.0,2127.0,0.5714285714285714,0.5,0.75,0.0,0
56.0,Travel_Rarely,206.0,Human Resources,8.0,4.0,Life Sciences,4.0,Male,99.0,3.0,5.0,Manager,2.0,Single,19717.0,4022.0,6.0,No,14.0,3.0,1.0,0.0,36.0,4.0,3.0,7.0,3.0,7.0,7.0,3943.4,0.19444444444444445,0.42857142857142855,1.0,1.0,0
39.0,Travel_Rarely,1162.0,Sales,3.0,2.0,Medical,4.0,Female,41.0,3.0,2.0,Sales Executive,3.0,Married,5238.0,17778.0,4.0,Yes,18.0,3.0,1.0,0.0,12.0,3.0,2.0,1.0,0.0,0.0,0.0,2619.0,0.08333333333333333,0.0,0.0,0.0,1
41.0,Travel_Rarely,509.0,Research & Development,7.0,2.0,Technical Degree,2.0,Female,43.0,4.0,1.0,Research Scientist,3.0,Married,3376.0,18863.0,1.0,No,13.0,3.0,3.0,0.0,10.0,3.0,3.0,10.0,6.0,0.0,8.0,3376.0,1.0,0.6,0.8,0.0,0
32.0,Travel_Frequently,379.0,Sales,5.0,2.0,Life Sciences,2.0,Male,48.0,3.0,2.0,Sales Executive,2.0,Married,6524.0,8891.0,1.0,No,14.0,3.0,4.0,1.0,10.0,3.0,3.0,10.0,8.0,5.0,3.0,3262.0,1.0,0.8,0.3,0.5,0
31.0,Travel_Rarely,1365.0,Sales,13.0,4.0,Medical,2.0,Male,46.0,3.0,2.0,Sales Executive,1.0,Divorced,4233.0,11512.0,2.0,No,17.0,3.0,3.0,0.0,9.0,2.0,1.0,3.0,1.0,1.0,2.0,2116.5,0.3333333333333333,0.3333333333333333,0.6666666666666666,0.3333333333333333,1
38.0,Travel_Rarely,688.0,Research & Development,23.0,4.0,Life Sciences,4.0,Male,82.0,3.0,2.0,Healthcare Representative,4.0,Divorced,5745.0,18899.0,9.0,No,14.0,3.0,2.0,1.0,10.0,2.0,3.0,2.0,2.0,1.0,2.0,2872.5,0.2,1.0,1.0,0.5,0
30.0,Travel_Frequently,1312.0,Research & Development,2.0,4.0,Technical Degree,4.0,Female,78.0,2.0,1.0,Research Scientist,1.0,Single,4968.0,26427.0,0.0,No,16.0,3.0,4.0,0.0,10.0,2.0,3.0,9.0,7.0,0.0,7.0,4968.0,0.9,0.7777777777777778,0.7777777777777778,0.0,0
32.0,Travel_Frequently,1125.0,Research & Development,16.0,1.0,Life Sciences,2.0,Female,72.0,1.0,1.0,Research Scientist,1.0,Single,3919.0,4681.0,1.0,Yes,22.0,4.0,2.0,0.0,10.0,5.0,3.0,10.0,2.0,6.0,7.0,3919.0,1.0,0.2,0.7,0.6,1
31.0,Travel_Rarely,154.0,Sales,7.0,4.0,Life Sciences,2.0,Male,41.0,2.0,1.0,Sales Representative,3.0,Married,2329.0,11737.0,3.0,No,15.0,3.0,2.0,0.0,13.0,2.0,4.0,7.0,7.0,5.0,2.0,2329.0,0.5384615384615384,1.0,0.2857142857142857,0.7142857142857143,0
28.0,Travel_Rarely,1157.0,Research & Development,2.0,4.0,Medical,1.0,Male,84.0,1.0,1.0,Research Scientist,4.0,Married,3464.0,24737.0,5.0,Yes,13.0,3.0,4.0,0.0,5.0,4.0,2.0,3.0,2.0,2.0,2.0,3464.0,0.6,0.6666666666666666,0.6666666666666666,0.6666666666666666,1
41.0,Travel_Rarely,483.0,Research & Development,6.0,3.0,Medical,4.0,Male,95.0,2.0,2.0,Manufacturing Director,2.0,Single,6032.0,10110.0,6.0,Yes,15.0,3.0,4.0,0.0,8.0,3.0,3.0,5.0,4.0,1.0,2.0,3016.0,0.625,0.8,0.4,0.2,0
35.0,Travel_Rarely,1343.0,Research & Development,27.0,1.0,Medical,3.0,Female,53.0,2.0,1.0,Research Scientist,1.0,Single,2559.0,17852.0,1.0,No,11.0,3.0,4.0,0.0,6.0,3.0,2.0,6.0,5.0,1.0,1.0,2559.0,1.0,0.8333333333333334,0.16666666666666666,0.16666666666666666,0
35.0,Travel_Rarely,195.0,Sales,1.0,3.0,Medical,1.0,Female,80.0,3.0,2.0,Sales Executive,3.0,Single,4859.0,6698.0,1.0,No,16.0,3.0,4.0,0.0,5.0,3.0,3.0,5.0,4.0,0.0,3.0,2429.5,1.0,0.8,0.6,0.0,0
38.0,Travel_Rarely,903.0,Research & Development,2.0,3.0,Medical,3.0,Male,81.0,3.0,2.0,Manufacturing Director,2.0,Married,4855.0,7653.0,4.0,No,11.0,3.0,1.0,2.0,7.0,2.0,3.0,5.0,2.0,1.0,4.0,2427.5,0.7142857142857143,0.4,0.8,0.2,1
53.0,Travel_Rarely,1436.0,Sales,6.0,2.0,Marketing,2.0,Male,34.0,3.0,2.0,Sales Representative,3.0,Married,2306.0,16047.0,2.0,Yes,20.0,4.0,4.0,1.0,13.0,3.0,1.0,7.0,7.0,4.0,5.0,1153.0,0.5384615384615384,1.0,0.7142857142857143,0.5714285714285714,0
53.0,Travel_Rarely,1395.0,Research & Development,24.0,4.0,Medical,2.0,Male,48.0,4.0,3.0,Healthcare Representative,4.0,Married,7005.0,3458.0,3.0,No,15.0,3.0,3.0,0.0,11.0,2.0,3.0,4.0,3.0,1.0,2.0,2335.0,0.36363636363636365,0.75,0.5,0.25,0
34.0,Travel_Rarely,1480.0,Sales,4.0,3.0,Life Sciences,3.0,Male,64.0,3.0,3.0,Sales Executive,4.0,Married,9713.0,24444.0,2.0,Yes,13.0,3.0,4.0,3.0,9.0,3.0,3.0,5.0,3.0,1.0,0.0,3237.6666666666665,0.5555555555555556,0.6,0.0,0.2,0
30.0,Travel_Rarely,1358.0,Research & Development,24.0,1.0,Life Sciences,4.0,Male,67.0,3.0,1.0,Laboratory Technician,3.0,Divorced,2693.0,13335.0,1.0,No,22.0,4.0,2.0,1.0,1.0,2.0,3.0,1.0,0.0,0.0,0.0,2693.0,1.0,0.0,0.0,0.0,0
51.0,Travel_Rarely,833.0,Research & Development,1.0,3.0,Life Sciences,3.0,Male,96.0,3.0,1.0,Research Scientist,4.0,Married,2723.0,23231.0,1.0,No,11.0,3.0,2.0,0.0,1.0,0.0,2.0,1.0,0.0,0.0,0.0,2723.0,1.0,0.0,0.0,0.0,0
34.0,Travel_Frequently,426.0,Research & Development,10.0,4.0,Life Sciences,3.0,Male,42.0,4.0,2.0,Manufacturing Director,4.0,Divorced,4724.0,17000.0,1.0,No,13.0,3.0,1.0,1.0,9.0,3.0,3.0,9.0,7.0,7.0,2.0,2362.0,1.0,0.7777777777777778,0.2222222222222222,0.7777777777777778,0
34.0,Travel_Rarely,121.0,Research & Development,2.0,4.0,Medical,3.0,Female,86.0,2.0,1.0,Research Scientist,1.0,Single,4381.0,7530.0,1.0,No,11.0,3.0,3.0,0.0,6.0,3.0,3.0,6.0,5.0,1.0,3.0,4381.0,1.0,0.8333333333333334,0.5,0.16666666666666666,0
47.0,Non-Travel,666.0,Research & Development,29.0,4.0,Life Sciences,1.0,Male,88.0,3.0,3.0,Manager,2.0,Married,11849.0,10268.0,1.0,Yes,12.0,3.0,4.0,1.0,10.0,2.0,2.0,10.0,7.0,9.0,9.0,3949.6666666666665,1.0,0.7,0.9,0.9,1
23.0,Travel_Rarely,541.0,Sales,2.0,1.0,Technical Degree,3.0,Male,62.0,3.0,1.0,Sales Representative,1.0,Divorced,2322.0,9518.0,3.0,No,13.0,3.0,3.0,1.0,3.0,3.0,3.0,0.0,0.0,0.0,0.0,2322.0,0.0,0.0,0.0,0.0,0
47.0,Travel_Rarely,703.0,Sales,14.0,4.0,Marketing,4.0,Male,42.0,3.0,2.0,Sales Executive,1.0,Single,4960.0,11825.0,2.0,No,12.0,3.0,4.0,0.0,20.0,2.0,3.0,7.0,7.0,1.0,7.0,2480.0,0.35,1.0,1.0,0.14285714285714285,0
32.0,Travel_Rarely,414.0,Sales,2.0,4.0,Marketing,3.0,Male,82.0,2.0,2.0,Sales Executive,2.0,Single,9907.0,26186.0,7.0,Yes,12.0,3.0,3.0,0.0,7.0,3.0,2.0,2.0,2.0,2.0,2.0,4953.5,0.2857142857142857,1.0,1.0,1.0,1
50.0,Travel_Rarely,1046.0,Research & Development,10.0,3.0,Technical Degree,4.0,Male,100.0,2.0,3.0,Healthcare Representative,4.0,Single,10496.0,2755.0,6.0,No,15.0,3.0,4.0,0.0,20.0,2.0,3.0,4.0,3.0,1.0,3.0,3498.6666666666665,0.2,0.75,0.75,0.25,0
26.0,Non-Travel,265.0,Sales,29.0,2.0,Medical,2.0,Male,79.0,1.0,2.0,Sales Executive,1.0,Single,4969.0,21813.0,8.0,No,18.0,3.0,4.0,0.0,7.0,6.0,3.0,2.0,2.0,2.0,2.0,2484.5,0.2857142857142857,1.0,1.0,1.0,1
32.0,Non-Travel,953.0,Research & Development,5.0,4.0,Technical Degree,2.0,Male,65.0,3.0,1.0,Research Scientist,2.0,Single,2718.0,17674.0,2.0,No,14.0,3.0,2.0,0.0,12.0,3.0,3.0,7.0,7.0,0.0,7.0,2718.0,0.5833333333333334,1.0,1.0,0.0,0
55.0,Travel_Rarely,1117.0,Sales,18.0,5.0,Life Sciences,1.0,Female,83.0,3.0,4.0,Manager,2.0,Single,16835.0,9873.0,3.0,No,23.0,4.0,4.0,0.0,37.0,2.0,3.0,10.0,9.0,7.0,7.0,4208.75,0.2702702702702703,0.9,0.7,0.7,0
28.0,Non-Travel,280.0,Human Resources,1.0,2.0,Life Sciences,3.0,Male,43.0,3.0,1.0,Human Resources,4.0,Divorced,2706.0,10494.0,1.0,No,15.0,3.0,2.0,1.0,3.0,2.0,3.0,3.0,2.0,2.0,2.0,2706.0,1.0,0.6666666666666666,0.6666666666666666,0.6666666666666666,0
49.0,Travel_Frequently,1475.0,Research & Development,28.0,2.0,Life Sciences,1.0,Male,97.0,2.0,2.0,Laboratory Technician,1.0,Single,4284.0,22710.0,3.0,No,20.0,4.0,1.0,0.0,20.0,2.0,3.0,4.0,3.0,1.0,3.0,2142.0,0.2,0.75,0.75,0.25,1
25.0,Travel_Rarely,685.0,Research & Development,1.0,3.0,Life Sciences,1.0,Female,62.0,3.0,2.0,Manufacturing Director,3.0,Married,4898.0,7505.0,0.0,No,12.0,3.0,4.0,2.0,5.0,3.0,3.0,4.0,2.0,1.0,2.0,2449.0,0.8,0.5,0.5,0.25,0
58.0,Non-Travel,390.0,Research & Development,1.0,4.0,Life Sciences,4.0,Male,32.0,1.0,2.0,Healthcare Representative,3.0,Divorced,5660.0,17056.0,2.0,Yes,13.0,3.0,4.0,1.0,12.0,2.0,3.0,5.0,3.0,1.0,2.0,2830.0,0.4166666666666667,0.6,0.4,0.2,0
33.0,Travel_Rarely,603.0,Sales,9.0,4.0,Marketing,1.0,Female,77.0,3.0,2.0,Sales Executive,1.0,Single,8224.0,18385.0,0.0,Yes,17.0,3.0,1.0,0.0,6.0,3.0,3.0,5.0,2.0,0.0,3.0,4112.0,0.8333333333333334,0.4,0.6,0.0,1
38.0,Travel_Frequently,1444.0,Human Resources,1.0,4.0,Other,4.0,Male,88.0,3.0,1.0,Human Resources,2.0,Married,2991.0,5224.0,0.0,Yes,11.0,3.0,2.0,1.0,7.0,2.0,3.0,6.0,2.0,1.0,2.0,2991.0,0.8571428571428571,0.3333333333333333,0.3333333333333333,0.16666666666666666,0
36.0,Travel_Rarely,429.0,Research & Development,2.0,4.0,Life Sciences,3.0,Female,53.0,3.0,2.0,Manufacturing Director,2.0,Single,5410.0,2323.0,9.0,Yes,11.0,3.0,4.0,0.0,18.0,2.0,3.0,16.0,14.0,5.0,12.0,2705.0,0.8888888888888888,0.875,0.75,0.3125,0
21.0,Travel_Rarely,391.0,Research & Development,15.0,2.0,Life Sciences,3.0,Male,96.0,3.0,1.0,Research Scientist,4.0,Single,1232.0,19281.0,1.0,No,14.0,3.0,4.0,0.0,0.0,6.0,3.0,0.0,0.0,0.0,0.0,1232.0,0.0,0.0,0.0,0.0,0
34.0,Travel_Rarely,546.0,Research & Development,10.0,3.0,Life Sciences,2.0,Male,83.0,3.0,1.0,Laboratory Technician,2.0,Divorced,2008.0,6896.0,1.0,No,14.0,3.0,2.0,2.0,1.0,3.0,3.0,1.0,0.0,1.0,0.0,2008.0,1.0,0.0,0.0,1.0,0
40.0,Travel_Rarely,1329.0,Research & Development,7.0,3.0,Life Sciences,1.0,Male,73.0,3.0,1.0,Laboratory Technician,1.0,Single,2166.0,3339.0,3.0,Yes,14.0,3.0,2.0,0.0,10.0,3.0,1.0,4.0,2.0,0.0,3.0,2166.0,0.4,0.5,0.75,0.0,1
46.0,Travel_Rarely,563.0,Sales,1.0,4.0,Life Sciences,4.0,Male,56.0,4.0,4.0,Manager,1.0,Single,17567.0,3156.0,1.0,No,15.0,3.0,2.0,0.0,27.0,5.0,1.0,26.0,0.0,0.0,12.0,4391.75,0.9629629629629629,0.0,0.46153846153846156,0.0,0
47.0,Travel_Rarely,1001.0,Research & Development,4.0,3.0,Life Sciences,3.0,Female,92.0,2.0,3.0,Manufacturing Director,2.0,Divorced,10333.0,19271.0,8.0,Yes,12.0,3.0,3.0,1.0,28.0,4.0,3.0,22.0,11.0,14.0,10.0,3444.3333333333335,0.7857142857142857,0.5,0.45454545454545453,0.6363636363636364,0
47.0,Travel_Rarely,1180.0,Research & Development,25.0,3.0,Medical,1.0,Male,84.0,3.0,3.0,Healthcare Representative,3.0,Single,8633.0,13084.0,2.0,No,23.0,4.0,2.0,0.0,25.0,3.0,3.0,17.0,14.0,12.0,11.0,2877.6666666666665,0.68,0.8235294117647058,0.6470588235294118,0.7058823529411765,0
35.0,Travel_Rarely,802.0,Research & Development,10.0,3.0,Other,2.0,Male,45.0,3.0,1.0,Laboratory Technician,4.0,Divorced,3917.0,9541.0,1.0,No,20.0,4.0,1.0,1.0,3.0,4.0,2.0,3.0,2.0,1.0,2.0,3917.0,1.0,0.6666666666666666,0.6666666666666666,0.3333333333333333,0
43.0,Travel_Rarely,177.0,Research & Development,8.0,3.0,Life Sciences,1.0,Female,55.0,3.0,2.0,Manufacturing Director,2.0,Divorced,4765.0,23814.0,4.0,No,21.0,4.0,3.0,1.0,4.0,2.0,4.0,1.0,0.0,0.0,0.0,2382.5,0.25,0.0,0.0,0.0,0
30.0,Travel_Frequently,160.0,Research & Development,3.0,3.0,Medical,3.0,Female,71.0,3.0,1.0,Research Scientist,3.0,Divorced,2083.0,22653.0,1.0,No,20.0,4.0,3.0,1.0,1.0,2.0,3.0,1.0,0.0,0.0,0.0,2083.0,1.0,0.0,0.0,0.0,0
22.0,Travel_Rarely,1230.0,Research & Development,1.0,2.0,Life Sciences,4.0,Male,33.0,2.0,2.0,Manufacturing Director,4.0,Married,4775.0,19146.0,6.0,No,22.0,4.0,1.0,2.0,4.0,2.0,1.0,2.0,2.0,2.0,2.0,2387.5,0.5,1.0,1.0,1.0,0
30.0,Travel_Frequently,721.0,Research & Development,1.0,2.0,Medical,3.0,Female,58.0,3.0,2.0,Laboratory Technician,4.0,Single,4011.0,10781.0,1.0,No,23.0,4.0,4.0,0.0,12.0,2.0,3.0,12.0,8.0,3.0,7.0,2005.5,1.0,0.6666666666666666,0.5833333333333334,0.25,0
24.0,Travel_Rarely,581.0,Research & Development,9.0,3.0,Medical,3.0,Male,62.0,4.0,1.0,Research Scientist,3.0,Married,4401.0,17616.0,1.0,No,16.0,3.0,4.0,1.0,5.0,1.0,3.0,5.0,3.0,0.0,4.0,4401.0,1.0,0.6,0.8,0.0,0
33.0,Travel_Frequently,1111.0,Sales,5.0,1.0,Life Sciences,2.0,Male,61.0,3.0,2.0,Sales Executive,4.0,Married,9998.0,19293.0,6.0,No,13.0,3.0,1.0,0.0,8.0,2.0,4.0,5.0,4.0,1.0,2.0,4999.0,0.625,0.8,0.4,0.2,0
36.0,Travel_Frequently,607.0,Sales,7.0,3.0,Marketing,1.0,Female,83.0,4.0,2.0,Sales Executive,1.0,Married,4639.0,2261.0,2.0,No,16.0,3.0,4.0,1.0,17.0,2.0,2.0,15.0,7.0,6.0,13.0,2319.5,0.8823529411764706,0.4666666666666667,0.8666666666666667,0.4,0
48.0,Travel_Rarely,1221.0,Sales,7.0,3.0,Marketing,3.0,Male,96.0,3.0,2.0,Sales Executive,1.0,Divorced,5486.0,24795.0,4.0,No,11.0,3.0,1.0,3.0,15.0,3.0,3.0,2.0,2.0,2.0,2.0,2743.0,0.13333333333333333,1.0,1.0,1.0,0
31.0,Travel_Rarely,408.0,Research & Development,9.0,4.0,Life Sciences,3.0,Male,42.0,2.0,1.0,Research Scientist,2.0,Single,2657.0,7551.0,0.0,Yes,16.0,3.0,4.0,0.0,3.0,5.0,3.0,2.0,2.0,2.0,2.0,2657.0,0.6666666666666666,1.0,1.0,1.0,0
33.0,Travel_Rarely,350.0,Sales,5.0,3.0,Marketing,4.0,Female,34.0,3.0,1.0,Sales Representative,3.0,Single,2851.0,9150.0,1.0,Yes,13.0,3.0,2.0,0.0,1.0,2.0,3.0,1.0,0.0,0.0,0.0,2851.0,1.0,0.0,0.0,0.0,1
27.0,Travel_Frequently,591.0,Research & Development,2.0,3.0,Medical,4.0,Male,87.0,3.0,1.0,Research Scientist,4.0,Single,2580.0,6297.0,2.0,No,13.0,3.0,3.0,0.0,6.0,0.0,2.0,4.0,2.0,1.0,2.0,2580.0,0.6666666666666666,0.5,0.5,0.25,0
34.0,Travel_Rarely,629.0,Research & Development,27.0,2.0,Medical,4.0,Female,95.0,3.0,1.0,Research Scientist,2.0,Single,2311.0,5711.0,2.0,No,15.0,3.0,4.0,0.0,9.0,3.0,3.0,3.0,2.0,1.0,2.0,2311.0,0.3333333333333333,0.6666666666666666,0.6666666666666666,0.3333333333333333,0
30.0,Travel_Frequently,448.0,Sales,12.0,4.0,Life Sciences,2.0,Male,74.0,2.0,1.0,Sales Representative,1.0,Married,2033.0,14470.0,1.0,No,18.0,3.0,3.0,1.0,1.0,2.0,4.0,1.0,0.0,0.0,0.0,2033.0,1.0,0.0,0.0,0.0,1
24.0,Non-Travel,830.0,Sales,13.0,2.0,Life Sciences,4.0,Female,78.0,3.0,1.0,Sales Representative,2.0,Married,2033.0,7103.0,1.0,No,13.0,3.0,3.0,1.0,1.0,2.0,3.0,1.0,0.0,0.0,0.0,2033.0,1.0,0.0,0.0,0.0,0
32.0,Travel_Rarely,1018.0,Research & Development,3.0,2.0,Life Sciences,3.0,Female,39.0,3.0,3.0,Research Director,4.0,Single,11159.0,19373.0,3.0,No,15.0,3.0,4.0,0.0,10.0,6.0,3.0,7.0,7.0,7.0,7.0,3719.6666666666665,0.7,1.0,1.0,1.0,0
58.0,Travel_Rarely,286.0,Research & Development,2.0,4.0,Life Sciences,4.0,Male,31.0,3.0,5.0,Research Director,2.0,Single,19246.0,25761.0,7.0,Yes,12.0,3.0,4.0,0.0,40.0,2.0,3.0,31.0,15.0,13.0,8.0,3849.2,0.775,0.4838709677419355,0.25806451612903225,0.41935483870967744,1
43.0,Travel_Rarely,1273.0,Research & Development,2.0,2.0,Medical,4.0,Female,72.0,4.0,1.0,Research Scientist,3.0,Divorced,2645.0,21923.0,1.0,No,12.0,3.0,4.0,2.0,6.0,3.0,2.0,5.0,3.0,1.0,4.0,2645.0,0.8333333333333334,0.6,0.8,0.2,0
35.0,Travel_Rarely,882.0,Sales,3.0,4.0,Life Sciences,4.0,Male,92.0,3.0,3.0,Sales Executive,4.0,Divorced,7823.0,6812.0,6.0,No,13.0,3.0,2.0,1.0,12.0,2.0,3.0,10.0,9.0,0.0,8.0,2607.6666666666665,0.8333333333333334,0.9,0.8,0.0,0
33.0,Travel_Rarely,589.0,Research & Development,28.0,4.0,Life Sciences,2.0,Male,79.0,3.0,2.0,Laboratory Technician,3.0,Married,5207.0,22949.0,1.0,Yes,12.0,3.0,2.0,1.0,15.0,3.0,3.0,15.0,14.0,5.0,7.0,2603.5,1.0,0.9333333333333333,0.4666666666666667,0.3333333333333333,0
50.0,Travel_Rarely,939.0,Research & Development,24.0,3.0,Life Sciences,4.0,Male,95.0,3.0,4.0,Manufacturing Director,3.0,Married,13973.0,4161.0,3.0,Yes,18.0,3.0,4.0,1.0,22.0,2.0,3.0,12.0,11.0,1.0,5.0,3493.25,0.5454545454545454,0.9166666666666666,0.4166666666666667,0.08333333333333333,0
26.0,Travel_Frequently,575.0,Research & Development,1.0,2.0,Life Sciences,1.0,Female,71.0,1.0,1.0,Laboratory Technician,4.0,Divorced,4364.0,5288.0,3.0,No,14.0,3.0,1.0,1.0,5.0,2.0,3.0,2.0,2.0,2.0,0.0,4364.0,0.4,1.0,0.0,1.0,0
34.0,Travel_Rarely,258.0,Sales,21.0,4.0,Life Sciences,4.0,Male,74.0,4.0,2.0,Sales Executive,4.0,Single,5337.0,19921.0,1.0,No,12.0,3.0,4.0,0.0,10.0,3.0,3.0,10.0,7.0,5.0,7.0,2668.5,1.0,0.7,0.7,0.5,0
36.0,Travel_Frequently,1480.0,Research & Development,3.0,2.0,Medical,4.0,Male,30.0,3.0,1.0,Laboratory Technician,2.0,Single,2088.0,15062.0,4.0,No,12.0,3.0,3.0,0.0,13.0,3.0,2.0,8.0,7.0,7.0,2.0,2088.0,0.6153846153846154,0.875,0.25,0.875,0
35.0,Travel_Frequently,664.0,Research & Development,1.0,3.0,Medical,2.0,Male,79.0,3.0,1.0,Research Scientist,1.0,Married,2194.0,5868.0,4.0,No,13.0,3.0,4.0,1.0,5.0,2.0,2.0,3.0,2.0,1.0,2.0,2194.0,0.6,0.6666666666666666,0.6666666666666666,0.3333333333333333,0
34.0,Travel_Rarely,1031.0,Research & Development,6.0,4.0,Life Sciences,3.0,Female,45.0,2.0,2.0,Research Scientist,2.0,Divorced,4505.0,15000.0,6.0,No,15.0,3.0,3.0,1.0,12.0,3.0,3.0,1.0,0.0,0.0,0.0,2252.5,0.08333333333333333,0.0,0.0,0.0,0
35.0,Travel_Rarely,1029.0,Research & Development,16.0,3.0,Life Sciences,4.0,Female,91.0,2.0,3.0,Healthcare Representative,2.0,Single,8606.0,21195.0,1.0,No,19.0,3.0,4.0,0.0,11.0,3.0,1.0,11.0,8.0,3.0,3.0,2868.6666666666665,1.0,0.7272727272727273,0.2727272727272727,0.2727272727272727,0
38.0,Travel_Rarely,362.0,Research & Development,1.0,1.0,Life Sciences,3.0,Female,43.0,3.0,1.0,Research Scientist,1.0,Single,2619.0,14561.0,3.0,No,17.0,3.0,4.0,0.0,8.0,3.0,2.0,0.0,0.0,0.0,0.0,2619.0,0.0,0.0,0.0,0.0,0
36.0,Travel_Frequently,1302.0,Research & Development,6.0,4.0,Life Sciences,1.0,Male,80.0,4.0,2.0,Laboratory Technician,1.0,Married,5562.0,19711.0,3.0,Yes,13.0,3.0,4.0,1.0,9.0,3.0,3.0,3.0,2.0,0.0,2.0,2781.0,0.3333333333333333,0.6666666666666666,0.6666666666666666,0.0,0
23.0,Travel_Rarely,1243.0,Research & Development,6.0,3.0,Life Sciences,3.0,Male,63.0,4.0,1.0,Laboratory Technician,1.0,Married,1601.0,3445.0,1.0,Yes,21.0,4.0,3.0,2.0,1.0,2.0,3.0,0.0,0.0,0.0,0.0,1601.0,0.0,0.0,0.0,0.0,1
37.0,Travel_Rarely,783.0,Research & Development,7.0,4.0,Medical,4.0,Male,78.0,3.0,2.0,Research Scientist,1.0,Married,4284.0,13588.0,5.0,Yes,22.0,4.0,3.0,1.0,16.0,2.0,3.0,5.0,3.0,0.0,4.0,2142.0,0.3125,0.6,0.8,0.0,0
34.0,Travel_Rarely,470.0,Research & Development,2.0,4.0,Life Sciences,4.0,Male,84.0,2.0,2.0,Manufacturing Director,1.0,Married,5957.0,23687.0,6.0,No,13.0,3.0,2.0,1.0,13.0,3.0,3.0,11.0,9.0,5.0,9.0,2978.5,0.8461538461538461,0.8181818181818182,0.8181818181818182,0.45454545454545453,0
32.0,Travel_Rarely,638.0,Research & Development,8.0,2.0,Medical,3.0,Female,91.0,4.0,2.0,Research Scientist,3.0,Married,5175.0,22162.0,5.0,No,12.0,3.0,3.0,1.0,9.0,3.0,2.0,5.0,3.0,1.0,3.0,2587.5,0.5555555555555556,0.6,0.6,0.2,0
36.0,Travel_Rarely,1041.0,Human Resources,13.0,3.0,Human Resources,3.0,Male,36.0,3.0,1.0,Human Resources,2.0,Married,2143.0,25527.0,4.0,No,13.0,3.0,2.0,1.0,8.0,2.0,3.0,5.0,2.0,0.0,4.0,2143.0,0.625,0.4,0.8,0.0,0
26.0,Travel_Frequently,1479.0,Research & Development,1.0,3.0,Life Sciences,3.0,Female,84.0,3.0,2.0,Manufacturing Director,2.0,Divorced,6397.0,26767.0,1.0,No,20.0,4.0,1.0,1.0,6.0,6.0,1.0,6.0,5.0,1.0,4.0,3198.5,1.0,0.8333333333333334,0.6666666666666666,0.16666666666666666,0
31.0,Travel_Frequently,561.0,Research & Development,3.0,3.0,Life Sciences,4.0,Female,33.0,3.0,1.0,Research Scientist,3.0,Single,4084.0,4156.0,1.0,No,12.0,3.0,1.0,0.0,7.0,2.0,1.0,7.0,2.0,7.0,7.0,4084.0,1.0,0.2857142857142857,1.0,1.0,1
28.0,Travel_Rarely,1158.0,Research & Development,9.0,3.0,Medical,4.0,Male,94.0,3.0,1.0,Research Scientist,4.0,Married,2070.0,2613.0,1.0,No,23.0,4.0,4.0,1.0,5.0,3.0,2.0,5.0,2.0,0.0,4.0,2070.0,1.0,0.4,0.8,0.0,0
42.0,Non-Travel,355.0,Research & Development,10.0,4.0,Technical Degree,3.0,Male,38.0,3.0,1.0,Research Scientist,3.0,Married,2936.0,6161.0,3.0,No,22.0,4.0,2.0,2.0,10.0,1.0,2.0,6.0,3.0,3.0,3.0,2936.0,0.6,0.5,0.5,0.5,0
40.0,Travel_Rarely,302.0,Research & Development,6.0,3.0,Life Sciences,2.0,Female,75.0,3.0,4.0,Manufacturing Director,3.0,Single,13237.0,20364.0,7.0,No,15.0,3.0,3.0,0.0,22.0,3.0,3.0,20.0,6.0,5.0,13.0,3309.25,0.9090909090909091,0.3,0.65,0.25,0
26.0,Travel_Rarely,1330.0,Research & Development,21.0,3.0,Medical,1.0,Male,37.0,3.0,1.0,Laboratory Technician,3.0,Divorced,2377.0,19373.0,1.0,No,20.0,4.0,3.0,1.0,1.0,0.0,2.0,1.0,1.0,0.0,0.0,2377.0,1.0,1.0,0.0,0.0,1
29.0,Travel_Rarely,136.0,Research & Development,1.0,3.0,Life Sciences,1.0,Male,89.0,3.0,2.0,Healthcare Representative,1.0,Married,5373.0,6225.0,0.0,No,12.0,3.0,1.0,1.0,6.0,5.0,2.0,5.0,3.0,0.0,2.0,2686.5,0.8333333333333334,0.6,0.4,0.0,0
51.0,Travel_Rarely,942.0,Research & Development,3.0,3.0,Technical Degree,1.0,Female,53.0,3.0,3.0,Manager,3.0,Married,13116.0,22984.0,2.0,No,11.0,3.0,4.0,0.0,15.0,2.0,3.0,2.0,2.0,2.0,2.0,4372.0,0.13333333333333333,1.0,1.0,1.0,0
42.0,Non-Travel,926.0,Research & Development,21.0,2.0,Medical,3.0,Female,36.0,3.0,2.0,Manufacturing Director,3.0,Divorced,5265.0,16439.0,2.0,No,16.0,3.0,2.0,1.0,11.0,5.0,3.0,5.0,3.0,0.0,2.0,2632.5,0.45454545454545453,0.6,0.4,0.0,0
31.0,Travel_Rarely,1079.0,Sales,10.0,2.0,Medical,3.0,Female,86.0,3.0,2.0,Sales Executive,4.0,Divorced,6583.0,20115.0,2.0,Yes,11.0,3.0,4.0,1.0,8.0,2.0,3.0,5.0,2.0,1.0,4.0,3291.5,0.625,0.4,0.8,0.2,0
47.0,Non-Travel,1162.0,Research & Development,1.0,1.0,Medical,3.0,Female,98.0,3.0,3.0,Research Director,2.0,Married,11957.0,17231.0,0.0,No,18.0,3.0,1.0,2.0,14.0,3.0,1.0,13.0,8.0,5.0,12.0,3985.6666666666665,0.9285714285714286,0.6153846153846154,0.9230769230769231,0.38461538461538464,0
30.0,Travel_Rarely,317.0,Research & Development,2.0,3.0,Life Sciences,3.0,Female,43.0,1.0,2.0,Manufacturing Director,4.0,Single,6091.0,24793.0,2.0,No,20.0,4.0,3.0,0.0,11.0,2.0,3.0,5.0,4.0,0.0,2.0,3045.5,0.45454545454545453,0.8,0.4,0.0,0
43.0,Non-Travel,1344.0,Research & Development,7.0,3.0,Medical,4.0,Male,37.0,4.0,1.0,Research Scientist,4.0,Divorced,2089.0,5228.0,4.0,No,14.0,3.0,4.0,3.0,7.0,3.0,4.0,5.0,4.0,2.0,2.0,2089.0,0.7142857142857143,0.8,0.4,0.4,0
24.0,Travel_Frequently,1287.0,Research & Development,7.0,3.0,Life Sciences,1.0,Female,55.0,3.0,1.0,Laboratory Technician,3.0,Married,2886.0,14168.0,1.0,Yes,16.0,3.0,4.0,1.0,6.0,4.0,3.0,6.0,3.0,1.0,2.0,2886.0,1.0,0.5,0.3333333333333333,0.16666666666666666,1
39.0,Travel_Rarely,1498.0,Sales,21.0,4.0,Life Sciences,1.0,Male,44.0,2.0,2.0,Sales Executive,4.0,Married,6120.0,3567.0,3.0,Yes,12.0,3.0,4.0,2.0,8.0,2.0,4.0,5.0,4.0,1.0,4.0,3060.0,0.625,0.8,0.8,0.2,0
38.0,Travel_Rarely,1404.0,Sales,1.0,3.0,Life Sciences,1.0,Male,59.0,2.0,1.0,Sales Representative,1.0,Single,2858.0,11473.0,4.0,No,14.0,3.0,1.0,0.0,20.0,3.0,2.0,1.0,0.0,0.0,0.0,2858.0,0.05,0.0,0.0,0.0,0
34.0,Travel_Rarely,479.0,Research & Development,7.0,4.0,Medical,1.0,Male,35.0,3.0,1.0,Research Scientist,4.0,Single,2972.0,22061.0,1.0,No,13.0,3.0,3.0,0.0,1.0,4.0,1.0,1.0,0.0,0.0,0.0,2972.0,1.0,0.0,0.0,0.0,0
31.0,Travel_Rarely,192.0,Research & Development,2.0,4.0,Life Sciences,3.0,Male,32.0,3.0,1.0,Research Scientist,4.0,Divorced,2695.0,7747.0,0.0,Yes,18.0,3.0,2.0,1.0,3.0,2.0,1.0,2.0,2.0,2.0,2.0,2695.0,0.6666666666666666,1.0,1.0,1.0,0
42.0,Travel_Rarely,532.0,Research & Development,4.0,2.0,Technical Degree,3.0,Male,58.0,3.0,5.0,Manager,4.0,Married,19232.0,4933.0,1.0,No,11.0,3.0,4.0,0.0,22.0,3.0,3.0,22.0,17.0,11.0,15.0,3846.4,1.0,0.7727272727272727,0.6818181818181818,0.5,0
36.0,Travel_Rarely,557.0,Sales,3.0,3.0,Medical,1.0,Female,94.0,2.0,3.0,Sales Executive,4.0,Married,7644.0,12695.0,0.0,No,19.0,3.0,3.0,2.0,10.0,2.0,3.0,9.0,7.0,3.0,4.0,2548.0,0.9,0.7777777777777778,0.4444444444444444,0.3333333333333333,0
49.0,Travel_Rarely,301.0,Research & Development,22.0,4.0,Other,1.0,Female,72.0,3.0,4.0,Research Director,2.0,Married,16413.0,3498.0,3.0,No,16.0,3.0,2.0,2.0,27.0,2.0,3.0,4.0,2.0,1.0,2.0,4103.25,0.14814814814814814,0.5,0.5,0.25,0
39.0,Non-Travel,592.0,Research & Development,2.0,3.0,Life Sciences,1.0,Female,54.0,2.0,1.0,Laboratory Technician,1.0,Single,3646.0,17181.0,2.0,Yes,23.0,4.0,2.0,0.0,11.0,2.0,4.0,1.0,0.0,0.0,0.0,3646.0,0.09090909090909091,0.0,0.0,0.0,1
30.0,Travel_Rarely,413.0,Sales,7.0,1.0,Marketing,4.0,Male,57.0,3.0,1.0,Sales Representative,2.0,Single,2983.0,18398.0,0.0,No,14.0,3.0,1.0,0.0,4.0,3.0,3.0,3.0,2.0,1.0,2.0,2983.0,0.75,0.6666666666666666,0.6666666666666666,0.3333333333333333,0
39.0,Non-Travel,792.0,Research & Development,1.0,3.0,Life Sciences,4.0,Male,77.0,3.0,2.0,Laboratory Technician,4.0,Married,6472.0,8989.0,1.0,Yes,15.0,3.0,4.0,1.0,9.0,2.0,3.0,9.0,8.0,5.0,8.0,3236.0,1.0,0.8888888888888888,0.8888888888888888,0.5555555555555556,0
32.0,Non-Travel,300.0,Research & Development,1.0,3.0,Life Sciences,4.0,Male,61.0,3.0,1.0,Laboratory Technician,4.0,Divorced,2314.0,9148.0,0.0,No,12.0,3.0,2.0,1.0,4.0,2.0,3.0,3.0,0.0,0.0,2.0,2314.0,0.75,0.0,0.6666666666666666,0.0,0
29.0,Travel_Rarely,694.0,Research & Development,1.0,3.0,Life Sciences,4.0,Female,87.0,2.0,4.0,Research Director,4.0,Divorced,16124.0,3423.0,3.0,No,14.0,3.0,2.0,2.0,9.0,2.0,2.0,7.0,7.0,1.0,7.0,4031.0,0.7777777777777778,1.0,1.0,0.14285714285714285,0
26.0,Travel_Frequently,921.0,Research & Development,1.0,1.0,Medical,1.0,Female,66.0,2.0,1.0,Research Scientist,3.0,Divorced,2007.0,25265.0,1.0,No,13.0,3.0,3.0,2.0,5.0,5.0,3.0,5.0,3.0,1.0,3.0,2007.0,1.0,0.6,0.6,0.2,0
42.0,Travel_Rarely,810.0,Research & Development,23.0,5.0,Life Sciences,1.0,Female,44.0,3.0,4.0,Research Director,4.0,Single,15992.0,15901.0,2.0,No,14.0,3.0,2.0,0.0,16.0,2.0,3.0,1.0,0.0,0.0,0.0,3998.0,0.0625,0.0,0.0,0.0,0
54.0,Travel_Rarely,1441.0,Research & Development,17.0,3.0,Technical Degree,3.0,Female,56.0,3.0,3.0,Manufacturing Director,3.0,Married,10739.0,13943.0,8.0,No,11.0,3.0,3.0,1.0,22.0,2.0,3.0,10.0,7.0,0.0,8.0,3579.6666666666665,0.45454545454545453,0.7,0.8,0.0,0
33.0,Travel_Frequently,1146.0,Sales,25.0,3.0,Medical,2.0,Female,82.0,3.0,2.0,Sales Executive,3.0,Married,4539.0,4905.0,1.0,No,12.0,3.0,1.0,1.0,10.0,3.0,2.0,10.0,7.0,0.0,1.0,2269.5,1.0,0.7,0.1,0.0,0
30.0,Travel_Rarely,634.0,Research & Development,17.0,4.0,Medical,2.0,Female,95.0,3.0,3.0,Manager,1.0,Married,11916.0,25927.0,1.0,Yes,23.0,4.0,4.0,2.0,9.0,2.0,3.0,9.0,1.0,0.0,8.0,3972.0,1.0,0.1111111111111111,0.8888888888888888,0.0,0
37.0,Travel_Rarely,370.0,Research & Development,10.0,4.0,Medical,4.0,Male,58.0,3.0,2.0,Manufacturing Director,1.0,Single,4213.0,4992.0,1.0,No,15.0,3.0,2.0,0.0,10.0,4.0,1.0,10.0,3.0,0.0,8.0,2106.5,1.0,0.3,0.8,0.0,1
38.0,Travel_Rarely,345.0,Sales,10.0,2.0,Life Sciences,1.0,Female,100.0,3.0,2.0,Sales Executive,4.0,Married,5343.0,5982.0,1.0,No,11.0,3.0,3.0,1.0,10.0,1.0,3.0,10.0,7.0,1.0,9.0,2671.5,1.0,0.7,0.9,0.1,0
36.0,Travel_Rarely,172.0,Research & Development,4.0,4.0,Life Sciences,1.0,Male,37.0,2.0,2.0,Laboratory Technician,4.0,Single,5810.0,22604.0,1.0,No,16.0,3.0,3.0,0.0,10.0,2.0,2.0,10.0,4.0,1.0,8.0,2905.0,1.0,0.4,0.8,0.1,0
52.0,Non-Travel,715.0,Research & Development,19.0,4.0,Medical,4.0,Male,41.0,3.0,1.0,Research Scientist,4.0,Married,4258.0,26589.0,0.0,No,18.0,3.0,1.0,1.0,5.0,3.0,3.0,4.0,3.0,1.0,2.0,4258.0,0.8,0.75,0.5,0.25,0
47.0,Travel_Rarely,1225.0,Sales,2.0,4.0,Life Sciences,2.0,Female,47.0,4.0,4.0,Manager,2.0,Divorced,15972.0,21086.0,6.0,No,14.0,3.0,3.0,3.0,29.0,2.0,3.0,3.0,2.0,1.0,2.0,3993.0,0.10344827586206896,0.6666666666666666,0.6666666666666666,0.3333333333333333,0
35.0,Travel_Rarely,1204.0,Sales,4.0,3.0,Technical Degree,4.0,Male,86.0,3.0,3.0,Sales Executive,1.0,Single,9582.0,10333.0,0.0,Yes,22.0,4.0,1.0,0.0,9.0,2.0,3.0,8.0,7.0,4.0,7.0,3194.0,0.8888888888888888,0.875,0.875,0.5,1
53.0,Travel_Rarely,238.0,Sales,1.0,1.0,Medical,4.0,Female,34.0,3.0,2.0,Sales Executive,1.0,Single,8381.0,7507.0,7.0,No,20.0,4.0,4.0,0.0,18.0,2.0,4.0,14.0,7.0,8.0,10.0,4190.5,0.7777777777777778,0.5,0.7142857142857143,0.5714285714285714,0
36.0,Travel_Rarely,164.0,Sales,2.0,2.0,Medical,2.0,Male,61.0,2.0,3.0,Sales Executive,3.0,Married,7596.0,3809.0,1.0,No,13.0,3.0,2.0,2.0,10.0,2.0,3.0,10.0,9.0,9.0,0.0,2532.0,1.0,0.9,0.0,0.9,0
41.0,Travel_Rarely,427.0,Human Resources,10.0,4.0,Human Resources,2.0,Male,73.0,2.0,5.0,Manager,4.0,Divorced,19141.0,8861.0,3.0,No,15.0,3.0,2.0,3.0,23.0,2.0,2.0,21.0,6.0,12.0,6.0,3828.2,0.9130434782608695,0.2857142857142857,0.2857142857142857,0.5714285714285714,0
45.0,Travel_Rarely,950.0,Research & Development,28.0,3.0,Technical Degree,4.0,Male,97.0,3.0,1.0,Research Scientist,4.0,Married,2132.0,4585.0,4.0,No,20.0,4.0,4.0,1.0,8.0,3.0,3.0,5.0,4.0,0.0,3.0,2132.0,0.625,0.8,0.6,0.0,0
48.0,Travel_Frequently,708.0,Sales,7.0,2.0,Medical,4.0,Female,95.0,3.0,1.0,Sales Representative,3.0,Married,2655.0,11740.0,2.0,Yes,11.0,3.0,3.0,2.0,19.0,3.0,3.0,9.0,7.0,7.0,7.0,2655.0,0.47368421052631576,0.7777777777777778,0.7777777777777778,0.7777777777777778,1
40.0,Travel_Rarely,898.0,Human Resources,6.0,2.0,Medical,3.0,Male,38.0,3.0,4.0,Manager,4.0,Single,16437.0,17381.0,1.0,Yes,21.0,4.0,4.0,0.0,21.0,2.0,3.0,21.0,7.0,7.0,7.0,4109.25,1.0,0.3333333333333333,0.3333333333333333,0.3333333333333333,0
29.0,Travel_Rarely,1176.0,Sales,3.0,2.0,Medical,2.0,Female,62.0,3.0,2.0,Sales Executive,3.0,Married,5561.0,3487.0,1.0,No,14.0,3.0,1.0,1.0,6.0,5.0,2.0,6.0,0.0,1.0,2.0,2780.5,1.0,0.0,0.3333333333333333,0.16666666666666666,0
39.0,Travel_Frequently,505.0,Research & Development,2.0,4.0,Technical Degree,3.0,Female,64.0,3.0,3.0,Healthcare Representative,3.0,Single,10938.0,6420.0,0.0,No,25.0,4.0,4.0,0.0,20.0,1.0,3.0,19.0,6.0,11.0,8.0,3646.0,0.95,0.3157894736842105,0.42105263157894735,0.5789473684210527,0
29.0,Travel_Frequently,337.0,Research & Development,14.0,1.0,Other,3.0,Female,84.0,3.0,3.0,Healthcare Representative,4.0,Single,7553.0,22930.0,0.0,Yes,12.0,3.0,1.0,0.0,9.0,1.0,3.0,8.0,7.0,7.0,7.0,2517.6666666666665,0.8888888888888888,0.875,0.875,0.875,1
32.0,Travel_Frequently,585.0,Research & Development,10.0,3.0,Life Sciences,1.0,Male,56.0,3.0,1.0,Research Scientist,3.0,Married,3433.0,17360.0,6.0,No,13.0,3.0,1.0,1.0,10.0,3.0,2.0,5.0,2.0,1.0,3.0,3433.0,0.5,0.4,0.6,0.2,0
42.0,Travel_Rarely,603.0,Research & Development,7.0,4.0,Medical,2.0,Female,78.0,4.0,2.0,Research Scientist,2.0,Married,2372.0,5628.0,6.0,Yes,16.0,3.0,4.0,0.0,18.0,2.0,3.0,1.0,0.0,0.0,0.0,1186.0,0.05555555555555555,0.0,0.0,0.0,0
34.0,Travel_Rarely,404.0,Research & Development,2.0,4.0,Technical Degree,3.0,Female,98.0,3.0,2.0,Healthcare Representative,4.0,Single,6687.0,6163.0,1.0,No,11.0,3.0,4.0,0.0,14.0,2.0,4.0,14.0,11.0,4.0,11.0,3343.5,1.0,0.7857142857142857,0.7857142857142857,0.2857142857142857,0
55.0,Non-Travel,444.0,Research & Development,2.0,1.0,Medical,3.0,Male,40.0,2.0,4.0,Manager,1.0,Single,16756.0,17323.0,7.0,No,15.0,3.0,2.0,0.0,31.0,3.0,4.0,9.0,7.0,6.0,2.0,4189.0,0.2903225806451613,0.7777777777777778,0.2222222222222222,0.6666666666666666,0
59.0,Travel_Rarely,326.0,Sales,3.0,3.0,Life Sciences,3.0,Female,48.0,2.0,2.0,Sales Executive,4.0,Single,5171.0,16490.0,5.0,No,17.0,3.0,4.0,0.0,13.0,2.0,3.0,6.0,1.0,0.0,5.0,2585.5,0.46153846153846156,0.16666666666666666,0.8333333333333334,0.0,0
20.0,Travel_Rarely,1097.0,Research & Development,11.0,3.0,Medical,4.0,Female,98.0,2.0,1.0,Research Scientist,1.0,Single,2600.0,18275.0,1.0,Yes,15.0,3.0,1.0,0.0,1.0,2.0,3.0,1.0,0.0,0.0,0.0,2600.0,1.0,0.0,0.0,0.0,1
43.0,Travel_Rarely,920.0,Research & Development,3.0,3.0,Life Sciences,3.0,Male,96.0,1.0,5.0,Research Director,4.0,Married,19740.0,18625.0,3.0,No,14.0,3.0,2.0,1.0,25.0,2.0,3.0,8.0,7.0,0.0,7.0,3948.0,0.32,0.875,0.875,0.0,0
42.0,Travel_Rarely,916.0,Research & Development,17.0,2.0,Life Sciences,4.0,Female,82.0,4.0,2.0,Research Scientist,1.0,Single,6545.0,23016.0,3.0,Yes,13.0,3.0,3.0,0.0,10.0,1.0,3.0,3.0,2.0,0.0,2.0,3272.5,0.3,0.6666666666666666,0.6666666666666666,0.0,0
32.0,Travel_Rarely,515.0,Research & Development,1.0,3.0,Life Sciences,4.0,Male,62.0,2.0,1.0,Laboratory Technician,3.0,Single,3730.0,9571.0,0.0,Yes,14.0,3.0,4.0,0.0,4.0,2.0,1.0,3.0,2.0,1.0,2.0,3730.0,0.75,0.6666666666666666,0.6666666666666666,0.3333333333333333,1
42.0,Travel_Rarely,1059.0,Research & Development,9.0,2.0,Other,4.0,Male,93.0,2.0,5.0,Manager,4.0,Single,19613.0,26362.0,8.0,No,22.0,4.0,4.0,0.0,24.0,2.0,3.0,1.0,0.0,0.0,1.0,3922.6,0.041666666666666664,0.0,1.0,0.0,0
30.0,Travel_Rarely,911.0,Research & Development,1.0,2.0,Medical,4.0,Male,76.0,3.0,1.0,Laboratory Technician,2.0,Married,3748.0,4077.0,1.0,No,13.0,3.0,3.0,0.0,12.0,6.0,2.0,12.0,8.0,1.0,7.0,3748.0,1.0,0.6666666666666666,0.5833333333333334,0.08333333333333333,0
56.0,Travel_Rarely,1255.0,Research & Development,1.0,2.0,Life Sciences,1.0,Female,90.0,3.0,1.0,Research Scientist,1.0,Married,2066.0,10494.0,2.0,No,22.0,4.0,4.0,1.0,5.0,3.0,4.0,3.0,2.0,1.0,0.0,2066.0,0.6,0.6666666666666666,0.0,0.3333333333333333,0
35.0,Travel_Rarely,763.0,Sales,15.0,2.0,Medical,1.0,Male,59.0,1.0,2.0,Sales Executive,4.0,Divorced,5440.0,22098.0,6.0,Yes,14.0,3.0,4.0,2.0,7.0,2.0,2.0,2.0,2.0,2.0,2.0,2720.0,0.2857142857142857,1.0,1.0,1.0,1
36.0,Travel_Rarely,363.0,Research & Development,1.0,3.0,Technical Degree,3.0,Female,77.0,1.0,3.0,Manufacturing Director,1.0,Divorced,10252.0,4235.0,2.0,Yes,21.0,4.0,3.0,1.0,17.0,2.0,3.0,7.0,7.0,7.0,7.0,3417.3333333333335,0.4117647058823529,1.0,1.0,1.0,0
31.0,Travel_Rarely,359.0,Human Resources,18.0,5.0,Human Resources,4.0,Male,89.0,4.0,1.0,Human Resources,1.0,Married,2956.0,21495.0,0.0,No,17.0,3.0,3.0,0.0,2.0,4.0,3.0,1.0,0.0,0.0,0.0,2956.0,0.5,0.0,0.0,0.0,1
35.0,Travel_Rarely,1232.0,Sales,16.0,3.0,Marketing,3.0,Male,96.0,3.0,3.0,Sales Executive,2.0,Married,8020.0,5100.0,0.0,No,15.0,3.0,3.0,2.0,12.0,3.0,2.0,11.0,9.0,6.0,9.0,2673.3333333333335,0.9166666666666666,0.8181818181818182,0.8181818181818182,0.5454545454545454,0
40.0,Travel_Rarely,1492.0,Research & Development,20.0,4.0,Technical Degree,1.0,Male,61.0,3.0,3.0,Healthcare Representative,4.0,Married,10322.0,26542.0,4.0,No,20.0,4.0,4.0,1.0,14.0,6.0,3.0,11.0,10.0,11.0,1.0,3440.6666666666665,0.7857142857142857,0.9090909090909091,0.09090909090909091,1.0,0
36.0,Travel_Rarely,1383.0,Research & Development,10.0,3.0,Life Sciences,4.0,Male,90.0,3.0,3.0,Healthcare Representative,1.0,Married,8321.0,25949.0,7.0,Yes,13.0,3.0,4.0,1.0,15.0,1.0,3.0,12.0,8.0,5.0,7.0,2773.6666666666665,0.8,0.6666666666666666,0.5833333333333334,0.4166666666666667,0
41.0,Travel_Rarely,1360.0,Research & Development,12.0,3.0,Technical Degree,2.0,Female,49.0,3.0,5.0,Research Director,3.0,Married,19545.0,16280.0,1.0,No,12.0,3.0,4.0,0.0,23.0,0.0,3.0,22.0,15.0,15.0,8.0,3909.0,0.9565217391304348,0.6818181818181818,0.36363636363636365,0.6818181818181818,1
24.0,Travel_Rarely,771.0,Research & Development,1.0,2.0,Life Sciences,2.0,Male,45.0,2.0,2.0,Healthcare Representative,3.0,Single,4617.0,14120.0,1.0,No,12.0,3.0,2.0,0.0,4.0,2.0,2.0,4.0,3.0,1.0,2.0,2308.5,1.0,0.75,0.5,0.25,0
42.0,Travel_Rarely,855.0,Research & Development,12.0,3.0,Medical,2.0,Male,57.0,3.0,1.0,Laboratory Technician,2.0,Divorced,2766.0,8952.0,8.0,No,22.0,4.0,2.0,3.0,7.0,6.0,2.0,5.0,3.0,0.0,4.0,2766.0,0.7142857142857143,0.6,0.8,0.0,0
26.0,Travel_Rarely,703.0,Sales,28.0,2.0,Marketing,1.0,Male,66.0,3.0,2.0,Sales Executive,2.0,Married,6272.0,7428.0,1.0,No,20.0,4.0,4.0,2.0,6.0,5.0,4.0,5.0,3.0,1.0,4.0,3136.0,0.8333333333333334,0.6,0.8,0.2,0
41.0,Travel_Rarely,582.0,Research & Development,28.0,4.0,Life Sciences,1.0,Female,60.0,2.0,4.0,Manufacturing Director,2.0,Married,13570.0,5640.0,0.0,No,23.0,4.0,3.0,1.0,21.0,3.0,3.0,20.0,7.0,0.0,10.0,3392.5,0.9523809523809523,0.35,0.5,0.0,0
45.0,Non-Travel,1050.0,Sales,9.0,4.0,Life Sciences,2.0,Female,65.0,2.0,2.0,Sales Executive,3.0,Married,5593.0,17970.0,1.0,No,13.0,3.0,4.0,1.0,15.0,2.0,3.0,15.0,10.0,4.0,12.0,2796.5,1.0,0.6666666666666666,0.8,0.26666666666666666,0
29.0,Travel_Rarely,1328.0,Research & Development,2.0,3.0,Life Sciences,3.0,Male,76.0,3.0,1.0,Research Scientist,2.0,Married,2703.0,4956.0,0.0,No,23.0,4.0,4.0,1.0,6.0,3.0,3.0,5.0,4.0,0.0,4.0,2703.0,0.8333333333333334,0.8,0.8,0.0,0
47.0,Travel_Frequently,1309.0,Sales,4.0,1.0,Medical,2.0,Male,99.0,3.0,2.0,Sales Representative,3.0,Single,2976.0,25751.0,3.0,No,19.0,3.0,1.0,0.0,5.0,3.0,3.0,0.0,0.0,0.0,0.0,1488.0,0.0,0.0,0.0,0.0,0
31.0,Non-Travel,976.0,Research & Development,3.0,2.0,Medical,3.0,Male,48.0,3.0,1.0,Research Scientist,1.0,Divorced,3065.0,3995.0,1.0,Yes,13.0,3.0,4.0,1.0,4.0,3.0,4.0,4.0,2.0,2.0,3.0,3065.0,1.0,0.5,0.75,0.5,0
36.0,Travel_Frequently,1213.0,Human Resources,2.0,1.0,Human Resources,2.0,Male,94.0,2.0,2.0,Human Resources,4.0,Single,3886.0,4223.0,1.0,No,21.0,4.0,4.0,0.0,10.0,2.0,2.0,10.0,1.0,0.0,8.0,1943.0,1.0,0.1,0.8,0.0,0
36.0,Travel_Rarely,922.0,Research & Development,3.0,2.0,Life Sciences,1.0,Female,39.0,3.0,1.0,Laboratory Technician,4.0,Divorced,2835.0,2561.0,5.0,No,22.0,4.0,1.0,1.0,7.0,2.0,3.0,1.0,0.0,0.0,0.0,2835.0,0.14285714285714285,0.0,0.0,0.0,0
31.0,Travel_Rarely,480.0,Research & Development,7.0,2.0,Medical,2.0,Female,31.0,3.0,2.0,Manufacturing Director,1.0,Married,4306.0,4156.0,1.0,No,12.0,3.0,2.0,1.0,13.0,5.0,1.0,13.0,10.0,3.0,12.0,2153.0,1.0,0.7692307692307693,0.9230769230769231,0.23076923076923078,0
24.0,Travel_Frequently,381.0,Research & Development,9.0,3.0,Medical,2.0,Male,89.0,3.0,1.0,Laboratory Technician,1.0,Single,3172.0,16998.0,2.0,Yes,11.0,3.0,3.0,0.0,4.0,2.0,2.0,0.0,0.0,0.0,0.0,3172.0,0.0,0.0,0.0,0.0,1
35.0,Travel_Rarely,219.0,Research & Development,16.0,2.0,Other,4.0,Female,44.0,2.0,2.0,Manufacturing Director,2.0,Married,4788.0,25388.0,0.0,Yes,11.0,3.0,4.0,0.0,4.0,2.0,3.0,3.0,2.0,0.0,2.0,2394.0,0.75,0.6666666666666666,0.6666666666666666,0.0,0
35.0,Travel_Frequently,1182.0,Sales,11.0,2.0,Marketing,4.0,Male,54.0,3.0,2.0,Sales Executive,4.0,Divorced,4968.0,18500.0,1.0,No,11.0,3.0,4.0,1.0,5.0,3.0,3.0,5.0,2.0,0.0,2.0,2484.0,1.0,0.4,0.4,0.0,0
29.0,Travel_Rarely,441.0,Research & Development,8.0,1.0,Other,3.0,Female,39.0,1.0,2.0,Healthcare Representative,1.0,Married,9715.0,7288.0,3.0,No,13.0,3.0,3.0,1.0,9.0,3.0,3.0,7.0,7.0,0.0,7.0,4857.5,0.7777777777777778,1.0,1.0,0.0,0
31.0,Travel_Rarely,1276.0,Research & Development,2.0,1.0,Medical,4.0,Female,59.0,1.0,1.0,Laboratory Technician,4.0,Divorced,1129.0,17536.0,1.0,Yes,11.0,3.0,3.0,3.0,1.0,4.0,3.0,1.0,0.0,0.0,0.0,1129.0,1.0,0.0,0.0,0.0,0
41.0,Travel_Frequently,840.0,Research & Development,9.0,3.0,Medical,1.0,Male,64.0,3.0,5.0,Research Director,3.0,Divorced,19419.0,3735.0,2.0,No,17.0,3.0,2.0,1.0,21.0,2.0,4.0,18.0,16.0,0.0,11.0,3883.8,0.8571428571428571,0.8888888888888888,0.6111111111111112,0.0,0
19.0,Travel_Rarely,303.0,Research & Development,2.0,3.0,Life Sciences,2.0,Male,47.0,2.0,1.0,Laboratory Technician,4.0,Single,1102.0,9241.0,1.0,No,22.0,4.0,3.0,0.0,1.0,3.0,2.0,1.0,0.0,1.0,0.0,1102.0,1.0,0.0,0.0,1.0,1
47.0,Travel_Rarely,207.0,Research & Development,9.0,4.0,Life Sciences,2.0,Female,64.0,3.0,1.0,Laboratory Technician,3.0,Single,2105.0,5411.0,4.0,No,12.0,3.0,3.0,0.0,7.0,2.0,3.0,2.0,2.0,2.0,0.0,2105.0,0.2857142857142857,1.0,0.0,1.0,0
45.0,Travel_Rarely,1385.0,Research & Development,20.0,2.0,Medical,3.0,Male,79.0,3.0,4.0,Healthcare Representative,4.0,Married,13496.0,7501.0,0.0,Yes,14.0,3.0,2.0,0.0,21.0,2.0,3.0,20.0,7.0,4.0,10.0,3374.0,0.9523809523809523,0.35,0.5,0.2,0
45.0,Non-Travel,1238.0,Research & Development,1.0,1.0,Life Sciences,3.0,Male,74.0,2.0,3.0,Healthcare Representative,3.0,Married,10748.0,3395.0,3.0,No,23.0,4.0,4.0,1.0,25.0,3.0,2.0,23.0,15.0,14.0,4.0,3582.6666666666665,0.92,0.6521739130434783,0.17391304347826086,0.6086956521739131,0
45.0,Travel_Rarely,1316.0,Research & Development,29.0,3.0,Medical,3.0,Male,83.0,3.0,1.0,Research Scientist,4.0,Single,3452.0,9752.0,5.0,No,13.0,3.0,2.0,0.0,9.0,2.0,2.0,6.0,5.0,0.0,3.0,3452.0,0.6666666666666666,0.8333333333333334,0.5,0.0,0
27.0,Travel_Rarely,1354.0,Research & Development,2.0,4.0,Technical Degree,2.0,Male,41.0,3.0,1.0,Research Scientist,2.0,Married,2226.0,6073.0,1.0,No,11.0,3.0,3.0,1.0,6.0,3.0,2.0,5.0,3.0,1.0,2.0,2226.0,0.8333333333333334,0.6,0.4,0.2,0
60.0,Travel_Rarely,370.0,Research & Development,1.0,4.0,Medical,3.0,Male,92.0,1.0,3.0,Healthcare Representative,4.0,Divorced,10883.0,20467.0,3.0,No,20.0,4.0,3.0,1.0,19.0,2.0,4.0,1.0,0.0,0.0,0.0,3627.6666666666665,0.05263157894736842,0.0,0.0,0.0,0
39.0,Travel_Rarely,119.0,Sales,15.0,4.0,Marketing,2.0,Male,77.0,3.0,4.0,Sales Executive,1.0,Single,13341.0,25098.0,0.0,No,12.0,3.0,1.0,0.0,21.0,3.0,3.0,20.0,8.0,11.0,10.0,3335.25,0.9523809523809523,0.4,0.5,0.55,0
41.0,Travel_Rarely,896.0,Sales,6.0,3.0,Life Sciences,4.0,Female,75.0,3.0,3.0,Manager,4.0,Single,13591.0,14674.0,3.0,Yes,18.0,3.0,3.0,0.0,16.0,3.0,3.0,1.0,0.0,0.0,0.0,4530.333333333333,0.0625,0.0,0.0,0.0,0
58.0,Travel_Rarely,289.0,Research & Development,2.0,3.0,Technical Degree,4.0,Male,51.0,3.0,1.0,Research Scientist,3.0,Single,2479.0,26227.0,4.0,No,24.0,4.0,1.0,0.0,7.0,4.0,3.0,1.0,0.0,0.0,0.0,2479.0,0.14285714285714285,0.0,0.0,0.0,1
35.0,Travel_Rarely,583.0,Research & Development,25.0,4.0,Medical,3.0,Female,57.0,3.0,3.0,Healthcare Representative,3.0,Divorced,10388.0,6975.0,1.0,Yes,11.0,3.0,3.0,1.0,16.0,3.0,2.0,16.0,10.0,10.0,1.0,3462.6666666666665,1.0,0.625,0.0625,0.625,0
33.0,Travel_Rarely,922.0,Research & Development,1.0,5.0,Medical,1.0,Female,95.0,4.0,4.0,Research Director,3.0,Divorced,16184.0,22578.0,4.0,No,19.0,3.0,3.0,1.0,10.0,2.0,3.0,6.0,1.0,0.0,5.0,4046.0,0.6,0.16666666666666666,0.8333333333333334,0.0,0
55.0,Travel_Rarely,1311.0,Research & Development,2.0,3.0,Life Sciences,3.0,Female,97.0,3.0,4.0,Manager,4.0,Single,16659.0,23258.0,2.0,Yes,13.0,3.0,3.0,0.0,30.0,2.0,3.0,5.0,4.0,1.0,2.0,4164.75,0.16666666666666666,0.8,0.4,0.2,0
27.0,Travel_Rarely,1220.0,Research & Development,5.0,3.0,Life Sciences,3.0,Female,85.0,3.0,1.0,Research Scientist,2.0,Single,2478.0,20938.0,1.0,Yes,12.0,3.0,2.0,0.0,4.0,2.0,2.0,4.0,3.0,1.0,2.0,2478.0,1.0,0.75,0.5,0.25,0
46.0,Travel_Rarely,168.0,Sales,4.0,2.0,Marketing,4.0,Female,33.0,2.0,5.0,Manager,2.0,Married,18789.0,9946.0,2.0,No,14.0,3.0,3.0,1.0,26.0,2.0,3.0,11.0,4.0,0.0,8.0,3757.8,0.4230769230769231,0.36363636363636365,0.7272727272727273,0.0,0
28.0,Travel_Rarely,1217.0,Research & Development,1.0,3.0,Medical,3.0,Female,67.0,3.0,1.0,Research Scientist,1.0,Married,3591.0,12719.0,1.0,No,25.0,4.0,3.0,1.0,3.0,3.0,3.0,3.0,2.0,1.0,2.0,3591.0,1.0,0.6666666666666666,0.6666666666666666,0.3333333333333333,0
43.0,Travel_Rarely,1372.0,Sales,9.0,3.0,Marketing,1.0,Female,85.0,1.0,2.0,Sales Executive,3.0,Single,5346.0,9489.0,8.0,No,13.0,3.0,2.0,0.0,7.0,2.0,2.0,4.0,3.0,1.0,3.0,2673.0,0.5714285714285714,0.75,0.75,0.25,1
31.0,Non-Travel,1188.0,Sales,20.0,2.0,Marketing,4.0,Female,45.0,3.0,2.0,Sales Executive,3.0,Married,6932.0,24406.0,1.0,No,13.0,3.0,4.0,1.0,9.0,2.0,2.0,9.0,8.0,0.0,0.0,3466.0,1.0,0.8888888888888888,0.0,0.0,0
32.0,Travel_Rarely,824.0,Research & Development,5.0,2.0,Life Sciences,4.0,Female,67.0,2.0,2.0,Research Scientist,2.0,Married,5878.0,15624.0,3.0,No,12.0,3.0,1.0,1.0,12.0,2.0,3.0,7.0,1.0,2.0,5.0,2939.0,0.5833333333333334,0.14285714285714285,0.7142857142857143,0.2857142857142857,0
29.0,Travel_Rarely,469.0,Sales,10.0,3.0,Medical,3.0,Male,42.0,2.0,2.0,Sales Executive,3.0,Single,5869.0,23413.0,9.0,No,11.0,3.0,3.0,0.0,8.0,2.0,3.0,5.0,2.0,1.0,4.0,2934.5,0.625,0.4,0.8,0.2,0
35.0,Travel_Rarely,819.0,Research & Development,2.0,3.0,Life Sciences,3.0,Male,44.0,2.0,3.0,Manufacturing Director,2.0,Divorced,10274.0,19588.0,2.0,No,18.0,3.0,2.0,1.0,15.0,2.0,4.0,7.0,7.0,6.0,4.0,3424.6666666666665,0.4666666666666667,1.0,0.5714285714285714,0.8571428571428571,0
36.0,Travel_Rarely,430.0,Research & Development,2.0,4.0,Other,4.0,Female,73.0,3.0,2.0,Research Scientist,2.0,Married,6962.0,19573.0,4.0,Yes,22.0,4.0,4.0,1.0,15.0,2.0,3.0,1.0,0.0,0.0,0.0,3481.0,0.06666666666666667,0.0,0.0,0.0,0
29.0,Travel_Rarely,1378.0,Research & Development,13.0,2.0,Other,4.0,Male,46.0,2.0,2.0,Laboratory Technician,2.0,Married,4025.0,23679.0,4.0,Yes,13.0,3.0,1.0,1.0,10.0,2.0,3.0,4.0,3.0,0.0,3.0,2012.5,0.4,0.75,0.75,0.0,0
28.0,Travel_Frequently,289.0,Research & Development,2.0,2.0,Medical,3.0,Male,38.0,2.0,1.0,Laboratory Technician,1.0,Single,2561.0,5355.0,7.0,No,11.0,3.0,3.0,0.0,8.0,2.0,2.0,0.0,0.0,0.0,0.0,2561.0,0.0,0.0,0.0,0.0,1
48.0,Travel_Rarely,969.0,Research & Development,2.0,2.0,Technical Degree,4.0,Male,76.0,4.0,1.0,Laboratory Technician,2.0,Single,2559.0,16620.0,5.0,No,11.0,3.0,3.0,0.0,7.0,4.0,2.0,1.0,0.0,0.0,0.0,2559.0,0.14285714285714285,0.0,0.0,0.0,0
27.0,Travel_Rarely,618.0,Research & Development,4.0,3.0,Life Sciences,2.0,Female,76.0,3.0,1.0,Research Scientist,3.0,Single,2318.0,17808.0,1.0,No,19.0,3.0,3.0,0.0,1.0,2.0,3.0,1.0,1.0,0.0,0.0,2318.0,1.0,1.0,0.0,0.0,0
55.0,Travel_Rarely,267.0,Sales,13.0,4.0,Marketing,1.0,Male,85.0,4.0,4.0,Sales Executive,3.0,Single,13695.0,9277.0,6.0,Yes,17.0,3.0,3.0,0.0,24.0,2.0,2.0,19.0,7.0,3.0,8.0,3423.75,0.7916666666666666,0.3684210526315789,0.42105263157894735,0.15789473684210525,1
52.0,Travel_Frequently,322.0,Research & Development,28.0,2.0,Medical,4.0,Female,59.0,4.0,4.0,Manufacturing Director,3.0,Married,13247.0,9731.0,2.0,Yes,11.0,3.0,2.0,1.0,24.0,3.0,2.0,5.0,3.0,0.0,2.0,3311.75,0.20833333333333334,0.6,0.4,0.0,0
39.0,Travel_Rarely,903.0,Sales,2.0,5.0,Life Sciences,1.0,Male,41.0,4.0,3.0,Sales Executive,3.0,Single,7880.0,2560.0,0.0,No,18.0,3.0,4.0,0.0,9.0,3.0,3.0,8.0,7.0,0.0,7.0,2626.6666666666665,0.8888888888888888,0.875,0.875,0.0,0
26.0,Travel_Rarely,192.0,Research & Development,1.0,2.0,Medical,1.0,Male,59.0,2.0,1.0,Laboratory Technician,1.0,Married,3955.0,11141.0,1.0,No,16.0,3.0,1.0,2.0,6.0,2.0,3.0,5.0,3.0,1.0,3.0,3955.0,0.8333333333333334,0.6,0.6,0.2,0
38.0,Travel_Frequently,1189.0,Research & Development,1.0,3.0,Life Sciences,4.0,Male,90.0,3.0,2.0,Research Scientist,4.0,Married,4735.0,9867.0,7.0,No,15.0,3.0,4.0,2.0,19.0,4.0,4.0,13.0,11.0,2.0,9.0,2367.5,0.6842105263157895,0.8461538461538461,0.6923076923076923,0.15384615384615385,0
23.0,Travel_Rarely,373.0,Research & Development,1.0,2.0,Life Sciences,4.0,Male,47.0,3.0,1.0,Research Scientist,3.0,Married,1223.0,16901.0,1.0,No,22.0,4.0,4.0,1.0,1.0,2.0,3.0,1.0,0.0,0.0,1.0,1223.0,1.0,0.0,1.0,0.0,0
39.0,Travel_Rarely,1329.0,Sales,4.0,4.0,Life Sciences,4.0,Female,47.0,2.0,2.0,Sales Executive,3.0,Married,5902.0,14590.0,4.0,No,14.0,3.0,3.0,1.0,17.0,1.0,4.0,15.0,11.0,5.0,9.0,2951.0,0.8823529411764706,0.7333333333333333,0.6,0.3333333333333333,0
30.0,Travel_Rarely,201.0,Research & Development,5.0,3.0,Technical Degree,4.0,Female,84.0,3.0,1.0,Research Scientist,1.0,Divorced,3204.0,10415.0,5.0,No,14.0,3.0,4.0,1.0,8.0,3.0,3.0,3.0,2.0,2.0,2.0,3204.0,0.375,0.6666666666666666,0.6666666666666666,0.6666666666666666,0
35.0,Travel_Rarely,1296.0,Research & Development,5.0,4.0,Technical Degree,3.0,Male,62.0,3.0,3.0,Manufacturing Director,2.0,Single,8095.0,18264.0,0.0,No,13.0,3.0,4.0,0.0,17.0,5.0,3.0,16.0,6.0,0.0,13.0,2698.3333333333335,0.9411764705882353,0.375,0.8125,0.0,0
29.0,Travel_Rarely,598.0,Research & Development,9.0,3.0,Life Sciences,3.0,Male,91.0,4.0,1.0,Research Scientist,3.0,Married,2451.0,22376.0,6.0,No,18.0,3.0,1.0,2.0,5.0,2.0,2.0,1.0,0.0,0.0,0.0,2451.0,0.2,0.0,0.0,0.0,0
24.0,Non-Travel,673.0,Research & Development,11.0,2.0,Other,1.0,Female,96.0,4.0,2.0,Manufacturing Director,3.0,Divorced,4011.0,8232.0,0.0,No,18.0,3.0,4.0,1.0,5.0,5.0,2.0,4.0,2.0,1.0,3.0,2005.5,0.8,0.5,0.75,0.25,0
46.0,Travel_Rarely,261.0,Research & Development,21.0,2.0,Medical,4.0,Female,66.0,3.0,2.0,Healthcare Representative,2.0,Married,8926.0,10842.0,4.0,No,22.0,4.0,4.0,1.0,13.0,2.0,4.0,9.0,7.0,3.0,7.0,4463.0,0.6923076923076923,0.7777777777777778,0.7777777777777778,0.3333333333333333,1
37.0,Travel_Rarely,1107.0,Research & Development,14.0,3.0,Life Sciences,4.0,Female,95.0,3.0,1.0,Laboratory Technician,1.0,Divorced,3034.0,26914.0,1.0,No,12.0,3.0,3.0,1.0,18.0,2.0,2.0,18.0,7.0,12.0,17.0,3034.0,1.0,0.3888888888888889,0.9444444444444444,0.6666666666666666,0
40.0,Non-Travel,1151.0,Research & Development,9.0,5.0,Life Sciences,4.0,Male,63.0,2.0,2.0,Healthcare Representative,4.0,Married,4876.0,14242.0,9.0,No,14.0,3.0,4.0,1.0,5.0,5.0,1.0,3.0,2.0,0.0,2.0,2438.0,0.6,0.6666666666666666,0.6666666666666666,0.0,0
25.0,Travel_Frequently,599.0,Sales,24.0,1.0,Life Sciences,3.0,Male,73.0,1.0,1.0,Sales Representative,4.0,Single,1118.0,8040.0,1.0,Yes,14.0,3.0,4.0,0.0,1.0,4.0,3.0,1.0,0.0,1.0,0.0,1118.0,1.0,0.0,0.0,1.0,1
29.0,Travel_Rarely,991.0,Sales,5.0,3.0,Medical,1.0,Male,43.0,2.0,2.0,Sales Executive,2.0,Divorced,4187.0,3356.0,1.0,Yes,13.0,3.0,2.0,1.0,10.0,3.0,2.0,10.0,0.0,0.0,9.0,2093.5,1.0,0.0,0.9,0.0,0
26.0,Travel_Rarely,1146.0,Sales,8.0,3.0,Technical Degree,4.0,Male,38.0,2.0,2.0,Sales Executive,1.0,Single,5326.0,3064.0,6.0,No,17.0,3.0,3.0,0.0,6.0,2.0,2.0,4.0,3.0,1.0,2.0,2663.0,0.6666666666666666,0.75,0.5,0.25,1
34.0,Non-Travel,1065.0,Sales,23.0,4.0,Marketing,2.0,Male,72.0,3.0,2.0,Sales Executive,3.0,Single,4568.0,10034.0,0.0,No,20.0,4.0,3.0,0.0,10.0,2.0,3.0,9.0,5.0,8.0,7.0,2284.0,0.9,0.5555555555555556,0.7777777777777778,0.8888888888888888,0
24.0,Travel_Rarely,1206.0,Research & Development,17.0,1.0,Medical,4.0,Female,41.0,2.0,2.0,Manufacturing Director,3.0,Divorced,4377.0,24117.0,1.0,No,15.0,3.0,2.0,2.0,5.0,6.0,3.0,4.0,2.0,3.0,2.0,2188.5,0.8,0.5,0.5,0.75,0
35.0,Travel_Rarely,528.0,Human Resources,8.0,4.0,Technical Degree,3.0,Male,100.0,3.0,1.0,Human Resources,3.0,Single,4323.0,7108.0,1.0,No,17.0,3.0,2.0,0.0,6.0,2.0,1.0,5.0,4.0,1.0,4.0,4323.0,0.8333333333333334,0.8,0.8,0.2,0
33.0,Non-Travel,1038.0,Sales,8.0,1.0,Life Sciences,2.0,Female,88.0,2.0,1.0,Sales Representative,4.0,Single,2342.0,21437.0,0.0,No,19.0,3.0,4.0,0.0,3.0,2.0,2.0,2.0,2.0,2.0,2.0,2342.0,0.6666666666666666,1.0,1.0,1.0,0
53.0,Travel_Rarely,661.0,Sales,7.0,2.0,Marketing,1.0,Female,78.0,2.0,3.0,Sales Executive,4.0,Married,10934.0,20715.0,7.0,Yes,18.0,3.0,4.0,1.0,35.0,3.0,3.0,5.0,2.0,0.0,4.0,3644.6666666666665,0.14285714285714285,0.4,0.8,0.0,0
36.0,Travel_Rarely,796.0,Research & Development,12.0,5.0,Medical,4.0,Female,51.0,2.0,3.0,Manufacturing Director,4.0,Single,8858.0,15669.0,0.0,No,11.0,3.0,2.0,0.0,15.0,2.0,2.0,14.0,8.0,7.0,8.0,2952.6666666666665,0.9333333333333333,0.5714285714285714,0.5714285714285714,0.5,0
40.0,Travel_Frequently,593.0,Research & Development,9.0,4.0,Medical,2.0,Female,88.0,3.0,3.0,Research Director,3.0,Single,13499.0,13782.0,9.0,No,17.0,3.0,3.0,0.0,20.0,3.0,2.0,18.0,7.0,2.0,13.0,4499.666666666667,0.9,0.3888888888888889,0.7222222222222222,0.1111111111111111,0
40.0,Travel_Rarely,523.0,Research & Development,2.0,3.0,Life Sciences,3.0,Male,98.0,3.0,2.0,Research Scientist,4.0,Single,4661.0,22455.0,1.0,No,13.0,3.0,3.0,0.0,9.0,4.0,3.0,9.0,8.0,8.0,8.0,2330.5,1.0,0.8888888888888888,0.8888888888888888,0.8888888888888888,0
37.0,Travel_Rarely,1115.0,Research & Development,1.0,4.0,Life Sciences,1.0,Male,51.0,2.0,2.0,Manufacturing Director,3.0,Divorced,5993.0,2689.0,1.0,No,18.0,3.0,3.0,1.0,7.0,2.0,4.0,7.0,5.0,0.0,7.0,2996.5,1.0,0.7142857142857143,1.0,0.0,0
35.0,Travel_Rarely,1361.0,Sales,17.0,4.0,Life Sciences,3.0,Male,94.0,3.0,2.0,Sales Executive,1.0,Married,8966.0,21026.0,3.0,Yes,15.0,3.0,4.0,3.0,15.0,2.0,3.0,7.0,7.0,1.0,7.0,4483.0,0.4666666666666667,1.0,1.0,0.14285714285714285,0
26.0,Travel_Rarely,841.0,Research & Development,6.0,3.0,Other,3.0,Female,46.0,2.0,1.0,Research Scientist,2.0,Married,2368.0,23300.0,1.0,No,19.0,3.0,3.0,0.0,5.0,3.0,2.0,5.0,4.0,4.0,3.0,2368.0,1.0,0.8,0.6,0.8,0
38.0,Travel_Rarely,330.0,Research & Development,17.0,1.0,Life Sciences,3.0,Female,65.0,2.0,3.0,Healthcare Representative,3.0,Married,8823.0,24608.0,0.0,No,18.0,3.0,1.0,1.0,20.0,4.0,2.0,19.0,9.0,1.0,9.0,2941.0,0.95,0.47368421052631576,0.47368421052631576,0.05263157894736842,0
41.0,Travel_Rarely,933.0,Research & Development,9.0,4.0,Life Sciences,3.0,Male,94.0,3.0,1.0,Laboratory Technician,1.0,Married,2238.0,6961.0,2.0,No,21.0,4.0,4.0,1.0,7.0,2.0,3.0,5.0,0.0,1.0,4.0,2238.0,0.7142857142857143,0.0,0.8,0.2,0
34.0,Travel_Frequently,829.0,Research & Development,15.0,3.0,Medical,2.0,Male,71.0,3.0,4.0,Research Director,1.0,Divorced,17007.0,11929.0,7.0,No,14.0,3.0,4.0,2.0,16.0,3.0,2.0,14.0,8.0,6.0,9.0,4251.75,0.875,0.5714285714285714,0.6428571428571429,0.42857142857142855,0
45.0,Travel_Rarely,176.0,Human Resources,4.0,3.0,Life Sciences,3.0,Female,56.0,1.0,3.0,Human Resources,3.0,Married,9756.0,6595.0,4.0,No,21.0,4.0,3.0,2.0,9.0,2.0,4.0,5.0,0.0,0.0,3.0,3252.0,0.5555555555555556,0.0,0.6,0.0,0
34.0,Travel_Rarely,1333.0,Sales,10.0,4.0,Life Sciences,3.0,Female,87.0,3.0,1.0,Sales Representative,3.0,Married,2220.0,18410.0,1.0,Yes,19.0,3.0,4.0,1.0,1.0,2.0,3.0,1.0,1.0,0.0,0.0,2220.0,1.0,1.0,0.0,0.0,0
49.0,Travel_Frequently,1023.0,Sales,2.0,3.0,Medical,4.0,Male,63.0,2.0,2.0,Sales Executive,2.0,Married,5390.0,13243.0,2.0,No,14.0,3.0,4.0,0.0,17.0,3.0,2.0,9.0,6.0,0.0,8.0,2695.0,0.5294117647058824,0.6666666666666666,0.8888888888888888,0.0,0
34.0,Travel_Rarely,1351.0,Research & Development,1.0,4.0,Life Sciences,2.0,Male,45.0,3.0,2.0,Research Scientist,4.0,Married,5484.0,13008.0,9.0,No,17.0,3.0,2.0,1.0,9.0,3.0,2.0,2.0,2.0,2.0,1.0,2742.0,0.2222222222222222,1.0,0.5,1.0,0
34.0,Travel_Frequently,1069.0,Research & Development,2.0,1.0,Life Sciences,4.0,Male,45.0,2.0,2.0,Manufacturing Director,3.0,Married,9547.0,14074.0,1.0,No,17.0,3.0,3.0,0.0,10.0,2.0,2.0,10.0,9.0,1.0,9.0,4773.5,1.0,0.9,0.9,0.1,0
23.0,Travel_Rarely,427.0,Sales,7.0,3.0,Life Sciences,3.0,Male,99.0,3.0,1.0,Sales Representative,4.0,Divorced,2275.0,25103.0,1.0,Yes,21.0,4.0,2.0,1.0,3.0,2.0,3.0,3.0,2.0,0.0,2.0,2275.0,1.0,0.6666666666666666,0.6666666666666666,0.0,1
38.0,Travel_Rarely,168.0,Research & Development,1.0,3.0,Life Sciences,3.0,Female,81.0,3.0,3.0,Manufacturing Director,3.0,Single,7861.0,15397.0,4.0,Yes,14.0,3.0,4.0,0.0,10.0,4.0,4.0,1.0,0.0,0.0,0.0,2620.3333333333335,0.1,0.0,0.0,0.0,0
31.0,Travel_Rarely,1154.0,Sales,2.0,2.0,Life Sciences,1.0,Male,54.0,3.0,1.0,Sales Representative,3.0,Married,3067.0,6393.0,0.0,No,19.0,3.0,3.0,1.0,3.0,1.0,3.0,2.0,2.0,1.0,2.0,3067.0,0.6666666666666666,1.0,1.0,0.5,0
42.0,Non-Travel,179.0,Human Resources,2.0,5.0,Medical,4.0,Male,79.0,4.0,2.0,Human Resources,1.0,Married,6272.0,12858.0,7.0,No,16.0,3.0,1.0,1.0,10.0,3.0,4.0,4.0,3.0,0.0,3.0,3136.0,0.4,0.75,0.75,0.0,0
24.0,Travel_Rarely,1448.0,Sales,1.0,1.0,Technical Degree,1.0,Female,62.0,3.0,1.0,Sales Representative,2.0,Single,3202.0,21972.0,1.0,Yes,16.0,3.0,2.0,0.0,6.0,4.0,3.0,5.0,3.0,1.0,4.0,3202.0,0.8333333333333334,0.6,0.8,0.2,1
48.0,Travel_Rarely,1355.0,Research & Development,4.0,4.0,Life Sciences,3.0,Male,78.0,2.0,3.0,Healthcare Representative,3.0,Single,10999.0,22245.0,7.0,No,14.0,3.0,2.0,0.0,27.0,3.0,3.0,15.0,11.0,4.0,8.0,3666.3333333333335,0.5555555555555556,0.7333333333333333,0.5333333333333333,0.26666666666666666,0
40.0,Travel_Rarely,896.0,Research & Development,2.0,3.0,Medical,3.0,Male,68.0,3.0,1.0,Research Scientist,3.0,Divorced,2345.0,8045.0,2.0,No,14.0,3.0,3.0,1.0,8.0,3.0,4.0,3.0,1.0,1.0,2.0,2345.0,0.375,0.3333333333333333,0.6666666666666666,0.3333333333333333,0
44.0,Travel_Rarely,1467.0,Research & Development,20.0,3.0,Life Sciences,4.0,Male,49.0,3.0,1.0,Research Scientist,2.0,Single,3420.0,21158.0,1.0,No,13.0,3.0,3.0,0.0,6.0,3.0,2.0,5.0,2.0,1.0,3.0,3420.0,0.8333333333333334,0.4,0.6,0.2,0
29.0,Travel_Frequently,574.0,Research & Development,20.0,1.0,Medical,4.0,Male,40.0,3.0,1.0,Laboratory Technician,4.0,Married,3812.0,7003.0,1.0,No,13.0,3.0,2.0,0.0,11.0,3.0,4.0,11.0,8.0,3.0,10.0,3812.0,1.0,0.7272727272727273,0.9090909090909091,0.2727272727272727,0
45.0,Travel_Rarely,1339.0,Research & Development,7.0,3.0,Life Sciences,2.0,Male,59.0,3.0,3.0,Research Scientist,1.0,Divorced,9724.0,18787.0,2.0,No,17.0,3.0,3.0,1.0,25.0,2.0,3.0,1.0,0.0,0.0,0.0,3241.3333333333335,0.04,0.0,0.0,0.0,0
28.0,Travel_Rarely,1485.0,Research & Development,12.0,1.0,Life Sciences,3.0,Female,79.0,3.0,1.0,Laboratory Technician,4.0,Married,2515.0,22955.0,1.0,Yes,11.0,3.0,4.0,0.0,1.0,4.0,2.0,1.0,1.0,0.0,0.0,2515.0,1.0,1.0,0.0,0.0,1
37.0,Travel_Rarely,625.0,Sales,1.0,4.0,Life Sciences,1.0,Male,46.0,2.0,3.0,Sales Executive,3.0,Married,10609.0,14922.0,5.0,No,11.0,3.0,3.0,0.0,17.0,2.0,1.0,14.0,1.0,11.0,7.0,3536.3333333333335,0.8235294117647058,0.07142857142857142,0.5,0.7857142857142857,1
30.0,Travel_Rarely,1465.0,Research & Development,1.0,3.0,Medical,4.0,Male,63.0,3.0,1.0,Research Scientist,2.0,Married,3579.0,9369.0,0.0,Yes,21.0,4.0,1.0,1.0,12.0,2.0,3.0,11.0,9.0,5.0,7.0,3579.0,0.9166666666666666,0.8181818181818182,0.6363636363636364,0.45454545454545453,0
34.0,Travel_Rarely,1111.0,Sales,8.0,2.0,Life Sciences,3.0,Female,93.0,3.0,2.0,Sales Executive,1.0,Married,6500.0,13305.0,5.0,No,17.0,3.0,2.0,1.0,6.0,1.0,3.0,3.0,2.0,1.0,2.0,3250.0,0.5,0.6666666666666666,0.6666666666666666,0.3333333333333333,0
44.0,Travel_Rarely,1448.0,Sales,28.0,3.0,Medical,4.0,Female,53.0,4.0,4.0,Sales Executive,4.0,Married,13320.0,11737.0,3.0,Yes,18.0,3.0,3.0,1.0,23.0,2.0,3.0,12.0,11.0,11.0,11.0,3330.0,0.5217391304347826,0.9166666666666666,0.9166666666666666,0.9166666666666666,0
56.0,Travel_Rarely,713.0,Research & Development,8.0,3.0,Life Sciences,3.0,Female,67.0,3.0,1.0,Research Scientist,1.0,Divorced,4257.0,13939.0,4.0,Yes,18.0,3.0,3.0,1.0,19.0,3.0,3.0,2.0,2.0,2.0,2.0,4257.0,0.10526315789473684,1.0,1.0,1.0,0
23.0,Travel_Rarely,977.0,Research & Development,10.0,3.0,Technical Degree,4.0,Male,45.0,4.0,1.0,Research Scientist,3.0,Married,2073.0,12826.0,2.0,No,16.0,3.0,4.0,1.0,4.0,2.0,3.0,2.0,2.0,2.0,2.0,2073.0,0.5,1.0,1.0,1.0,0
56.0,Travel_Rarely,1369.0,Research & Development,23.0,3.0,Life Sciences,4.0,Male,68.0,3.0,4.0,Manufacturing Director,2.0,Married,13402.0,18235.0,4.0,Yes,12.0,3.0,1.0,1.0,33.0,0.0,3.0,19.0,16.0,15.0,9.0,3350.5,0.5757575757575758,0.8421052631578947,0.47368421052631576,0.7894736842105263,0
37.0,Travel_Rarely,1462.0,Research & Development,11.0,3.0,Medical,1.0,Female,94.0,3.0,1.0,Laboratory Technician,3.0,Single,3629.0,19106.0,4.0,No,18.0,3.0,1.0,0.0,8.0,6.0,3.0,3.0,2.0,0.0,2.0,3629.0,0.375,0.6666666666666666,0.6666666666666666,0.0,0
34.0,Travel_Rarely,1157.0,Research & Development,5.0,2.0,Medical,2.0,Male,57.0,2.0,2.0,Laboratory Technician,4.0,Married,3986.0,11912.0,1.0,No,14.0,3.0,3.0,1.0,15.0,3.0,4.0,15.0,10.0,4.0,13.0,1993.0,1.0,0.6666666666666666,0.8666666666666667,0.26666666666666666,0
29.0,Travel_Rarely,942.0,Research & Development,15.0,1.0,Life Sciences,2.0,Female,69.0,1.0,1.0,Research Scientist,4.0,Married,2168.0,26933.0,0.0,Yes,18.0,3.0,1.0,1.0,6.0,2.0,2.0,5.0,4.0,1.0,3.0,2168.0,0.8333333333333334,0.8,0.6,0.2,0
35.0,Travel_Rarely,662.0,Sales,1.0,5.0,Marketing,3.0,Male,94.0,3.0,3.0,Sales Executive,2.0,Married,7295.0,11439.0,1.0,No,13.0,3.0,1.0,2.0,10.0,3.0,3.0,10.0,8.0,0.0,6.0,2431.6666666666665,1.0,0.8,0.6,0.0,0
37.0,Travel_Rarely,309.0,Sales,10.0,4.0,Life Sciences,4.0,Female,88.0,2.0,2.0,Sales Executive,4.0,Divorced,6694.0,24223.0,2.0,Yes,14.0,3.0,3.0,3.0,8.0,5.0,3.0,1.0,0.0,0.0,0.0,3347.0,0.125,0.0,0.0,0.0,0
29.0,Travel_Frequently,995.0,Research & Development,2.0,1.0,Life Sciences,1.0,Male,87.0,3.0,2.0,Healthcare Representative,4.0,Divorced,8853.0,24483.0,1.0,No,19.0,3.0,4.0,1.0,6.0,0.0,4.0,6.0,4.0,1.0,3.0,4426.5,1.0,0.6666666666666666,0.5,0.16666666666666666,0
46.0,Travel_Rarely,705.0,Sales,2.0,4.0,Marketing,2.0,Female,83.0,3.0,5.0,Manager,1.0,Single,18947.0,22822.0,3.0,No,12.0,3.0,4.0,0.0,22.0,2.0,2.0,2.0,2.0,2.0,1.0,3789.4,0.09090909090909091,1.0,0.5,1.0,0
29.0,Travel_Frequently,1413.0,Sales,1.0,1.0,Medical,2.0,Female,42.0,3.0,3.0,Sales Executive,4.0,Married,7918.0,6599.0,1.0,No,14.0,3.0,4.0,1.0,11.0,5.0,3.0,11.0,10.0,4.0,1.0,2639.3333333333335,1.0,0.9090909090909091,0.09090909090909091,0.36363636363636365,0
28.0,Travel_Frequently,1009.0,Research & Development,1.0,3.0,Medical,1.0,Male,45.0,2.0,1.0,Laboratory Technician,2.0,Divorced,2596.0,7160.0,1.0,No,15.0,3.0,1.0,2.0,1.0,2.0,3.0,1.0,0.0,0.0,0.0,2596.0,1.0,0.0,0.0,0.0,1
30.0,Travel_Rarely,1092.0,Research & Development,10.0,3.0,Medical,1.0,Female,64.0,3.0,3.0,Manufacturing Director,3.0,Single,9667.0,2739.0,9.0,No,14.0,3.0,2.0,0.0,9.0,3.0,3.0,7.0,7.0,0.0,2.0,3222.3333333333335,0.7777777777777778,1.0,0.2857142857142857,0.0,0
31.0,Travel_Frequently,853.0,Research & Development,1.0,1.0,Life Sciences,3.0,Female,96.0,3.0,2.0,Manufacturing Director,1.0,Married,4148.0,11275.0,1.0,No,12.0,3.0,3.0,1.0,4.0,1.0,3.0,4.0,3.0,0.0,3.0,2074.0,1.0,0.75,0.75,0.0,0
31.0,Travel_Rarely,525.0,Sales,6.0,4.0,Medical,1.0,Male,66.0,4.0,2.0,Sales Executive,4.0,Divorced,5460.0,6219.0,4.0,No,22.0,4.0,4.0,2.0,13.0,4.0,4.0,7.0,7.0,5.0,7.0,2730.0,0.5384615384615384,1.0,1.0,0.7142857142857143,0
56.0,Travel_Rarely,1400.0,Research & Development,7.0,3.0,Life Sciences,4.0,Male,49.0,1.0,3.0,Manufacturing Director,4.0,Single,7260.0,21698.0,4.0,No,11.0,3.0,1.0,0.0,37.0,3.0,2.0,6.0,4.0,0.0,2.0,2420.0,0.16216216216216217,0.6666666666666666,0.3333333333333333,0.0,0
37.0,Travel_Rarely,397.0,Research & Development,7.0,4.0,Medical,1.0,Male,30.0,3.0,3.0,Research Director,3.0,Single,13664.0,25258.0,4.0,No,13.0,3.0,1.0,0.0,16.0,3.0,4.0,5.0,2.0,0.0,2.0,4554.666666666667,0.3125,0.4,0.4,0.0,0
41.0,Travel_Rarely,1356.0,Sales,20.0,2.0,Marketing,2.0,Female,70.0,3.0,1.0,Sales Representative,2.0,Single,3140.0,21728.0,1.0,Yes,22.0,4.0,4.0,0.0,4.0,5.0,2.0,4.0,3.0,0.0,2.0,3140.0,1.0,0.75,0.5,0.0,1
37.0,Travel_Frequently,1278.0,Sales,1.0,4.0,Medical,3.0,Male,31.0,1.0,2.0,Sales Executive,4.0,Divorced,9525.0,7677.0,1.0,No,14.0,3.0,3.0,2.0,6.0,2.0,2.0,6.0,3.0,1.0,3.0,4762.5,1.0,0.5,0.5,0.16666666666666666,0
38.0,Travel_Rarely,371.0,Research & Development,2.0,3.0,Life Sciences,4.0,Male,45.0,3.0,1.0,Research Scientist,4.0,Single,3944.0,4306.0,5.0,Yes,11.0,3.0,3.0,0.0,6.0,3.0,3.0,3.0,2.0,1.0,2.0,3944.0,0.5,0.6666666666666666,0.6666666666666666,0.3333333333333333,0
40.0,Travel_Rarely,1416.0,Research & Development,2.0,2.0,Medical,1.0,Male,49.0,3.0,5.0,Research Director,3.0,Divorced,19436.0,5949.0,0.0,No,19.0,3.0,4.0,1.0,22.0,5.0,3.0,21.0,7.0,3.0,9.0,3887.2,0.9545454545454546,0.3333333333333333,0.42857142857142855,0.14285714285714285,0
45.0,Non-Travel,248.0,Research & Development,23.0,2.0,Life Sciences,4.0,Male,42.0,3.0,2.0,Laboratory Technician,1.0,Married,3633.0,14039.0,1.0,Yes,15.0,3.0,3.0,1.0,9.0,2.0,3.0,9.0,8.0,0.0,8.0,1816.5,1.0,0.8888888888888888,0.8888888888888888,0.0,0
31.0,Travel_Rarely,1079.0,Sales,16.0,4.0,Marketing,1.0,Male,70.0,3.0,3.0,Sales Executive,3.0,Married,8161.0,19002.0,2.0,No,13.0,3.0,1.0,3.0,10.0,2.0,3.0,1.0,0.0,0.0,0.0,2720.3333333333335,0.1,0.0,0.0,0.0,1
30.0,Travel_Frequently,1312.0,Research & Development,23.0,3.0,Life Sciences,1.0,Male,96.0,1.0,1.0,Research Scientist,3.0,Divorced,2613.0,22310.0,1.0,No,25.0,4.0,3.0,3.0,10.0,2.0,2.0,10.0,7.0,0.0,9.0,2613.0,1.0,0.7,0.9,0.0,0
35.0,Travel_Rarely,809.0,Research & Development,16.0,3.0,Medical,1.0,Male,84.0,4.0,1.0,Laboratory Technician,2.0,Married,2426.0,16479.0,0.0,No,13.0,3.0,3.0,1.0,6.0,5.0,3.0,5.0,4.0,0.0,3.0,2426.0,0.8333333333333334,0.8,0.6,0.0,0
21.0,Travel_Rarely,1343.0,Sales,22.0,1.0,Technical Degree,3.0,Male,49.0,3.0,1.0,Sales Representative,3.0,Single,3447.0,24444.0,1.0,No,11.0,3.0,3.0,0.0,3.0,2.0,3.0,3.0,2.0,1.0,2.0,3447.0,1.0,0.6666666666666666,0.6666666666666666,0.3333333333333333,0
42.0,Travel_Frequently,532.0,Research & Development,29.0,2.0,Life Sciences,1.0,Female,92.0,3.0,2.0,Research Scientist,3.0,Divorced,4556.0,12932.0,2.0,No,11.0,3.0,2.0,1.0,19.0,3.0,3.0,5.0,4.0,0.0,2.0,2278.0,0.2631578947368421,0.8,0.4,0.0,0
50.0,Travel_Rarely,854.0,Sales,1.0,4.0,Medical,4.0,Female,68.0,3.0,5.0,Manager,4.0,Divorced,19517.0,24118.0,3.0,No,11.0,3.0,3.0,1.0,32.0,3.0,2.0,7.0,0.0,0.0,6.0,3903.4,0.21875,0.0,0.8571428571428571,0.0,0
31.0,Travel_Rarely,196.0,Sales,29.0,4.0,Marketing,1.0,Female,91.0,2.0,2.0,Sales Executive,4.0,Married,5468.0,13402.0,1.0,No,14.0,3.0,1.0,2.0,13.0,3.0,3.0,12.0,7.0,5.0,7.0,2734.0,0.9230769230769231,0.5833333333333334,0.5833333333333334,0.4166666666666667,0
50.0,Travel_Frequently,809.0,Sales,12.0,3.0,Marketing,3.0,Female,77.0,3.0,3.0,Sales Executive,4.0,Single,9208.0,6645.0,4.0,No,11.0,3.0,4.0,0.0,16.0,3.0,3.0,2.0,2.0,2.0,1.0,3069.3333333333335,0.125,1.0,0.5,1.0,0
25.0,Travel_Rarely,1219.0,Research & Development,4.0,1.0,Technical Degree,4.0,Male,32.0,3.0,1.0,Laboratory Technician,4.0,Married,3691.0,4605.0,1.0,Yes,15.0,3.0,2.0,1.0,7.0,3.0,4.0,7.0,7.0,5.0,6.0,3691.0,1.0,1.0,0.8571428571428571,0.7142857142857143,1
37.0,Travel_Rarely,571.0,Research & Development,10.0,1.0,Life Sciences,4.0,Female,82.0,3.0,1.0,Research Scientist,1.0,Divorced,2782.0,19905.0,0.0,Yes,13.0,3.0,2.0,2.0,6.0,3.0,2.0,5.0,3.0,4.0,3.0,2782.0,0.8333333333333334,0.6,0.6,0.8,0
31.0,Travel_Rarely,688.0,Sales,7.0,3.0,Life Sciences,3.0,Male,44.0,2.0,3.0,Manager,4.0,Divorced,11557.0,25291.0,9.0,No,21.0,4.0,3.0,1.0,10.0,3.0,2.0,5.0,4.0,0.0,1.0,3852.3333333333335,0.5,0.8,0.2,0.0,0
28.0,Travel_Frequently,467.0,Sales,7.0,3.0,Life Sciences,3.0,Male,55.0,3.0,2.0,Sales Executive,1.0,Single,4898.0,11827.0,0.0,No,14.0,3.0,4.0,0.0,5.0,5.0,3.0,4.0,2.0,1.0,3.0,2449.0,0.8,0.5,0.75,0.25,0
28.0,Travel_Rarely,1300.0,Research & Development,17.0,2.0,Medical,3.0,Male,79.0,3.0,2.0,Laboratory Technician,1.0,Divorced,4558.0,13535.0,1.0,No,12.0,3.0,4.0,1.0,10.0,2.0,3.0,10.0,0.0,1.0,8.0,2279.0,1.0,0.0,0.8,0.1,0
37.0,Travel_Rarely,1192.0,Research & Development,5.0,2.0,Medical,4.0,Male,61.0,3.0,2.0,Manufacturing Director,4.0,Divorced,6347.0,23177.0,7.0,No,16.0,3.0,3.0,2.0,8.0,2.0,2.0,6.0,2.0,0.0,4.0,3173.5,0.75,0.3333333333333333,0.6666666666666666,0.0,0
34.0,Non-Travel,1381.0,Sales,4.0,4.0,Marketing,3.0,Female,72.0,3.0,2.0,Sales Executive,3.0,Married,6538.0,12740.0,9.0,No,15.0,3.0,1.0,1.0,6.0,3.0,3.0,3.0,2.0,1.0,2.0,3269.0,0.5,0.6666666666666666,0.6666666666666666,0.3333333333333333,0
53.0,Travel_Rarely,970.0,Research & Development,7.0,3.0,Life Sciences,3.0,Male,59.0,4.0,4.0,Research Director,3.0,Married,14814.0,13514.0,3.0,No,19.0,3.0,3.0,0.0,32.0,3.0,3.0,5.0,1.0,1.0,3.0,3703.5,0.15625,0.2,0.6,0.2,0
30.0,Travel_Rarely,202.0,Sales,2.0,1.0,Technical Degree,3.0,Male,72.0,3.0,1.0,Sales Representative,2.0,Married,2476.0,17434.0,1.0,No,18.0,3.0,1.0,1.0,1.0,3.0,3.0,1.0,0.0,0.0,0.0,2476.0,1.0,0.0,0.0,0.0,0
31.0,Travel_Frequently,1327.0,Research & Development,3.0,4.0,Medical,2.0,Male,73.0,3.0,3.0,Research Director,3.0,Divorced,13675.0,13523.0,9.0,No,12.0,3.0,1.0,1.0,9.0,3.0,3.0,2.0,2.0,2.0,2.0,4558.333333333333,0.2222222222222222,1.0,1.0,1.0,0
24.0,Travel_Rarely,350.0,Research & Development,21.0,2.0,Technical Degree,3.0,Male,57.0,2.0,1.0,Laboratory Technician,1.0,Divorced,2296.0,10036.0,0.0,No,14.0,3.0,2.0,3.0,2.0,3.0,3.0,1.0,1.0,0.0,0.0,2296.0,0.5,1.0,0.0,0.0,0
50.0,Travel_Rarely,410.0,Sales,28.0,3.0,Marketing,4.0,Male,39.0,2.0,3.0,Sales Executive,1.0,Divorced,10854.0,16586.0,4.0,Yes,13.0,3.0,2.0,1.0,20.0,3.0,3.0,3.0,2.0,2.0,0.0,3618.0,0.15,0.6666666666666666,0.0,0.6666666666666666,1
28.0,Travel_Rarely,1144.0,Sales,10.0,1.0,Medical,4.0,Male,74.0,3.0,1.0,Sales Representative,2.0,Married,1052.0,23384.0,1.0,No,22.0,4.0,2.0,0.0,1.0,5.0,3.0,1.0,0.0,0.0,0.0,1052.0,1.0,0.0,0.0,0.0,0
40.0,Travel_Frequently,692.0,Research & Development,11.0,3.0,Technical Degree,4.0,Female,73.0,3.0,2.0,Laboratory Technician,3.0,Married,6323.0,26849.0,1.0,No,11.0,3.0,1.0,1.0,10.0,2.0,4.0,10.0,9.0,9.0,4.0,3161.5,1.0,0.9,0.4,0.9,0
39.0,Travel_Rarely,466.0,Research & Development,1.0,1.0,Life Sciences,4.0,Female,65.0,2.0,4.0,Manufacturing Director,4.0,Married,12742.0,7060.0,1.0,No,16.0,3.0,3.0,1.0,21.0,3.0,3.0,21.0,6.0,11.0,8.0,3185.5,1.0,0.2857142857142857,0.38095238095238093,0.5238095238095238,0
36.0,Travel_Rarely,1157.0,Sales,2.0,4.0,Life Sciences,3.0,Male,70.0,3.0,1.0,Sales Representative,4.0,Single,2644.0,17001.0,3.0,Yes,21.0,4.0,4.0,0.0,7.0,3.0,2.0,3.0,2.0,1.0,2.0,2644.0,0.42857142857142855,0.6666666666666666,0.6666666666666666,0.3333333333333333,0
46.0,Travel_Rarely,1277.0,Sales,2.0,3.0,Life Sciences,3.0,Male,74.0,3.0,3.0,Sales Executive,4.0,Divorced,10368.0,5596.0,4.0,Yes,12.0,3.0,2.0,1.0,13.0,5.0,2.0,10.0,6.0,0.0,3.0,3456.0,0.7692307692307693,0.6,0.3,0.0,0
35.0,Travel_Frequently,880.0,Sales,12.0,4.0,Other,4.0,Male,36.0,3.0,2.0,Sales Executive,4.0,Single,4581.0,10414.0,3.0,Yes,24.0,4.0,1.0,0.0,13.0,2.0,4.0,11.0,9.0,6.0,7.0,2290.5,0.8461538461538461,0.8181818181818182,0.6363636363636364,0.5454545454545454,1
36.0,Travel_Frequently,566.0,Research & Development,18.0,4.0,Life Sciences,3.0,Male,81.0,4.0,1.0,Laboratory Technician,4.0,Married,3688.0,7122.0,4.0,No,18.0,3.0,4.0,2.0,4.0,2.0,3.0,1.0,0.0,0.0,0.0,3688.0,0.25,0.0,0.0,0.0,0
33.0,Travel_Rarely,924.0,Research & Development,2.0,3.0,Medical,3.0,Male,78.0,3.0,1.0,Laboratory Technician,4.0,Single,2496.0,6670.0,4.0,No,11.0,3.0,4.0,0.0,7.0,3.0,3.0,1.0,1.0,0.0,0.0,2496.0,0.14285714285714285,1.0,0.0,0.0,0
39.0,Travel_Frequently,203.0,Research & Development,2.0,3.0,Life Sciences,1.0,Male,84.0,3.0,4.0,Healthcare Representative,4.0,Divorced,12169.0,13547.0,7.0,No,11.0,3.0,4.0,3.0,21.0,4.0,3.0,18.0,7.0,11.0,5.0,3042.25,0.8571428571428571,0.3888888888888889,0.2777777777777778,0.6111111111111112,1
35.0,Travel_Rarely,750.0,Research & Development,28.0,3.0,Life Sciences,2.0,Male,46.0,4.0,2.0,Laboratory Technician,3.0,Married,3407.0,25348.0,1.0,No,17.0,3.0,4.0,2.0,10.0,3.0,2.0,10.0,9.0,6.0,8.0,1703.5,1.0,0.9,0.8,0.6,0
44.0,Travel_Rarely,1117.0,Research & Development,2.0,1.0,Life Sciences,1.0,Female,72.0,4.0,1.0,Research Scientist,4.0,Married,2011.0,19982.0,1.0,No,13.0,3.0,4.0,1.0,10.0,5.0,3.0,10.0,5.0,7.0,7.0,2011.0,1.0,0.5,0.7,0.7,0
46.0,Travel_Rarely,406.0,Sales,3.0,1.0,Marketing,1.0,Male,52.0,3.0,4.0,Manager,3.0,Married,17465.0,15596.0,3.0,No,12.0,3.0,4.0,1.0,23.0,3.0,3.0,12.0,9.0,4.0,9.0,4366.25,0.5217391304347826,0.75,0.75,0.3333333333333333,0
33.0,Travel_Rarely,1242.0,Sales,8.0,4.0,Life Sciences,1.0,Male,46.0,3.0,2.0,Sales Executive,1.0,Married,6392.0,10589.0,2.0,No,13.0,3.0,4.0,1.0,8.0,6.0,1.0,2.0,2.0,2.0,2.0,3196.0,0.25,1.0,1.0,1.0,0
43.0,Travel_Rarely,823.0,Research & Development,6.0,3.0,Medical,1.0,Female,81.0,2.0,5.0,Manager,3.0,Married,19392.0,22539.0,7.0,No,13.0,3.0,4.0,0.0,21.0,2.0,3.0,16.0,12.0,6.0,14.0,3878.4,0.7619047619047619,0.75,0.875,0.375,0
31.0,Non-Travel,979.0,Research & Development,1.0,4.0,Medical,3.0,Male,90.0,1.0,2.0,Manufacturing Director,3.0,Married,4345.0,4381.0,0.0,No,12.0,3.0,4.0,1.0,6.0,2.0,3.0,5.0,4.0,1.0,4.0,2172.5,0.8333333333333334,0.8,0.8,0.2,0
46.0,Travel_Rarely,1254.0,Sales,10.0,3.0,Life Sciences,3.0,Female,64.0,3.0,3.0,Sales Executive,2.0,Married,7314.0,14011.0,5.0,No,21.0,4.0,3.0,3.0,14.0,2.0,3.0,8.0,7.0,0.0,7.0,2438.0,0.5714285714285714,0.875,0.875,0.0,1
36.0,Travel_Rarely,311.0,Research & Development,7.0,3.0,Life Sciences,1.0,Male,77.0,3.0,1.0,Laboratory Technician,2.0,Single,2013.0,10950.0,2.0,No,11.0,3.0,3.0,0.0,15.0,4.0,3.0,4.0,3.0,1.0,3.0,2013.0,0.26666666666666666,0.75,0.75,0.25,0
23.0,Travel_Rarely,1309.0,Research & Development,26.0,1.0,Life Sciences,3.0,Male,83.0,3.0,1.0,Research Scientist,4.0,Divorced,2904.0,16092.0,1.0,No,12.0,3.0,3.0,2.0,4.0,2.0,2.0,4.0,2.0,0.0,2.0,2904.0,1.0,0.5,0.5,0.0,0
25.0,Travel_Rarely,891.0,Sales,4.0,2.0,Life Sciences,2.0,Female,99.0,2.0,2.0,Sales Executive,4.0,Single,4487.0,12090.0,1.0,Yes,11.0,3.0,2.0,0.0,5.0,3.0,3.0,5.0,4.0,1.0,3.0,2243.5,1.0,0.8,0.6,0.2,0
20.0,Travel_Rarely,959.0,Research & Development,1.0,3.0,Life Sciences,4.0,Female,83.0,2.0,1.0,Research Scientist,2.0,Single,2836.0,11757.0,1.0,No,13.0,3.0,4.0,0.0,1.0,0.0,4.0,1.0,0.0,0.0,0.0,2836.0,1.0,0.0,0.0,0.0,0
39.0,Travel_Rarely,1089.0,Research & Development,6.0,3.0,Life Sciences,2.0,Female,32.0,3.0,3.0,Manufacturing Director,2.0,Single,8376.0,9150.0,4.0,No,18.0,3.0,4.0,0.0,9.0,3.0,3.0,2.0,0.0,2.0,2.0,2792.0,0.2222222222222222,0.0,1.0,1.0,0
36.0,Travel_Rarely,1266.0,Sales,10.0,4.0,Technical Degree,2.0,Female,63.0,2.0,2.0,Sales Executive,3.0,Married,5673.0,6060.0,1.0,Yes,13.0,3.0,1.0,1.0,10.0,4.0,3.0,10.0,9.0,1.0,7.0,2836.5,1.0,0.9,0.7,0.1,0
31.0,Non-Travel,587.0,Sales,2.0,4.0,Life Sciences,4.0,Female,57.0,3.0,3.0,Sales Executive,3.0,Divorced,9852.0,8935.0,1.0,Yes,19.0,3.0,1.0,1.0,10.0,5.0,2.0,10.0,8.0,9.0,6.0,3284.0,1.0,0.8,0.6,0.9,0
37.0,Travel_Rarely,124.0,Research & Development,3.0,3.0,Other,4.0,Female,35.0,3.0,2.0,Healthcare Representative,2.0,Single,4107.0,13848.0,3.0,No,15.0,3.0,1.0,0.0,8.0,3.0,2.0,4.0,3.0,0.0,1.0,2053.5,0.5,0.75,0.25,0.0,0
40.0,Travel_Rarely,300.0,Sales,26.0,3.0,Marketing,3.0,Male,74.0,3.0,2.0,Sales Executive,1.0,Married,8396.0,22217.0,1.0,No,14.0,3.0,2.0,1.0,8.0,3.0,2.0,7.0,7.0,7.0,5.0,4198.0,0.875,1.0,0.7142857142857143,1.0,0
51.0,Travel_Rarely,432.0,Research & Development,9.0,4.0,Life Sciences,4.0,Male,96.0,3.0,1.0,Laboratory Technician,4.0,Married,2075.0,18725.0,3.0,No,23.0,4.0,2.0,2.0,10.0,4.0,3.0,4.0,2.0,0.0,3.0,2075.0,0.4,0.5,0.75,0.0,0
38.0,Travel_Rarely,201.0,Research & Development,10.0,3.0,Medical,2.0,Female,99.0,1.0,3.0,Research Director,3.0,Married,13206.0,3376.0,3.0,No,12.0,3.0,1.0,1.0,20.0,3.0,3.0,18.0,16.0,1.0,11.0,4402.0,0.9,0.8888888888888888,0.6111111111111112,0.05555555555555555,0
32.0,Travel_Rarely,634.0,Research & Development,5.0,4.0,Other,2.0,Female,35.0,4.0,1.0,Research Scientist,4.0,Married,3312.0,18783.0,3.0,No,17.0,3.0,4.0,2.0,6.0,3.0,3.0,3.0,2.0,0.0,2.0,3312.0,0.5,0.6666666666666666,0.6666666666666666,0.0,0
31.0,Travel_Rarely,691.0,Research & Development,5.0,4.0,Technical Degree,3.0,Male,86.0,3.0,1.0,Research Scientist,4.0,Married,4821.0,10077.0,0.0,Yes,12.0,3.0,3.0,1.0,6.0,4.0,3.0,5.0,2.0,0.0,3.0,4821.0,0.8333333333333334,0.4,0.6,0.0,0
33.0,Travel_Rarely,267.0,Research & Development,21.0,3.0,Medical,2.0,Male,79.0,4.0,1.0,Laboratory Technician,2.0,Married,2028.0,13637.0,1.0,No,18.0,3.0,4.0,3.0,14.0,6.0,3.0,14.0,11.0,2.0,13.0,2028.0,1.0,0.7857142857142857,0.9285714285714286,0.14285714285714285,0
41.0,Non-Travel,552.0,Human Resources,4.0,3.0,Human Resources,3.0,Male,60.0,1.0,2.0,Human Resources,2.0,Married,6430.0,20794.0,6.0,No,19.0,3.0,2.0,1.0,10.0,4.0,3.0,3.0,2.0,1.0,2.0,3215.0,0.3,0.6666666666666666,0.6666666666666666,0.3333333333333333,0
32.0,Travel_Rarely,906.0,Sales,7.0,3.0,Life Sciences,4.0,Male,91.0,2.0,2.0,Sales Executive,3.0,Married,5484.0,16985.0,1.0,No,14.0,3.0,3.0,1.0,13.0,3.0,2.0,13.0,8.0,4.0,8.0,2742.0,1.0,0.6153846153846154,0.6153846153846154,0.3076923076923077,0
41.0,Travel_Rarely,918.0,Sales,6.0,3.0,Marketing,4.0,Male,35.0,3.0,3.0,Sales Executive,3.0,Single,9241.0,15869.0,1.0,No,12.0,3.0,2.0,0.0,10.0,3.0,3.0,10.0,8.0,8.0,7.0,3080.3333333333335,1.0,0.8,0.7,0.8,0
43.0,Travel_Frequently,957.0,Research & Development,28.0,3.0,Medical,2.0,Female,72.0,4.0,1.0,Research Scientist,3.0,Single,4739.0,16090.0,4.0,No,12.0,3.0,4.0,0.0,18.0,2.0,3.0,3.0,2.0,1.0,2.0,4739.0,0.16666666666666666,0.6666666666666666,0.6666666666666666,0.3333333333333333,0
22.0,Travel_Rarely,594.0,Research & Development,2.0,1.0,Technical Degree,3.0,Male,100.0,3.0,1.0,Laboratory Technician,4.0,Married,2523.0,19299.0,0.0,No,14.0,3.0,3.0,1.0,3.0,2.0,3.0,2.0,1.0,2.0,1.0,2523.0,0.6666666666666666,0.5,0.5,1.0,0
40.0,Travel_Rarely,759.0,Sales,2.0,2.0,Marketing,4.0,Female,46.0,3.0,2.0,Sales Executive,2.0,Divorced,5715.0,22553.0,7.0,No,12.0,3.0,3.0,2.0,8.0,5.0,3.0,5.0,4.0,1.0,3.0,2857.5,0.625,0.8,0.6,0.2,0
24.51102751801642,Travel_Rarely,1146.1600277861216,Research & Development,10.0,3.0,Life Sciences,3.4388784397520524,Female,60.57719262611493,2.0,1.0,Research Scientist,1.0,Single,1849.6118984750278,14721.72149667289,3.1943921987602617,No,16.072149078264367,3.4388784397520524,1.8777568795041046,0.0,1.8777568795041046,5.561121560247948,2.4388784397520524,0.5611215602479477,0.0,0.5611215602479477,0.0,1849.6118984750278,0.5611215602479477,0.0,0.0,0.5611215602479477,1
35.0,Travel_Frequently,1083.8614401486436,Sales,6.96638419386065,3.370798024232581,Other,4.0,Male,67.46009878837094,3.0,2.629201975767419,Sales Executive,2.112394072697744,Single,7727.639080812862,10363.03463996284,1.1123940726977437,Yes,22.741596048465162,4.0,1.0,0.0,10.483192096930324,2.0,3.370798024232581,9.112394072697743,7.741596048465162,4.741596048465162,7.0,2858.9839851058628,0.87304281947724,0.8539319304413306,0.7865141078535886,0.5168544556469354,1
21.263328798244128,Travel_Rarely,651.0449342198222,Research & Development,8.47334240351174,1.7366712017558703,Life Sciences,4.0,Male,83.4717188201925,2.631664399122065,1.0,Research Scientist,1.631664399122065,Single,2519.1469569123756,23212.720607937183,1.0,Yes,20.05331519297652,3.631664399122065,1.0,0.0,1.0,2.0,3.0,1.0,0.0,0.0,0.0,2519.1469569123756,1.0,0.0,0.0,0.0,1
33.38284203172981,Travel_Frequently,886.9237536169427,Sales,15.382842031729808,4.0,Life Sciences,3.691421015864904,Male,83.30281558725697,1.154289492067548,1.0,Research Scientist,1.0,Married,2264.724679173492,14461.542894920676,1.0,Yes,22.22855253966226,3.845710507932452,2.154289492067548,1.0,4.382842031729808,2.0,3.154289492067548,4.382842031729808,1.6914210158649043,2.5371315237973566,0.0,2264.724679173492,1.0,0.3382842031729809,0.0,0.5074263047594713,1
54.8542295573556,Travel_Rarely,275.51409852451866,Research & Development,2.0,2.4271147786778013,Marketing,2.4271147786778013,Male,44.63167191812572,1.9514098524518675,5.0,Research Director,3.0485901475481327,Married,19560.052749190665,25805.565081270797,3.8542295573556027,Yes,13.572885221322199,3.0,4.0,0.5242950737740663,36.32993448358154,2.5242950737740664,3.0,31.524295073774066,14.475704926225934,9.329934483581535,8.524295073774066,3912.010549838133,0.8770786620908599,0.45955889778870257,0.2702205511056487,0.2977944889435129,1
51.26226216933192,Travel_Frequently,780.3049481226492,Research & Development,6.287651346788779,3.3874783790301746,Life Sciences,3.3874783790301746,Male,62.2386026694611,1.774956758060349,4.387478379030174,Sales Executive,2.6125216209698254,Single,15380.988571680402,24782.80297131119,7.0,Yes,11.387478379030174,3.0,3.3874783790301746,0.0,30.812175685452615,2.6125216209698254,1.774956758060349,26.099827032241397,8.874783790301745,13.612521620969826,9.225043241939652,3472.3766987793633,0.8638156350406248,0.32064641236428215,0.36630816864263394,0.5353301806885364,1
48.465103217153775,Travel_Frequently,925.6708127153391,Sales,4.508335503648514,3.780729031021968,Technical Degree,3.780729031021968,Male,71.57134833394463,2.780729031021968,1.780729031021968,Sales Executive,3.0,Married,4225.650210071329,16886.133107620553,4.315625813868193,Yes,14.438541937956064,3.0,4.0,0.2192709689780321,5.219270968978032,4.0,3.0,0.2192709689780321,0.0,0.0,0.0,2380.006780735396,0.036545161496338685,0.0,0.0,0.0,1
29.0,Travel_Rarely,711.4636697604537,Research & Development,1.0,3.365281679999409,Technical Degree,2.2694366400011816,Male,90.47922519999113,2.634718320000591,1.0,Research Scientist,2.2694366400011816,Single,2169.0456307198206,15304.5816024872,2.191690079996455,No,13.63471832000059,3.0,3.634718320000591,0.0,8.461126719997637,1.3652816799994092,1.6347183200005908,7.095845039998228,3.826408399997046,0.6347183200005908,5.730563359998818,2169.0456307198206,0.8429111033766464,0.4956807466664041,0.8130399066666996,0.10578638666676513,1
39.70181845759602,Travel_Frequently,268.0351770705647,Research & Development,4.3393948586534075,3.0,Life Sciences,1.4678789717306815,Male,74.64242056538637,3.0,4.0,Sales Executive,3.2981815424039778,Single,12540.729843040026,10950.271706894717,5.362423598942614,Yes,11.23393948586534,3.0,3.5321210282693185,2.2981815424039778,21.233939485865342,3.5321210282693185,2.7660605141346593,18.701818457596023,7.4678789717306815,11.46787897173068,7.105455372788066,3135.1824607600065,0.8799291707011695,0.3981722018200532,0.36875424450318806,0.612967773697344,1
41.58226500065845,Travel_Frequently,774.2472030351875,Research & Development,12.396285385324486,3.3719592306679305,Life Sciences,1.3719592306679307,Female,78.02144961401706,3.1859796153339652,3.0,Manufacturing Director,3.6280407693320695,Single,7879.058844642331,13118.320858722083,1.0,No,11.0,3.0,3.442061153998104,0.8140203846660347,10.0,2.0,3.0,10.0,7.185979615333966,0.7439184613358614,5.3719592306679305,2626.3529482141103,1.0,0.7185979615333965,0.5371959230667931,0.07439184613358613,1
22.303679624922264,Travel_Rarely,401.9324664972015,Sales,7.0,1.607359249844528,Life Sciences,3.696320375077736,Male,82.28831099813434,3.0,1.0,Sales Representative,2.607359249844528,Divorced,2412.175113890314,25791.66085095188,1.0,Yes,22.392640750155472,4.0,1.303679624922264,0.30367962492226397,1.607359249844528,2.0,3.0,1.607359249844528,0.6073592498445279,0.0,0.6073592498445279,2412.175113890314,1.0,0.2024530832815093,0.2024530832815093,0.0,1
46.36006483495325,Travel_Frequently,680.603890097195,Sales,26.817161381415215,2.182838618584786,Life Sciences,2.182838618584786,Female,75.17161381415214,3.817161381415214,2.0914193092923927,Sales Executive,2.9085806907076073,Single,6643.557877161584,10969.427556880342,3.817161381415214,Yes,12.0,3.0,3.9085806907076073,0.0,8.091419309292393,2.0,3.0,5.0,4.0,1.0,2.725742072122821,3183.2177387966217,0.6186514368546949,0.8,0.5451484144245642,0.2,1
38.92862636198226,Travel_Rarely,1221.375648180945,Research & Development,6.41561437926305,3.0973976034561583,Technical Degree,1.0,Male,75.62973529331627,2.9026023965438417,1.0,Research Scientist,1.0,Single,2185.089930277407,3750.8944650160934,3.292192810368475,Yes,13.902602396543841,3.0,2.0973976034561583,0.0,10.097397603456159,2.9026023965438417,1.0,4.486988017280792,2.486988017280792,0.0,3.3895904138246333,2185.089930277407,0.44072990689984803,0.5270548898489329,0.7527054889848933,0.0,1
30.567906960224896,Travel_Rarely,233.97627627800748,Research & Development,25.975348721574274,2.4320930397751037,Life Sciences,2.1358139204497926,Male,61.06186008517261,2.4320930397751037,1.0,Laboratory Technician,2.4320930397751037,Single,2896.9706754229355,11603.173486505413,1.7283721591004149,No,11.0,3.0,2.0,0.0,6.432093039775104,2.0,3.5679069602248963,5.0,3.1358139204497926,0.5679069602248963,2.703720880674689,2896.9706754229355,0.7818936857410591,0.6271627840899585,0.5407441761349379,0.11358139204497926,1
21.722620944330234,Travel_Frequently,779.7019669740317,Human Resources,3.745959588454891,1.144524188866047,Technical Degree,1.4335725665981407,Female,94.66427433401859,2.144524188866047,1.0,Human Resources,2.0,Single,2170.2423710894827,8823.230808973867,0.8554758111339531,Yes,11.0,3.0,3.0,0.0,3.4335725665981407,3.0,3.0,3.289048377732094,1.855475811133953,1.0,2.289048377732094,2170.2423710894827,0.9759126351889922,0.5992220451958448,0.6859365585154729,0.3140634414845271,1
50.12432236027566,Travel_Rarely,441.4121163629844,Sales,27.83423685296578,3.041440786758555,Life Sciences,3.875677639724336,Male,40.11890124248097,2.041440786758555,3.0,Sales Executive,1.0,Divorced,10837.175040576027,16140.801627852847,4.08288157351711,Yes,13.0,3.0,2.0,0.9585592132414453,19.792796066207227,2.958559213241445,2.958559213241445,2.958559213241445,2.0,2.0,0.08288157351710934,3612.391680192009,0.14930932022069074,0.6804802622528515,0.04144078675855467,0.6804802622528515,1
25.13580530473515,Travel_Rarely,1049.5536532879119,Research & Development,13.606488924929765,1.2669756630918936,Medical,3.733024336908106,Male,87.12653541197834,2.0,1.0,Laboratory Technician,2.733024336908106,Single,3852.842411823134,18200.83942593702,0.7330243369081064,Yes,11.0,3.0,1.2669756630918936,0.0,5.266975663091894,2.0,3.266975663091894,5.0,4.0,1.0,2.533951326183787,3852.842411823134,0.955504056151351,0.8,0.5067902652367575,0.2,1
42.80566684751012,Travel_Rarely,908.3823956985076,Research & Development,22.914242588645564,3.0,Medical,3.8914242588645562,Male,44.628636117031654,3.0,1.0,Laboratory Technician,3.1085757411354438,Divorced,3082.2825876768034,20162.015326990902,3.217151482270887,Yes,21.022818329781007,3.8914242588645562,3.8914242588645562,1.0,17.80566684751012,0.2171514822708871,1.0,1.4343029645417742,0.4343029645417742,0.0,0.4343029645417742,3082.2825876768034,0.1147769044656815,0.08686059290835485,0.08686059290835485,0.0,1
24.96258744382382,Travel_Rarely,1227.5674753643452,Research & Development,3.8877623314714604,1.0,Technical Degree,3.8877623314714604,Female,33.122376685285396,3.0,1.0,Laboratory Technician,3.9251748876476404,Single,3672.705260029848,5254.743863111714,1.0,Yes,15.03741255617618,3.0,2.0,0.9625874438238202,6.96258744382382,3.0374125561761796,3.9625874438238204,6.925174887647641,6.850349775295281,4.850349775295281,5.925174887647641,3672.705260029848,0.9937645739706367,0.9850349775295281,0.8550049967899326,0.6950449711093932,1
34.53579054340562,Travel_Rarely,1043.8763345095983,Research & Development,20.136663279215547,3.0,Medical,1.7678952717028082,Male,58.83947635851404,2.255965090567603,1.0,Laboratory Technician,1.7440349094323973,Married,2336.292823241652,3328.3142686435594,4.767895271702808,Yes,20.255965090567603,4.0,2.5119301811352055,0.0,5.767895271702808,0.5119301811352055,2.4880698188647945,2.0,2.0,2.0,2.0,2336.292823241652,0.3616052364148596,1.0,1.0,1.0,1
36.38519368392778,Travel_Rarely,346.1541109223654,Sales,24.868932793957264,2.893446639697863,Life Sciences,3.106553360302137,Male,85.17208696332351,3.0,1.893446639697863,Sales Representative,3.893446639697863,Married,5476.504488165852,13305.318512750657,1.106553360302137,Yes,17.25412647788504,3.0,3.893446639697863,0.2131067206042736,10.958980242719232,2.106553360302137,3.0,9.893446639697864,7.0,7.0,7.0,2879.7018298840126,0.9439192840515069,0.708287483579055,0.708287483579055,0.708287483579055,1
42.87362630106756,Travel_Rarely,1354.9395506441203,Sales,8.494505204270233,2.936813150533779,Marketing,1.0631868494662209,Female,85.568681645196,1.1263736989324415,2.0,Sales Executive,3.063186849466221,Single,5386.881891604645,10120.236626167545,8.0,No,12.873626301067558,3.0,1.9368131505337791,0.0,7.063186849466221,1.8736263010675585,1.9368131505337791,4.126373698932442,3.063186849466221,0.9368131505337792,3.1263736989324418,2693.4409458023224,0.5827119374046823,0.7447344292111483,0.7552655707888517,0.2342032876334448,1
47.413560401901044,Travel_Rarely,1031.851046753795,Sales,4.723884074801138,2.6206473458001893,Marketing,1.6896763270999053,Male,89.13805796259943,2.6206473458001893,3.3103236729000947,Human Resources,1.6206473458001895,Married,11479.069961028004,4483.059850328558,8.069028981299716,No,14.930971018700284,3.0,3.6896763270999053,0.6896763270999052,24.0,1.3103236729000947,2.6896763270999053,19.689676327099907,6.310323672900095,3.0,6.620647345800189,3472.1997619787685,0.8204031802958294,0.32123267235632225,0.3375654972458009,0.15244992373342178,1
21.583822560170905,Travel_Rarely,155.9249835229054,Sales,4.121832504628531,3.0,Marketing,1.3654975138855934,Male,77.90837476857344,3.0,1.0,Sales Representative,1.2436650092570622,Single,2958.136434435319,12537.970197143128,1.0,Yes,18.269004972228814,3.0,2.0,0.0,1.0,2.0,3.0,1.0,0.0,0.0,0.0,2958.136434435319,1.0,0.0,0.0,0.0,1
38.13372337444759,Travel_Rarely,638.0364149579282,Research & Development,1.8762461963496553,2.8762461963496553,Life Sciences,1.0,Female,51.52492392699311,1.8762461963496553,1.1237538036503447,Sales Executive,1.1237538036503447,Single,4028.2754994759143,16558.023352424167,2.4950152146013784,Yes,22.009969570797242,3.8762461963496553,2.0,0.0,10.876246196349655,2.0,3.8762461963496553,0.8762461963496554,0.0,0.0,0.0,3611.5345656833792,0.07965874512269594,0.0,0.0,0.0,1
28.12429745693128,Travel_Rarely,992.6175951764571,Sales,1.0994379655450253,3.0,Medical,1.074578474158769,Male,44.72654559475118,2.0248594913862563,1.0,Laboratory Technician,2.0248594913862563,Single,2602.3391703034954,7209.47038785865,1.0,Yes,14.950281017227487,3.0,1.0248594913862563,1.9502810172274874,1.0,2.0,3.0,1.0,0.0,0.0,0.0,2602.3391703034954,1.0,0.0,0.0,0.0,1
28.456691902968622,Travel_Frequently,268.90856686036403,Research & Development,7.021804578064854,2.8043609156129707,Medical,1.1956390843870293,Female,41.04300703793305,2.1956390843870293,1.0,Research Scientist,2.3912781687740585,Single,1321.256837991205,21510.354637785033,1.0,Yes,12.0,3.0,3.0,0.0,0.8043609156129707,2.8043609156129707,4.0,0.8043609156129707,0.0,0.0,0.0,1321.256837991205,0.8043609156129707,0.0,0.0,0.0,1
19.818047462100033,Travel_Rarely,191.852560316299,Sales,10.424063282800043,2.2120316414000216,Medical,3.0,Male,86.06015820700011,3.606015820700011,1.0,Laboratory Technician,2.393984179299989,Single,2396.084846408409,20746.98372842633,1.0,No,13.818047462100033,3.0,4.0,0.0,0.6060158207000109,0.0,3.0,0.6060158207000109,0.0,0.0,0.0,2396.084846408409,0.6060158207000109,0.0,0.0,0.0,1
33.752160437048644,Non-Travel,1225.9360799397043,Research & Development,17.76080218524321,3.0,Medical,1.4956791259027162,Male,64.76944393343777,3.7521604370486417,1.7521604370486419,Sales Executive,4.0,Married,4593.196133455505,8988.448832959912,7.256481311145926,Yes,13.0,3.0,2.2478395629513583,0.24783956295135812,8.752160437048643,2.7521604370486417,1.7521604370486419,5.0,2.4956791259027162,0.0,4.0,2598.4666544025067,0.5727666363160665,0.4991358251805433,0.8,0.0,1
32.20698793468333,Travel_Rarely,177.8596523939297,Research & Development,2.0,3.0,Life Sciences,1.0,Female,65.2759839129111,3.0,1.0,Laboratory Technician,1.0,Divorced,2064.0692904344296,23120.59722085391,2.551673369620372,Yes,12.62066934784815,3.0,3.379330652151851,1.0,2.551673369620372,2.0,3.0,1.6206693478481489,0.6206693478481489,0.31033467392407443,0.6206693478481489,2064.0692904344296,0.8448326630379628,0.20688978261604962,0.20688978261604962,0.10344489130802481,1
36.69856588374341,Travel_Rarely,537.8588661921134,Sales,6.318187947781201,1.1746414709358528,Marketing,3.0,Male,53.9689050059095,2.0,2.825358529064147,Sales Executive,3.825358529064147,Married,9636.039397158062,5621.387750794025,1.1746414709358528,Yes,11.174641470935853,3.0,1.0,1.1746414709358528,14.602868232513178,6.0,3.0,14.253585290641473,6.476075587192442,2.6507170581282944,5.777509703449031,3397.715229814477,0.9563396322660368,0.4775220037561329,0.3610943564655644,0.18386163602216973,1
29.565249379872082,Travel_Frequently,476.215315246302,Sales,11.956524937987208,3.956524937987208,Life Sciences,2.086950124025584,Female,75.04340148830701,2.0,1.0,Sales Representative,1.0,Married,2057.650360161253,14635.422610958673,1.0,No,17.869574813961624,3.0,2.913049875974416,0.9565249379872081,1.0,2.0,3.956524937987208,1.0,0.0,0.0,0.0,2057.650360161253,1.0,0.0,0.0,0.0,1
25.406687611614863,Travel_Rarely,629.1965551624037,Sales,23.389968582577705,1.0,Medical,3.0,Male,74.3217347377483,1.1016719029037159,1.0,Research Scientist,4.0,Single,1247.224988590623,8743.671239996618,1.0,Yes,13.898328097096284,3.0,3.898328097096284,0.0,1.305015708711148,3.898328097096284,2.898328097096284,1.305015708711148,0.3050157087111479,0.898328097096284,0.10167190290371597,1247.224988590623,1.0,0.07625392717778698,0.025417975725928993,0.898328097096284,1
28.117910163085316,Travel_Rarely,818.6723924721776,Research & Development,4.969404266116079,2.0,Marketing,2.220522459228671,Female,36.0,2.0,1.0,Laboratory Technician,1.220522459228671,Married,2339.729111167495,9359.306458799978,1.0,Yes,12.543657214600698,3.0,3.779477540771329,1.4410449184573422,1.0,1.220522459228671,3.0,1.0,0.0,0.0,0.0,2339.729111167495,1.0,0.0,0.0,0.0,1
36.16262037257734,Travel_Rarely,1350.1055879508247,Research & Development,14.674759254845322,3.0,Life Sciences,1.0,Male,69.16262037257734,3.63956327123711,1.63956327123711,Laboratory Technician,2.9186898137113304,Single,4172.949545142052,4178.746575134325,6.19781635618555,Yes,13.36043672876289,3.0,2.0,0.0,9.36043672876289,3.0,1.63956327123711,4.63956327123711,2.0,0.0,3.63956327123711,2476.8277498212356,0.4994876199702172,0.436043672876289,0.7819781635618556,0.0,1
35.41517671754236,Travel_Frequently,752.3662737081557,Research & Development,11.446431043276853,1.758928159453858,Marketing,1.620535920273071,Male,65.92857472436914,1.758928159453858,1.379464079726929,Research Scientist,1.379464079726929,Single,5981.7667373955865,6531.646316828233,1.0,No,20.482143681092285,3.620535920273071,2.379464079726929,0.0,9.241071840546143,5.0,3.0,9.241071840546143,3.897320398634645,6.379464079726929,7.0,4206.823504472875,1.0,0.4561382538156771,0.7664062139522125,0.7043526219249054,1
31.26293670280051,Travel_Rarely,578.9449425708927,Sales,3.610349362240408,3.0,Marketing,2.957762021680306,Male,37.82153925383888,2.652587340560102,1.0,Sales Representative,2.652587340560102,Divorced,2762.409771842826,8458.648807714602,1.0,Yes,13.694825318879795,3.0,1.652587340560102,0.6948253188797959,1.0,2.0,3.0,1.0,0.0,0.0,0.0,2762.409771842826,1.0,0.0,0.0,0.0,1
42.54686878968302,Travel_Rarely,479.7274895237929,Research & Development,2.717336884920071,2.132102837301544,Medical,3.0,Male,93.5837836706367,3.0,1.0,Laboratory Technician,2.2642056746030876,Divorced,2354.4176667063452,12552.66107204317,1.5284113492061757,Yes,12.132102837301543,3.0,3.0,2.7357943253969124,6.264205674603088,2.0,1.8678971626984562,5.0,3.132102837301544,1.7357943253969121,3.132102837301544,2354.4176667063452,0.8058119088955117,0.6264205674603087,0.6264205674603087,0.34715886507938243,1
20.187364008932708,Travel_Frequently,647.5130951925165,Sales,1.4063179955336458,1.4063179955336458,Technical Degree,1.0,Male,79.90305420991865,2.0,1.0,Sales Representative,2.8126359910672916,Single,2332.464018258122,12923.47522452097,1.0,Yes,11.406317995533646,3.0,3.0,0.0,2.1873640089327084,3.0,3.406317995533646,2.1873640089327084,1.1873640089327082,0.5936820044663541,1.1873640089327082,2332.464018258122,1.0,0.3957880029775694,0.3957880029775694,0.1978940014887847,1
23.045345719692907,Travel_Rarely,1201.4118532466139,Human Resources,15.785543273803139,3.0,Medical,2.6948518344173253,Female,80.59802445889767,2.0,1.0,Research Scientist,1.4350493885275581,Married,2714.417989182748,18831.863217315273,1.0,Yes,13.694851834417326,3.0,1.0,0.0,1.0,2.0,3.0,1.0,0.0,0.0,0.0,2714.417989182748,1.0,0.0,0.0,0.0,1
29.760532822997753,Travel_Rarely,897.0003031719872,Research & Development,5.514405358523579,3.0,Life Sciences,3.8802664114988774,Female,83.45012363695733,2.8802664114988774,1.0,Laboratory Technician,1.2394671770022456,Single,2581.6875728327936,9081.75018710843,5.0,Yes,11.359200765503369,3.0,2.8802664114988774,0.0,7.760532822997755,4.880266411498877,3.0,4.880266411498877,2.0,0.0,3.8802664114988774,2581.6875728327936,0.6299888995208801,0.4119733588501123,0.7940133205749439,0.0,1
35.05012858828261,Travel_Frequently,1195.9154896775706,Research & Development,10.662274970505434,3.287596441211957,Life Sciences,2.7625321470706523,Female,79.62532147070652,1.7625321470706523,1.0,Research Scientist,1.0,Single,3528.583540699826,6438.636598997853,5.575192882423914,Yes,22.76253214707065,4.0,2.0,0.0,10.0,4.237467852929347,3.0,6.187339264646738,2.7625321470706523,1.4248071175760861,3.9498714117173908,3528.583540699826,0.6187339264646738,0.505012858828261,0.6237467852929347,0.14248071175760862,1
38.567171378096404,Travel_Frequently,408.44863407881485,Sales,7.243771495871465,2.459371417354756,Marketing,1.270314291322622,Female,60.32502866116195,2.459371417354756,1.729685708677378,Research Scientist,1.729685708677378,Single,7885.571512370227,8239.677201219572,1.0,No,19.081257165290488,3.270314291322622,2.729685708677378,0.0,8.540628582645244,5.0,3.0,8.540628582645244,5.64842854338689,6.729685708677378,7.0,4472.466610031791,1.0,0.6925378533572302,0.8276949990185412,0.800663569886279,1
46.459778496178465,Travel_Rarely,660.0161762270983,Sales,9.369571544340827,2.1184785772170414,Medical,3.8815214227829586,Male,93.69673565061254,3.0,1.1184785772170414,Sales Executive,3.1184785772170414,Married,3029.1553468514167,11947.574467284256,1.8815214227829586,Yes,11.829350040519289,3.0,3.1184785772170414,1.7630428455659173,17.93369280504663,2.8815214227829586,3.0,9.118478577217042,7.0,7.0,7.0,2684.7973621700858,0.5360413564300217,0.7685627773275635,0.7685627773275635,0.7685627773275635,1
52.38817851846229,Travel_Frequently,893.5317886560982,Research & Development,2.29535902534409,1.2953590253440899,Life Sciences,4.0,Female,52.27425559449456,2.29535902534409,1.2953590253440899,Sales Executive,3.70464097465591,Divorced,3224.1360944334087,14681.807557361932,7.523204873279551,Yes,15.18143610137636,3.0,3.1139229239677304,0.7046409746559101,5.658231228096809,3.0,2.0,1.0,0.0,0.0,0.0,2450.5908070572373,0.25949357699731085,0.0,0.0,0.0,1
39.457464994175375,Non-Travel,1373.1609156213597,Human Resources,7.5298940708728965,2.0,Technical Degree,2.0,Male,85.60573968058326,2.0,3.0,Healthcare Representative,1.0,Married,9982.321149359292,5173.317723338447,6.728732497087688,No,13.432183124271923,3.0,3.148274686407883,0.716091562135961,20.025281869903456,1.283908437864039,2.716091562135961,17.16091562135961,6.283908437864039,2.432183124271922,6.851725313592117,3327.4403831197637,0.8806514063106732,0.4135633751456156,0.47034506271842336,0.13580457810679805,1
31.03668776783541,Travel_Rarely,736.3209853398141,Research & Development,1.9633122321645882,3.240828058041147,Life Sciences,3.759171941958853,Male,59.11006330350624,2.240828058041147,1.0,Laboratory Technician,3.0,Single,3660.4006912261084,9958.251517330165,0.24082805804114704,Yes,13.759171941958853,3.0,3.759171941958853,0.0,3.518343883917706,2.240828058041147,1.240828058041147,2.759171941958853,2.0,1.240828058041147,2.0,3660.4006912261084,0.8102070145102868,0.7469426860137156,0.7469426860137156,0.4938853720274313,1
25.84740142118182,Travel_Rarely,1105.2537306690565,Research & Development,18.0,1.0,Medical,3.3940748223522723,Female,77.72442873060228,2.3940748223522723,1.0,Research Scientist,4.0,Single,2508.798745995091,12560.690257052309,1.0,Yes,15.364448934113634,3.0,2.2118503552954554,0.0,2.817775532943183,3.0,2.0,2.817775532943183,1.817775532943183,0.0,0.6059251776477277,2508.798745995091,1.0,0.45444388323579576,0.15148129441193192,0.0,1
37.106257157480016,Travel_Frequently,223.6474336171886,Sales,22.083643935796896,3.675960437310766,Medical,4.0,Female,95.83798021865539,3.0,1.0,Research Scientist,2.162019781344617,Divorced,2124.5585215911424,15822.639625289026,1.162019781344617,Yes,17.703841749243065,3.0,1.3240395626892338,1.162019781344617,11.458178032101552,3.0,2.162019781344617,9.837980218655384,2.810098906723084,7.0,7.8379802186553835,2124.5585215911424,0.9147264308712543,0.29361142922133426,0.7963995604145641,0.7126015385490257,1
37.46924218387032,Travel_Rarely,1049.7545361598557,Sales,4.919167988713223,3.530757816129677,Medical,2.7346210919351615,Male,84.98068362097257,2.7346210919351615,2.0,Manufacturing Director,1.7346210919351615,Divorced,5194.4196234149285,7919.705802605163,4.2653789080648385,No,11.530757816129677,3.0,1.2653789080648385,2.2653789080648385,9.388410172583546,2.2653789080648385,3.0,4.203863275805485,2.0,1.2653789080648385,3.469242183870323,2597.2098117074643,0.5579017148903631,0.5592273448389031,0.8530757816129677,0.4123031264518707,1
27.579271443165915,Travel_Rarely,1381.6522304624164,Research & Development,2.579271443165914,1.1158542886331828,Life Sciences,3.115854288633183,Male,84.3048742682009,3.0,1.1158542886331828,Sales Representative,1.2317085772663656,Married,3254.4035996623224,17098.937021827056,0.11585428863318281,No,11.810980020432279,3.0,1.8841457113668172,1.0,5.579271443165914,3.0,3.0,4.695125731799097,3.115854288633183,0.11585428863318281,1.8841457113668172,2971.545353964407,0.8231708577266366,0.709450998978386,0.45365828454672685,0.011585428863318287,1
25.71034740016545,Travel_Rarely,1349.8552669560804,Research & Development,6.144826299917275,3.4275868500413624,Technical Degree,1.8551737000827253,Female,52.86206574979319,3.0,1.0,Laboratory Technician,3.0,Married,3123.3107017729562,12889.942905226368,1.0,Yes,14.717239449875912,3.0,3.5724131499586376,0.5724131499586373,4.289652599834549,3.5724131499586376,2.5724131499586376,4.289652599834549,2.5724131499586376,1.4275868500413627,2.0,3123.3107017729562,1.0,0.7137934250206813,0.6183912333609084,0.5229890417011356,1
20.0,Travel_Rarely,636.7468866422274,Sales,5.558469169128594,3.0,Medical,3.508352738446942,Female,51.54176369223471,2.508352738446942,1.0,Sales Representative,3.508352738446942,Single,2185.830414026697,19588.014276747672,1.0,No,13.508352738446941,3.0,2.9832945231061156,0.0,2.0,3.0,2.508352738446942,2.0,2.0,0.0,2.0,2185.830414026697,1.0,1.0,1.0,0.0,1
35.55759617807216,Travel_Rarely,1001.5313754121763,Research & Development,11.44240382192784,3.0,Life Sciences,2.269258234836526,Male,63.480563238726056,3.0,1.0,Laboratory Technician,2.903887352254789,Single,2337.349861702931,15276.373698637528,4.269258234836526,Yes,13.365370882581736,3.0,2.634629117418263,0.634629117418263,8.730741765163474,2.365370882581737,1.0,4.634629117418263,3.269258234836526,0.0,3.634629117418263,2337.349861702931,0.5427915514191092,0.6903887352254789,0.7817314558709132,0.0,1
46.390514108732624,Travel_Frequently,732.7181928764882,Research & Development,2.804742945633688,4.0,Life Sciences,2.451185736408422,Male,93.77440713179578,3.0,2.0,Laboratory Technician,2.548814263591578,Divorced,6416.230656141781,12439.654189560715,6.3232213953873675,No,13.127964341021055,3.0,3.774407131795789,1.774407131795789,11.774407131795789,3.0,2.774407131795789,6.225592868204211,2.548814263591578,0.0,2.353557209225266,3208.1153280708904,0.5307626638460288,0.41943111849849607,0.3546607235035092,0.0,1
33.41149082892066,Travel_Rarely,1126.1079244266834,Sales,6.411490828920659,3.56858180482011,Technical Degree,3.43141819517989,Female,84.58850917107934,2.43141819517989,1.0,Research Scientist,1.0,Single,3083.436353615082,7663.326566432427,6.13716360964022,Yes,17.822981657841318,3.56858180482011,2.43141819517989,0.0,9.13716360964022,4.43141819517989,3.0,5.0,2.56858180482011,0.0,3.43141819517989,3083.436353615082,0.5539272743974862,0.513716360964022,0.686283639035978,0.0,1
27.000647946180816,Travel_Rarely,1432.1891145041623,Research & Development,15.399611232291509,4.0,Medical,1.2001295892361634,Male,45.20012958923616,3.0,1.2001295892361634,Sales Executive,1.7998704107638366,Divorced,2745.241035979264,13646.054255917916,2.0,No,13.800518356944654,3.0,3.7998704107638366,0.7998704107638365,5.800518356944654,2.0,2.599740821527673,3.0,1.7998704107638366,0.20012958923616353,2.0,2321.666760360924,0.546632109537023,0.5999568035879455,0.6666666666666666,0.06670986307872118,1
26.326959675987634,Travel_Rarely,849.2217943297836,Research & Development,12.31978931147372,1.0,Technical Degree,2.3317399189969086,Male,90.34369052652009,2.0,1.0,Sales Representative,3.3317399189969086,Single,2317.1620412921675,13019.370334645517,1.0,Yes,12.331739918996908,3.0,3.0,0.0,3.6658699594984543,3.0,2.3341300405015457,3.6658699594984543,2.6658699594984543,0.3341300405015458,1.3341300405015457,2317.1620412921675,1.0,0.7221558299582045,0.38922085020897745,0.11137668016718194,1
38.40336163178032,Travel_Rarely,557.0378183575286,Sales,14.415967750956536,1.6008404079450809,Marketing,3.0,Male,61.214286935066376,2.0,2.399159592054919,Sales Executive,3.399159592054919,Married,7954.684590656656,5873.697521503488,1.6008404079450809,Yes,11.60084040794508,3.0,1.0,1.6008404079450809,11.193276736439353,6.0,3.0,9.99159592054919,5.197478776164758,1.7983191841098383,2.794117144384434,3290.455164000488,0.8497898980137297,0.5751925934874144,0.17463232152402713,0.17498249150114414,1
38.4297837322911,Non-Travel,1040.02872425501,Research & Development,20.429783732291096,2.1635250854909494,Medical,1.6121583048363504,Male,68.41093424523679,3.0,3.0,Manager,2.6121583048363504,Married,12927.010774816812,19053.083832706463,4.672949829018101,Yes,12.0,3.0,4.0,0.38784169516364975,13.060791524181752,2.0,3.2243166096727007,8.16352508549095,6.38784169516365,7.775683390327299,7.775683390327299,4309.003591605604,0.6735155707539465,0.7961963050457121,0.961215830483635,0.961215830483635,1
46.0,Travel_Rarely,813.0776420322493,Sales,14.884336291687067,2.5559694280284484,Medical,3.4440305719715516,Female,64.8880611439431,3.0,2.5559694280284484,Healthcare Representative,2.0,Married,8029.777282018141,12603.867117422153,4.555969428028448,No,21.444030571971552,4.0,3.4440305719715516,2.111938856056897,13.555969428028448,2.0,3.4440305719715516,8.444030571971552,7.0,1.3320917159146548,7.0,3337.161908242392,0.6251025966119458,0.8318303610583214,0.8318303610583214,0.14801019065718385,1
44.938653868380804,Travel_Rarely,852.7004683777026,Human Resources,10.386538683808025,2.0,Medical,2.9386538683808023,Male,79.26682664523997,2.469326934190401,2.530673065809599,Human Resources,1.4693269341904012,Married,9751.727290399736,6322.788171565457,6.653365329047993,No,17.75461547352321,3.469326934190401,4.0,1.0,18.837403723905588,1.4693269341904012,3.469326934190401,14.837403723905586,6.469326934190401,3.0,6.469326934190401,3948.7777992304987,0.7671462015885332,0.5242339796687473,0.5242339796687473,0.2360432712682402,1
45.01342004829867,Travel_Rarely,941.7474452865281,Sales,12.466449879253332,3.0,Medical,2.013420048298667,Female,68.43960978265599,3.0,3.0,Healthcare Representative,2.986579951701333,Married,7641.544543964843,14042.570558454443,3.0268400965973337,No,16.067100241493335,3.506710024149333,3.493289975850667,2.013420048298667,12.026840096597333,2.0,3.0,8.986579951701334,7.0,0.0,6.013420048298666,2547.1815146549475,0.7828385610788571,0.7886742542261334,0.6900162590560001,0.0,1
32.900174845202166,Travel_Rarely,1021.3613630288677,Human Resources,20.433741305471713,3.3666083849326123,Marketing,1.6333916150673877,Female,52.898426393180536,3.0,3.0,Sales Executive,1.7332167698652248,Married,9294.137599355556,14271.198027061682,6.433741305471713,No,14.266783230134775,3.0,2.2667832301347755,3.0,10.633391615067387,2.0,3.0,2.2667832301347755,1.2667832301347752,0.0,1.2667832301347752,3098.045866451852,0.2094040062389124,0.42226107671159174,0.42226107671159174,0.0,1
30.651504237852077,Travel_Rarely,861.7312870645694,Research & Development,16.348495762147923,1.8257521189260388,Medical,3.0,Male,74.43947033503545,2.412876059463019,1.0,Laboratory Technician,4.0,Married,2408.405174794762,17928.753115420182,2.6515042378520777,Yes,13.0,3.0,3.0,0.4128760594630194,5.651504237852078,2.587123940536981,1.5871239405369806,4.412876059463019,3.412876059463019,0.0,2.2386281783890585,2408.405174794762,0.8451714777013677,0.7706438029731509,0.4770818327046607,0.0,1
42.88753291218484,Travel_Frequently,513.838717750839,Sales,15.017611901428447,3.1775065824369673,Life Sciences,2.644986835126065,Male,51.81028962722657,3.0,3.8224934175630327,Sales Executive,1.1775065824369675,Single,13419.139934127828,3835.2789812395226,0.17750658243696749,Yes,12.0,3.0,2.355013164873935,0.17750658243696749,19.86992101075639,2.0,2.0,19.04742759319336,8.644986835126065,12.289973670252131,13.112467087815162,3530.0579414732597,0.9626139355653167,0.47675178666146256,0.7080848692352923,0.6689185160180051,1
30.107690507588607,Travel_Rarely,352.71650974656603,Sales,4.887911573596744,2.278022106600814,Medical,3.721977893399186,Female,37.44835370561302,1.278022106600814,1.0,Sales Representative,3.0,Single,2265.6472132735503,14977.338622581374,0.27802210660081383,No,15.165933680197558,3.0,4.0,0.7219778933991862,2.721977893399186,3.0,2.0,2.0,2.0,0.7219778933991862,0.5560442132016277,2265.6472132735503,0.7593407022002713,1.0,0.27802210660081383,0.3609889466995931,1
29.110366329351862,Travel_Frequently,363.0464537270392,Research & Development,13.632112235493796,1.1103663293518613,Medical,3.0367887764506203,Female,82.08698362456774,2.9264224470987594,3.0,Sales Executive,4.0,Single,7657.737646554917,23036.025253730688,0.0367887764506204,Yes,11.96321122354938,3.0,1.0735775529012408,0.0,9.183943882253102,1.0367887764506203,2.9632112235493797,8.220732658703723,7.036788776450621,7.073577552901241,7.036788776450621,2552.5792155183053,0.8929765307167356,0.8638319785774902,0.8638319785774902,0.8664597483239631,1
24.0616876742735,Travel_Frequently,1448.740252091282,Sales,1.0,1.0308438371367508,Technical Degree,1.0,Male,62.46265755705126,3.0,1.0,Sales Representative,2.0154219185683755,Married,3197.481377859466,21875.998556911865,1.0308438371367508,Yes,15.984578081431625,3.0,2.030843837136751,0.015421918568375381,5.984578081431625,3.9845780814316245,3.0154219185683755,4.969156162863249,2.9845780814316245,1.0,3.969156162863249,3197.481377859466,0.8297348856673791,0.6010281279045584,0.7979437441908833,0.20205625580911674,1
28.18797779656596,Travel_Rarely,1483.1346818648456,Research & Development,12.11567864404059,1.0144598305050738,Marketing,2.985540169494926,Female,78.86986152545434,3.0,1.0,Sales Representative,3.9710803389898524,Married,2524.037394065671,22937.257787970273,1.0,Yes,11.159058135555812,3.014459830505074,4.0,0.0,1.0433794915152212,4.014459830505074,2.0,1.0433794915152212,1.0289196610101476,0.0,0.028919661010147646,2524.037394065671,1.0,0.9963850423737315,0.0072299152525369115,0.0,1
22.12900291259082,Travel_Frequently,674.7916211178563,Research & Development,8.290332362469726,2.8225830906174316,Life Sciences,3.467749271852295,Female,52.758081634322025,3.1774169093825684,1.0,Sales Representative,3.8225830906174316,Single,2342.3384431227,16870.214291995093,1.3548338187651368,Yes,14.0,3.0,1.8225830906174316,0.0,3.0645014562954103,2.8225830906174316,3.0,2.3548338187651368,1.8225830906174316,0.0,2.1774169093825684,2342.3384431227,0.9112915453087158,0.8669373179630737,0.9556457726543579,0.0,1
20.73943146847651,Travel_Rarely,476.1435958335437,Research & Development,6.73943146847651,1.5211370630469803,Life Sciences,2.5211370630469805,Male,40.119898603322156,2.7394314684765098,1.0,Sales Representative,2.5211370630469805,Single,2743.360427286302,8531.810775661426,1.0,No,14.30284265761745,3.0,2.0,0.0,1.0,3.5211370630469805,3.0,1.0,0.0,1.0,0.0,2743.360427286302,1.0,0.0,0.0,1.0,1
18.177643734771678,Travel_Frequently,1278.6132575560327,Research & Development,5.118429156514453,3.0,Medical,2.0,Male,69.59214578257226,3.0,1.0,Laboratory Technician,1.9703927108713868,Single,1916.3118321324255,8323.659557520674,1.0296072891286132,Yes,13.911178132614161,3.0,3.970392710871387,0.0,0.11842915651445285,2.970392710871387,2.970392710871387,0.0,0.0,0.0,0.0,1916.3118321324255,0.0,0.0,0.0,0.0,1
39.458078494701105,Travel_Rarely,1235.6360220459926,Sales,10.180640501766298,2.409679749116851,Medical,1.0,Female,70.83231397880442,1.0,2.0,Sales Executive,2.409679749116851,Single,5010.107777247488,12377.436987571247,6.229039247350553,No,14.180640501766298,3.0,1.409679749116851,0.0,11.722562007065193,2.0,1.409679749116851,2.229039247350553,1.2290392473505531,0.409679749116851,1.2290392473505531,2505.053888623744,0.2734573971732676,0.3072598118376383,0.3072598118376383,0.10241993727921275,1
29.998743370066766,Travel_Rarely,447.9497348026706,Research & Development,12.016336189132057,4.001256629933235,Technical Degree,2.001256629933235,Male,73.9962301102003,2.0,1.0,Sales Representative,1.001256629933235,Married,2033.6446511557497,14474.812892644291,1.0050265197329407,No,17.997486740133528,3.0,2.998743370066765,0.9987433700667648,1.0062831496661762,2.0,4.0,1.001256629933235,0.00251325986647033,0.001256629933235165,0.001256629933235165,2033.6446511557497,0.9991622467111767,0.001256629933235165,0.0006283149666175825,0.0006283149666175825,1
37.66119504114222,Travel_Frequently,846.3348706310362,Research & Development,2.592908678001116,3.084701239714445,Life Sciences,3.084701239714445,Male,82.01641487657335,3.0,2.0,Laboratory Technician,1.915298760285555,Married,4896.588308699793,7530.606708612627,4.0,No,11.508207438286671,3.0,1.1694024794288904,1.915298760285555,7.33880495885778,2.084701239714445,2.915298760285555,5.16940247942889,1.915298760285555,0.9152987602855548,4.254103719143336,2448.2941543498964,0.7076856176845887,0.3782196812162856,0.8169402479428891,0.18305975205711097,1
42.02987738713672,Travel_Rarely,1267.0872522438628,Research & Development,16.567075376210923,2.6865849247578155,Life Sciences,2.3432924623789075,Male,78.9256040218516,3.0,1.0,Sales Representative,2.3432924623789075,Single,3069.968337674703,17985.42557514515,1.0,Yes,18.223782913832014,3.6567075376210925,3.6567075376210925,0.0,4.686584924757815,4.6567075376210925,2.3432924623789075,4.686584924757815,3.3432924623789075,0.0,2.0,3069.968337674703,1.0,0.7213922948017577,0.44278458960351536,0.0,1
28.54532407211474,Travel_Rarely,753.6216201489659,Research & Development,2.909638897118082,1.9090648144229485,Life Sciences,2.181870371154103,Female,38.00057408269513,1.9090648144229485,1.0,Human Resources,1.181870371154103,Married,2249.5255182191327,7134.218668585244,1.0,No,11.0,3.0,3.9090648144229485,1.0,1.0,1.0909351855770515,3.0,1.0,0.0,0.0,0.0,2249.5255182191327,1.0,0.0,0.0,0.0,1
39.633913251219504,Travel_Rarely,955.7879665778609,Research & Development,2.251371269418385,3.1256856347091926,Medical,2.748628730581615,Male,75.09277516866794,3.0,1.8743143652908074,Research Scientist,2.1256856347091926,Married,4554.108590506193,7989.7118153859265,4.628428173545963,No,11.125685634709193,3.0,1.2513712694183852,2.1256856347091926,8.382541981801118,2.0,3.1256856347091926,5.628428173545963,1.7486287305816148,1.1256856347091926,4.377056904127578,2431.710468762758,0.6943356135382235,0.349725746116323,0.7874314365290808,0.2,1
28.926807784410585,Travel_Frequently,930.7774229957465,Research & Development,2.668254011939056,2.6292768862357656,Medical,1.0,Male,43.70246910182518,1.8146384431178828,1.0,Laboratory Technician,2.3707231137642344,Divorced,2746.5135841882793,7075.660491618637,2.112169341292704,No,14.629276886235765,3.0,1.0,2.185361556882117,2.297530898174821,2.0,3.0,1.556084670646352,0.556084670646352,0.1853615568821173,0.556084670646352,2746.5135841882793,0.9073192215589414,0.139021167661588,0.139021167661588,0.04634038922052933,1
27.371357592719026,Travel_Rarely,397.77103838067836,Research & Development,6.835137535661164,3.5670275071322326,Marketing,1.0,Female,80.03080745007438,3.0,1.5670275071322328,Sales Executive,1.0,Single,5950.461439951354,16056.906905850015,0.4329724928677672,Yes,17.865944985735535,3.0,1.4329724928677672,0.0,3.835137535661164,2.5670275071322326,3.0,3.2681100285289313,1.1340550142644656,0.0,1.7010825213966985,3618.844330623613,0.9054954154779612,0.22681100285289313,0.3402165042793397,0.0,1
21.750839388343007,Travel_Frequently,1193.1622484006812,Sales,6.250279796114336,3.0,Marketing,2.0,Male,75.25139898057168,3.0,1.0,Sales Representative,2.625139898057168,Single,1628.8817506242185,10547.056794267528,1.0,Yes,13.687430050971416,3.0,3.687430050971416,0.0,0.3125699490285839,3.0,2.687430050971416,0.3125699490285839,0.0,0.0,0.0,1628.8817506242185,0.3125699490285839,0.0,0.0,0.0,1
27.667122935446816,Travel_Frequently,729.0255582990468,Research & Development,20.251197705547895,1.583390366930852,Medical,3.416609633069148,Male,80.16541192752125,2.0,1.0,Laboratory Technician,2.416609633069148,Single,3691.4709128652653,15373.990461839767,0.4166096330691479,No,11.0,3.0,1.583390366930852,0.0,5.5833903669308524,2.0,3.583390366930852,5.0,4.0,1.0,3.166780733861704,3691.4709128652653,0.9027682721781913,0.8,0.6333561467723409,0.2,1
29.122324550106338,Travel_Rarely,840.995459187601,Research & Development,12.291282937101235,3.0,Technical Degree,2.2194188624734155,Male,83.95336616311144,2.5611622750531686,1.0,Laboratory Technician,4.0,Single,1357.2483478540303,17597.499296633752,1.0,Yes,14.097094312367078,3.0,2.7805811375265845,0.0,1.0,3.0,1.7805811375265843,1.0,0.0,0.0,0.0,1357.2483478540303,1.0,0.0,0.0,0.0,1
22.4176922944651,Travel_Rarely,1353.3111543113107,Research & Development,3.860769235178301,1.2088461472325487,Technical Degree,2.860769235178301,Male,97.95576926383725,1.9303846175891506,1.0,Research Scientist,3.0696153824108494,Married,3864.0653855633345,10215.55688866854,5.0,No,15.79115385276745,3.0,3.0696153824108494,0.0,4.069615382410849,3.0696153824108494,2.9303846175891506,2.0696153824108494,2.0,1.0696153824108494,2.0,3864.0653855633345,0.5069615382410849,0.9767948725297169,0.9767948725297169,0.5116025637351416,1
20.811678025188648,Travel_Rarely,1246.8069256623442,Research & Development,9.246712100754593,3.0,Life Sciences,3.188321974811352,Female,41.649659244340555,2.0,1.0,Laboratory Technician,1.5649659244340555,Single,1700.3661819651413,17733.512986398662,1.0,Yes,13.941609874056759,3.0,1.1883219748113518,0.0,1.0,5.811678025188648,2.188321974811352,1.0,0.0,1.0,0.0,1700.3661819651413,1.0,0.0,0.0,1.0,1
26.733152703288166,Travel_Rarely,830.1154785768708,Research & Development,21.3196748659187,2.0,Medical,3.8533694593423666,Female,69.29326108131526,2.8533694593423666,1.0,Laboratory Technician,2.0,Married,2343.16524961531,7587.401265152307,0.0,No,11.0,3.0,2.8533694593423666,0.0,6.0,2.8533694593423666,3.1466305406576334,5.0,1.4398916219728997,1.0,4.0,2343.16524961531,0.8333333333333334,0.28797832439457993,0.8,0.2,1
36.907897201705865,Travel_Rarely,512.8265181698549,Research & Development,10.092102798294139,3.0153504663823565,Marketing,1.0,Male,61.13815419744121,3.0,3.0,Manufacturing Director,3.0,Married,10019.033669936493,22518.183484548605,5.938598134470574,No,11.030700932764713,3.0,1.9846495336176435,2.0153504663823565,16.892546735323506,4.9539486008529305,3.0,1.0,0.0,0.0,0.0,3339.6778899788314,0.0594556074392735,0.0,0.0,0.0,1
26.0,Travel_Rarely,1287.7959637307977,Research & Development,24.921891606919637,3.0,Life Sciences,1.1562167861607278,Male,49.40595107544655,1.0,1.0,Laboratory Technician,3.078108393080364,Single,2296.671094474777,11546.461714432005,1.0,Yes,12.468650358482183,3.0,2.921891606919636,0.0,1.0,2.078108393080364,1.9218916069196361,1.0,0.0,0.0,0.9218916069196361,2296.671094474777,1.0,0.0,0.9218916069196361,0.0,1
37.21996108576461,Travel_Rarely,783.3541832803046,Research & Development,5.5600778284707815,3.8900194571176954,Life Sciences,2.7800389142353907,Male,62.01017511405926,2.8900194571176954,1.0,Laboratory Technician,1.0,Divorced,2245.999393953865,22936.755829180136,3.7800389142353907,Yes,22.109980542882305,4.0,3.7800389142353907,0.0,7.4399221715292185,2.8900194571176954,3.1099805428823046,2.7800389142353907,1.780038914235391,0.0,1.780038914235391,2245.999393953865,0.3914351413644167,0.5933463047451303,0.5933463047451303,0.0,1
31.966840396204887,Travel_Rarely,236.3420198102443,Research & Development,5.281856632258467,2.016579801897557,Life Sciences,1.0,Female,47.01657980189756,3.983420198102443,1.0,Research Scientist,3.0,Married,2427.026059430733,15255.344928629132,3.016579801897557,Yes,13.950260594307329,3.0,1.016579801897557,0.0,7.9834201981024435,2.0,3.0,4.0165798018975565,1.016579801897557,0.0,2.966840396204886,2427.026059430733,0.5035528146923336,0.2524869702846335,0.7408811089563437,0.0,1
18.0,Travel_Frequently,582.4960086354679,Sales,3.1010393927440103,2.050519696372005,Marketing,2.0,Male,69.949480303628,3.0,1.0,Sales Representative,3.8989606072559897,Single,1584.6105861789497,17896.565425889654,1.0,Yes,12.10103939274401,3.0,3.050519696372005,0.0,0.0,2.050519696372005,3.949480303627995,0.0,0.0,0.0,0.0,1584.6105861789497,0.0,0.0,0.0,0.0,1
44.70236141469623,Travel_Rarely,605.2658748424594,Sales,12.07329013123657,2.2536645065618286,Medical,3.7463354934381714,Male,92.2096904278199,3.0,1.2536645065618286,Sales Executive,3.2536645065618286,Single,3456.0725117222546,12184.420215496324,1.7463354934381714,Yes,12.7756515459328,3.0,3.2536645065618286,1.492670986876343,16.717019440943545,2.7463354934381714,3.0,9.253664506561828,7.0,7.0,7.0,2718.7966234002997,0.6071918455588571,0.7580483161563022,0.7580483161563022,0.7580483161563022,1
48.83854477580161,Travel_Frequently,731.6566417510029,Research & Development,1.0,2.8385447758016102,Life Sciences,1.4192723879008051,Male,96.32291044839678,2.419272387900805,2.580727612099195,Laboratory Technician,3.0,Single,5945.759906502384,17181.286437367842,8.16145522419839,No,12.580727612099196,3.0,4.0,0.8385447758016102,18.388003733091143,2.419272387900805,3.0,3.0963619395040256,1.2578171637024154,0.0,0.4192723879008051,2452.0640731335643,0.23488522056341105,0.20963619395040256,0.06987873131680085,0.0,1
19.0,Travel_Rarely,466.7807118746454,Human Resources,8.030949634024813,2.3174184017907797,Other,1.9522552053723388,Male,47.238723973138306,2.0,1.0,Human Resources,3.3651631964184405,Single,2423.383648006685,15742.11776879628,1.0,Yes,12.31741840179078,3.0,2.6825815982092203,0.0,1.0,3.0,4.0,1.0,0.0,0.0,0.0,2423.383648006685,1.0,0.0,0.0,0.0,1
42.93397961825132,Travel_Rarely,535.1853592692312,Sales,17.6650509543717,3.26650509543717,Medical,1.7995152863115105,Female,68.73591847300528,2.73349490456283,3.0,Healthcare Representative,3.4669898091256597,Married,8275.419686507881,14917.156101581459,1.2665050954371702,No,11.26650509543717,3.0,3.73349490456283,0.7334949045628298,9.73349490456283,2.0,3.0,8.66747452281415,6.200484713688489,0.26650509543717016,3.667474522814149,2758.473228835961,0.8815532909168133,0.726650509543717,0.3667474522814149,0.05330101908743404,1
37.80794658175608,Travel_Rarely,956.1027701444439,Research & Development,3.0562938003415603,3.19205341824392,Marketing,2.90397329087804,Male,82.4404006368294,2.90397329087804,2.0,Manufacturing Director,1.90397329087804,Divorced,4977.818160966986,7749.50684266757,4.0960267091219595,No,11.192053418243919,3.0,1.09602670912196,2.09602670912196,7.864240382097639,2.09602670912196,3.0,4.71191987263412,2.0,1.09602670912196,3.80794658175608,2488.909080483493,0.6576985464102736,0.45761602547317604,0.8192053418243921,0.2768213672975679,1
35.0,Travel_Rarely,464.9566680603948,Sales,22.789688005362354,3.2806874663091765,Other,3.2806874663091765,Male,70.52700161715953,3.0,2.0,Sales Executive,4.0,Single,5467.193041507095,12628.043978700356,1.5613749326183528,Yes,19.68412479785506,3.2806874663091765,3.157937601072471,0.0,10.84206239892753,2.0,3.2806874663091765,10.280687466309177,7.561374932618353,6.7193125336908235,7.0,2733.5965207535473,0.9568173128755113,0.7331721551092663,0.6821380703257797,0.6566210279340363,1
45.24427409758828,Travel_Rarely,509.2754774674831,Research & Development,12.129438973493613,2.597079230120211,Life Sciences,1.5323597433734035,Female,56.100231274695716,2.064719486746807,1.0,Research Scientist,2.935280513253193,Divorced,4235.819400945642,5536.470363295379,8.064719486746807,Yes,15.661798716867018,3.0,1.0,3.0,7.467640256626597,2.0,3.0,4.532359743373403,3.5323597433734033,2.597079230120211,3.0,4235.819400945642,0.6140770878657293,0.7766179871686703,0.6701460384939895,0.5427978588553719,1
26.974386981434428,Travel_Rarely,729.507345129569,Research & Development,20.487193490717214,2.2435967453586074,Life Sciences,3.2692097639241777,Female,63.884468347469245,3.0,1.0,Human Resources,2.2435967453586074,Married,2144.102452074262,8021.724865917525,0.9743869814344297,Yes,11.0,3.0,2.7564032546413926,0.0,6.243596745358607,2.7564032546413926,3.0,5.0,1.2435967453586074,0.7564032546413926,3.2692097639241777,2144.102452074262,0.804333720790642,0.2487193490717215,0.6538419527848356,0.15128065092827853,1
33.74056016014546,Travel_Frequently,203.90497857687404,Research & Development,10.81607887898174,3.7405601601454657,Marketing,3.2216804804363974,Female,86.77344384349118,3.0,2.0,Laboratory Technician,1.0,Married,5340.2923235232,11474.36930920719,4.259439839854534,No,16.48112032029093,3.0,3.0,0.7405601601454658,9.702800800727328,3.0,2.2594398398545343,5.962240640581863,1.2594398398545343,0.0,5.702800800727329,2670.1461617616,0.6009854763834725,0.27875420182856553,0.913520053381822,0.0,1
26.17598223696383,Travel_Rarely,762.5572738235068,Research & Development,3.0,3.0,Medical,1.705589342178297,Male,90.2944106578217,3.0,1.0,Laboratory Technician,1.0,Single,3707.84008128234,9198.434984190077,5.0,Yes,12.529607105214469,3.0,3.0,0.7648035526072343,6.470392894785531,5.0,3.0,2.705589342178297,2.0,0.0,2.4703928947855314,3707.84008128234,0.4019322971562233,0.8588821315643406,0.9529607105214468,0.0,1
25.658694762193385,Travel_Rarely,1432.518848886195,Sales,1.5528982540644614,1.0,Marketing,2.1057965081289227,Male,74.71665984348262,3.0,1.0,Sales Representative,1.4471017459355386,Single,3112.9833810956216,18861.39442263334,0.44710174593553853,Yes,13.235508729677694,3.0,2.0,0.5528982540644615,5.447101745935538,3.4471017459355386,3.0,4.447101745935538,3.0,0.44710174593553853,2.8942034918710773,3112.9833810956216,0.8149033915311846,0.6829347381096692,0.6341305237806616,0.08942034918710771,1
26.07886069969391,Travel_Rarely,474.91125906541174,Research & Development,13.268785061285582,1.415772139938782,Life Sciences,3.168455720122436,Female,48.8530129213468,1.415772139938782,1.0,Human Resources,2.168455720122436,Married,1872.6499149132292,9549.379602859724,1.0,Yes,11.0,3.0,3.415772139938782,1.0,1.0,1.584227860061218,3.0,1.0,0.0,0.0,0.0,1872.6499149132292,1.0,0.0,0.0,0.0,1
48.98361656390784,Travel_Rarely,652.0546615831124,Research & Development,9.085898036993179,4.0,Medical,3.1206553374436865,Female,80.89771852691466,2.1206553374436865,1.8793446625563135,Research Scientist,2.1206553374436865,Married,4633.690855530931,18704.279447278208,1.8793446625563135,No,14.758689325112627,3.0,1.361966012331059,0.0,10.63803398766894,2.8793446625563135,2.1206553374436865,8.0,2.0,7.0,7.0,2461.269866685558,0.7601787283937327,0.25,0.875,0.875,1
18.0,Travel_Frequently,1085.206843418022,Sales,4.420490402671973,2.7102452013359866,Medical,2.0,Male,69.289754798664,3.0,1.0,Sales Representative,2.579509597328027,Single,1788.4657672128199,11061.149468957843,1.0,Yes,13.420490402671973,3.0,3.7102452013359866,0.0,0.0,2.7102452013359866,3.2897547986640134,0.0,0.0,0.0,0.0,1788.4657672128199,0.0,0.0,0.0,0.0,1
23.66396648581674,Travel_Frequently,355.7974864362555,Research & Development,9.33603351418326,3.0,Life Sciences,2.1120111713944203,Male,89.11201117139441,3.1120111713944203,1.0,Laboratory Technician,1.11201117139442,Single,3120.922905844144,17941.582107826594,1.88798882860558,No,11.448044685577681,3.0,3.1120111713944203,0.0,3.66396648581674,1.7759776572111599,2.1120111713944203,0.11201117139442007,0.0,0.0,0.0,3120.922905844144,0.11201117139442007,0.0,0.0,0.0,1
48.382002273234534,Travel_Rarely,688.9953869065819,Sales,7.0,2.0,Technical Degree,4.0,Female,93.90174346445072,3.0,1.0,Laboratory Technician,3.0,Married,2639.910910207236,11354.464205738048,2.2865017049259,No,11.0,3.0,3.0477502841543167,1.9522497158456833,18.761248579228415,3.0477502841543167,2.9044994316913666,9.047750284154317,7.095500568308633,7.095500568308633,7.047750284154317,2639.910910207236,0.48517300069878294,0.783613923618861,0.7788388952034293,0.783613923618861,1
33.66521273896643,Travel_Rarely,837.0308101951624,Research & Development,12.919029299179545,2.9168484076291956,Life Sciences,2.9168484076291956,Female,60.993457325348956,3.0,1.0831515923708044,Laboratory Technician,4.0,Single,2731.770214062951,21926.98524836995,5.249454777112413,Yes,12.833696815258392,3.0,2.8336968152583912,0.9168484076291957,8.0,1.8336968152583915,1.0,5.083151592370804,4.0,0.0,4.083151592370804,2482.606467523836,0.6353939490463505,0.7889131210172261,0.8027717197456935,0.0,1
42.6409902255097,Travel_Rarely,523.5195331447804,Research & Development,19.449687796389092,1.7416146327315154,Medical,3.483229265463031,Male,63.416146327315154,3.0,2.2583853672684846,Manager,2.2583853672684846,Married,10136.277060285582,14401.775204857913,4.775156101805454,No,19.416146327315154,3.7416146327315154,4.0,0.7416146327315153,13.51677073453697,2.0,4.0,8.48322926546303,6.741614632731515,4.033541469073938,7.0,4482.0343887221115,0.6340053530265983,0.7982845529578162,0.8351967482818855,0.5055902448456564,1
27.259224432193456,Travel_Frequently,440.77431895760094,Sales,14.242452737296263,3.7508385847448595,Life Sciences,2.498322830510281,Male,64.78102763555981,2.0,1.0,Sales Representative,1.2491614152551405,Single,2054.9262045424525,13343.042918801,1.0,No,16.754192923724297,3.0,2.7508385847448595,0.7508385847448596,1.0,2.2491614152551405,4.0,1.0,0.0,0.0,0.0,2054.9262045424525,1.0,0.0,0.0,0.0,1
48.69667476265674,Travel_Rarely,870.6757038765842,Sales,3.9309465981023286,1.9379368934598449,Marketing,1.1241262130803105,Male,86.0,2.0,1.0,Sales Representative,3.062063106540155,Single,2664.7534466771945,4502.065701029271,1.0,Yes,13.937936893459845,3.0,3.0,0.0,3.062063106540155,2.062063106540155,2.937936893459845,3.062063106540155,2.062063106540155,0.0,1.9379368934598449,2664.7534466771945,1.0,0.6718385922116795,0.640807038941602,0.0,1
23.69450284922546,Travel_Rarely,911.8110552280916,Research & Development,21.233403419070555,2.0778011396901848,Technical Degree,3.4610994301549076,Female,65.5389005698451,1.9221988603098152,1.0,Laboratory Technician,4.0,Single,2502.7680988446823,16599.45087328816,1.0,No,18.461099430154906,3.0,1.5389005698450924,0.0,1.0,3.0,1.4610994301549076,1.0,0.0,0.0,0.0,2502.7680988446823,1.0,0.0,0.0,0.0,1
34.91949252012015,Travel_Frequently,877.866551783184,Research & Development,12.684313578978704,4.0,Medical,3.879238780180229,Female,36.72456731891863,2.959746260060076,2.0,Research Scientist,3.959746260060076,Single,4578.061476984386,10120.751504537655,2.9194925201201523,Yes,23.91949252012015,4.0,1.0402537399399239,0.0,13.040253739939924,2.0805074798798477,3.959746260060076,11.080507479879847,8.919492520120153,5.879238780180229,7.040253739939923,2289.030738492193,0.8494714620829608,0.8069220307860353,0.6355191523089526,0.5327872846342897,1
48.30695474031274,Travel_Rarely,307.43565158010426,Research & Development,14.326709771130727,2.3663354885565364,Life Sciences,3.6336645114434636,Male,76.39602586267844,3.0,1.3663354885565364,Sales Executive,3.3663354885565364,Single,3611.649487245407,7265.612510556526,5.4356515801042455,No,13.564348419895754,3.0,4.0,0.6336645114434637,12.534658045773854,3.267329022886927,1.7326709771130726,10.0,8.267329022886928,8.267329022886928,7.633664511443464,2546.8953897558345,0.818952996730439,0.8267329022886928,0.7633664511443464,0.8267329022886928,1
20.315275133399894,Travel_Frequently,664.5892303088856,Sales,1.3423624333000541,1.3423624333000541,Technical Degree,1.0,Female,82.90896563489746,2.0,1.0,Human Resources,2.6847248666001082,Single,2307.521348987021,12329.519918057602,1.0,No,11.342362433300053,3.0,3.0,0.0,2.3152751333998918,3.0,3.342362433300054,2.3152751333998918,1.3152751333998918,0.6576375666999459,1.3152751333998918,2307.521348987021,1.0,0.43842504446663055,0.43842504446663055,0.21921252223331528,1
26.6327342133589,Travel_Rarely,791.5153491269542,Research & Development,3.0,3.0,Technical Degree,1.9796405280153397,Male,90.02035947198466,3.0,1.0,Research Scientist,1.0,Married,3582.324638168974,9121.700652155705,5.0,No,12.34690631465644,3.0,3.0,0.6734531573282201,6.65309368534356,5.0,3.0,2.9796405280153397,2.0,0.0,2.65309368534356,3582.324638168974,0.42857616244593577,0.804071894396932,0.934690631465644,0.0,1
27.13408306639692,Travel_Frequently,284.5629328953468,Sales,28.149437700202313,2.5670415331984584,Medical,2.283520766599229,Female,71.34493930182082,1.2835207665992292,2.0,Sales Executive,1.0,Single,5458.640363916868,22140.18296465551,7.149437700202313,No,17.149437700202313,3.0,3.716479233400771,0.0,7.567041533198458,5.71647923340077,2.716479233400771,3.134083066396917,2.283520766599229,1.4329584668015416,1.7164792334007708,2729.320181958434,0.3937221967997063,0.8582396167003854,0.7637326945006423,0.7164792334007708,1
24.24713105851638,Travel_Rarely,1288.9758911088406,Research & Development,3.2509563138278725,2.123565529258191,Medical,2.2509563138278725,Male,93.38217235370905,1.6254781569139363,1.0,Research Scientist,3.3745218430860637,Married,3732.9556074729926,14974.536926887282,5.0,No,14.87643447074181,3.0,3.3745218430860637,0.0,4.374521843086064,3.3745218430860637,2.6254781569139363,2.3745218430860637,2.0,1.3745218430860637,2.0,3732.9556074729926,0.5374521843086064,0.8751593856379787,0.8751593856379787,0.5624203071810105,1
42.33182865918793,Travel_Rarely,1241.0187924234422,Research & Development,15.560571136040236,2.887885772791953,Marketing,2.4439428863959765,Male,81.54251504629539,3.0,1.0,Sales Representative,2.4439428863959765,Single,3049.4356511752208,16888.134652511064,1.0,Yes,17.11662824964426,3.5560571136040235,3.5560571136040235,0.0,4.887885772791953,4.556057113604024,2.4439428863959765,4.887885772791953,3.4439428863959765,0.0,2.0,3049.4356511752208,1.0,0.7130047594670019,0.42600951893400396,0.0,1
27.349312658977855,Travel_Rarely,172.2017981811416,Research & Development,15.777405693577505,3.9126718352555363,Life Sciences,4.0,Female,49.42809303459965,3.0,1.0,Research Scientist,3.0,Single,2541.584598418144,23801.261253875415,1.0,No,12.912671835255535,3.0,3.738015505766608,0.0,7.912671835255536,2.0,2.825343670511072,7.912671835255536,2.0,7.0,7.0,2541.584598418144,1.0,0.253118863026588,0.885916020593058,0.885916020593058,1
41.759773723851,Travel_Rarely,692.1588967349737,Sales,12.0,3.0,Life Sciences,2.759773723850997,Female,45.20113138074502,3.0,4.240226276149003,Sales Executive,1.4804525522980063,Single,15148.189460074282,5770.050077969161,0.24022627614900316,No,12.0,3.0,2.480452552298006,0.0,22.240226276149002,1.5195474477019937,2.240226276149003,21.240226276149002,10.441357656894018,13.480452552298006,12.558642343105982,3552.286236651957,0.9550202100319151,0.48940795305072154,0.593870825409393,0.6341267575937686,1
35.50309855903334,Travel_Rarely,660.6445002789353,Research & Development,24.006197118066687,1.832300480322219,Medical,2.0,Male,53.35399039355562,2.167699519677781,2.0,Manufacturing Director,2.664600960644438,Married,6042.94853639608,14802.220889974953,3.670798078711124,Yes,14.006197118066686,3.0,1.167699519677781,0.0,9.50929567710003,1.167699519677781,3.0,1.0,0.0,0.0,0.832300480322219,3021.47426819804,0.11390223766838214,0.0,0.832300480322219,0.0,1
45.99304757505958,Travel_Frequently,668.2686048962678,Sales,8.99304757505958,2.001390484988084,Marketing,2.9972190300238317,Male,63.98887612009533,2.001390484988084,2.998609515011916,Sales Executive,3.9972190300238317,Single,9618.632911963146,13590.385221618117,1.0,No,16.00278096997617,3.0,3.998609515011916,0.0,8.998609515011916,3.0027809699761683,3.0,8.998609515011916,7.998609515011916,4.004171454964252,7.0,3208.378968498303,1.0,0.8888695765973876,0.777912963818286,0.44504312548098063,1
24.0,Travel_Rarely,1320.691186202745,Research & Development,5.744427843375963,2.5814759477919877,Life Sciences,1.0,Female,56.46483418272804,3.0,1.0,Laboratory Technician,2.790737973895994,Single,2952.126800248866,15801.080851715664,1.0,Yes,16.0,3.0,3.5814759477919877,0.7907379738959939,6.0,4.0,3.0,5.790737973895994,3.0,1.0,2.4185240522080123,2952.126800248866,0.9651229956493323,0.5209262026104006,0.43098894551520284,0.1736420675368002,1
39.50076614908028,Travel_Rarely,1225.6585928596176,Research & Development,6.500766149080278,3.0,Life Sciences,2.4977015527591653,Male,71.50229844724083,3.0,1.0,Laboratory Technician,1.0,Married,2284.8176565188937,3820.2614322866116,4.9969354036788864,Yes,17.49463695643805,3.4992338509197216,2.9984677018394432,0.0,9.001532298160557,2.5007661490802784,1.0,3.0015322981605568,2.0,0.9984677018394434,2.5007661490802784,2284.8176565188937,0.32511492236204176,0.7496169254598608,0.8748084627299304,0.4992338509197217,1
32.68167361237098,Travel_Rarely,392.7399100082124,Research & Development,2.954979162887061,2.0,Life Sciences,1.0,Female,41.54661110103216,3.3183263876290203,1.0,Laboratory Technician,1.6366527752580406,Single,2619.4602434020194,19538.241334188737,5.726694449483919,Yes,18.09004167422588,3.6816736123709797,1.0,0.0,11.408368061854897,2.6816736123709797,3.6816736123709797,7.408368061854898,5.090041674225878,0.6816736123709797,5.726694449483919,2619.4602434020194,0.6310910793021115,0.6097721843069059,0.7689353781214161,0.07574151248566441,1
28.83333199607976,Travel_Frequently,226.0834342959781,Research & Development,10.333319960797603,2.41666599803988,Life Sciences,2.1666680039202397,Male,42.166659980398805,2.41666599803988,1.0,Research Scientist,1.8333319960797603,Single,2382.2502868408915,7931.662531878619,5.75000200588036,Yes,11.0,3.0,2.58333400196012,0.0,7.58333400196012,2.0,2.41666599803988,2.0833299901994007,0.8333319960797603,0.0,0.41666599803988014,2382.2502868408915,0.2976185700284858,0.16666639921595205,0.08333319960797603,0.0,1
46.0,Travel_Rarely,323.6384129982825,Research & Development,19.157693735344633,2.0,Medical,3.846474477945386,Female,65.69294895589077,2.846474477945386,2.153525522054614,Healthcare Representative,2.307051044109228,Single,9032.393186783847,11264.809287738406,3.5394234338361583,No,21.07884686767232,3.846474477945386,4.0,0.8464744779453861,12.385897911781544,2.153525522054614,3.846474477945386,9.0,7.153525522054614,3.153525522054614,7.0,4270.069593951369,0.7395463144783427,0.7948361691171794,0.7777777777777778,0.3503917246727349,1
34.2381087780867,Travel_Rarely,150.01395554767024,Sales,17.591854143254324,3.1768726825838134,Marketing,1.5306180477514406,Female,66.87752780899424,2.8231273174161866,2.1768726825838134,Sales Executive,1.1768726825838134,Single,5990.810013340977,24867.03648708288,4.469381952248559,Yes,14.46938195224856,3.0,3.0,0.0,6.530618047751441,2.8231273174161866,3.0,3.353745365167627,2.353745365167627,0.1768726825838135,1.646254634832373,2727.3249774342885,0.5098262601435452,0.6902496910111751,0.5487515449441243,0.0353745365167627,1
26.78660733168088,Travel_Rarely,359.3053612969794,Research & Development,8.030656209553424,3.524404887787254,Life Sciences,1.5244048877872542,Male,60.670834214510776,2.737797556106373,1.0,Research Scientist,1.262202443893627,Married,2174.150031722388,16120.546019261776,5.737797556106373,No,14.524404887787254,3.0,2.0,0.7377975561063729,6.0,2.0,3.262202443893627,2.737797556106373,2.0,1.0,1.737797556106373,2174.150031722388,0.45629959268439546,0.7540674812978757,0.6229662593510621,0.37703374064893785,1
38.24254594714302,Travel_Frequently,589.2146767222811,Sales,3.7336010837146443,3.751490810571396,Life Sciences,1.497018378857208,Male,45.502981621142794,2.248509189428604,3.248509189428604,Sales Executive,2.502981621142792,Single,11391.555437510673,11821.847861878165,3.75745405285698,No,11.248509189428605,3.0,2.751490810571396,0.0,18.24254594714302,2.0,1.248509189428604,15.739564326000227,2.988073515428832,11.497018378857208,8.739564326000227,3512.2693601569968,0.856088102358293,0.16018185336735857,0.5414181982381007,0.744296087476185,1
32.92123895416186,Travel_Frequently,314.77964592641615,Research & Development,22.496017734017364,2.3070796513872867,Life Sciences,3.0,Male,84.0,3.0,2.3464601743063564,Sales Executive,4.0,Single,6415.840703293061,16761.891125103393,0.6535398256936433,Yes,15.92123895416186,3.0,2.9606194770809298,0.0,9.653539825693644,1.6535398256936433,3.0,9.307079651387287,7.0,7.0,7.0,2771.7847355572117,0.9615044250770715,0.7606305305036124,0.7606305305036124,0.7606305305036124,1
43.640161203959785,Travel_Frequently,1056.6536534524025,Sales,1.0,3.7109164183618084,Technical Degree,1.7109164183618084,Male,93.42183283672361,3.0,1.7109164183618084,Sales Representative,3.0,Divorced,5623.989801723746,14686.312703804182,5.843665673447234,No,12.867250744914575,3.0,4.0,1.7109164183618084,9.976414928532659,3.0,3.2890835816381916,5.132749255085425,2.7109164183618084,0.2890835816381917,1.2890835816381916,3232.466970354623,0.5289083581638192,0.5481805969396986,0.31120845748576254,0.09636119387939723,1
28.917152453733653,Travel_Rarely,839.2128002823442,Sales,4.596655470644071,3.0,Life Sciences,4.0,Male,49.66860981493461,2.0,1.5138079243777245,Laboratory Technician,1.972384151244551,Single,4550.037447306849,6227.651836074147,3.082847546266347,No,15.541423773133173,3.0,3.4861920756222755,0.0,5.027615848755449,2.0,1.5138079243777245,3.5138079243777245,2.5138079243777245,1.0,2.0,3181.766944688968,0.7071826729685229,0.7094839936981436,0.5810320126037125,0.29051600630185626,1
29.31474961856438,Travel_Rarely,937.1602122378737,Research & Development,7.796752670049333,3.0,Life Sciences,4.0,Female,90.74100152574248,2.314749618564381,1.0,Research Scientist,1.0,Single,2483.631653496788,10558.986864936314,5.685250381435619,Yes,17.16725343292057,3.685250381435619,3.0,0.0,4.573748092821905,5.0,3.0,1.573748092821905,0.629499237128762,0.0,1.258998474257524,2483.631653496788,0.19671851160273812,0.12589984742575241,0.25179969485150483,0.0,1
33.0,Travel_Rarely,171.2219785155449,Sales,15.231847732765331,3.109736038176381,Marketing,1.0,Female,69.87788830541105,3.0,2.0,Sales Executive,1.0,Single,5642.234510711505,25615.72389793143,4.451319809118094,Yes,15.219472076352762,3.0,2.7805279236472376,0.0,6.0,3.0,3.0,3.2194720763527624,2.0,0.0,2.109736038176381,2821.1172553557526,0.536578679392127,0.637403723152965,0.6593509307882413,0.0,1
42.71544626397968,Travel_Frequently,975.6639952275473,Research & Development,25.070461446683602,2.5718154213265594,Life Sciences,3.5718154213265594,Male,48.78049181209145,3.0,1.2140922893367203,Laboratory Technician,2.5718154213265594,Married,3912.8921201505614,18086.085449541653,3.856369157346881,Yes,21.35772313198984,3.7859077106632797,3.5718154213265594,0.7859077106632798,18.57181542132656,0.4281845786734404,1.4281845786734404,1.0,0.0,0.0,0.0,3198.5731967785946,0.053957227797750584,0.0,0.0,0.0,1
36.055270409501226,Travel_Rarely,1195.2838616949955,Sales,8.834188771496317,4.0,Human Resources,3.0,Male,80.94986221947667,2.0552704095012277,1.0,Human Resources,1.0,Divorced,3333.2692737253624,7906.9155631094545,6.834188771496317,No,22.944729590498774,4.0,2.1105408190024555,0.0,9.834188771496317,3.9447295904987723,3.0,4.8894591809975445,2.9447295904987723,0.0,2.9447295904987723,3333.2692737253624,0.49605211360705515,0.6036846939667485,0.6036846939667485,0.0,1
45.61608274266814,Travel_Rarely,624.1365029657113,Research & Development,28.769347123778026,3.884673561889012,Life Sciences,1.230652876221976,Male,87.53869424755605,3.0,2.884673561889012,Sales Executive,2.230652876221976,Single,11152.889619562076,10639.812436469825,1.0,Yes,12.691958628665928,3.0,4.0,0.884673561889012,10.0,2.0,2.115326438110988,10.0,7.0,8.769347123778024,8.769347123778024,3829.3619706438876,1.0,0.7,0.8769347123778024,0.8769347123778024,1
28.38861532232498,Travel_Rarely,395.26704310186403,Sales,17.77723064464996,3.5987350358138865,Life Sciences,1.8025299283722267,Male,91.81517957023335,3.0,1.0,Laboratory Technician,4.0,Divorced,2586.342218623221,20859.764801186986,1.0,Yes,22.79620510744166,4.0,2.5987350358138865,0.40126496418611335,1.8025299283722267,2.0,1.8025299283722267,1.8025299283722267,0.8025299283722267,0.0,1.4012649641861135,2586.342218623221,1.0,0.26750997612407557,0.8662450119379622,0.0,1
23.11646108581705,Travel_Rarely,1322.9115271454261,Sales,7.825308371274427,1.0,Medical,3.970884728545738,Male,92.7670778283659,2.029115271454262,1.0,Sales Representative,2.9417694570914756,Divorced,3961.3987226613594,20462.551249033928,0.9708847285457378,No,11.0,3.0,1.0291152714542622,0.02911527145426218,5.0,2.029115271454262,3.0,4.970884728545737,3.970884728545738,0.9708847285457378,2.0,3961.3987226613594,0.9941769457091476,0.7985442364272869,0.4029115271454262,0.19417694570914756,1
51.51735717259776,Travel_Rarely,761.5902510648732,Research & Development,6.1253181628923326,3.410668833872524,Life Sciences,3.410668833872524,Male,61.05588947250128,1.821337667745048,4.410668833872524,Sales Executive,2.589331166127476,Married,15527.320341735627,24819.83812769442,7.0,Yes,11.410668833872524,3.0,3.410668833872524,0.0,31.16003250808786,2.589331166127476,1.821337667745048,26.285350670980193,9.10668833872524,13.589331166127476,9.178662332254952,3486.6434665983766,0.860453019088484,0.32682619696462767,0.36220999569714163,0.5309392811040803,1
46.29372099888847,Travel_Rarely,1428.5422104809188,Research & Development,19.430116496480153,2.451046500185255,Marketing,1.0,Female,91.58744199777693,1.548953499814745,2.0,Laboratory Technician,1.90209300037051,Single,4763.011383196741,16746.714221050745,5.255232500926275,No,16.842674498703214,3.548953499814745,1.451046500185255,0.0,14.136395497591685,2.0,2.548953499814745,4.0,3.0,1.0,3.0,2381.5056915983705,0.3675315572116662,0.75,0.75,0.25,1
26.50181210275808,Travel_Rarely,1424.6497537075913,Sales,1.8339373675860269,1.0,Marketing,2.6678747351720538,Female,81.18055945447861,3.0,1.0,Sales Representative,1.1660626324139731,Divorced,3067.7360838186496,17280.268369961013,0.16606263241397312,Yes,11.830313162069865,3.0,2.0,0.8339373675860269,5.166062632413973,3.166062632413973,3.0,4.166062632413973,3.0,0.16606263241397312,2.3321252648279462,3067.7360838186496,0.8055354210804658,0.725090605137904,0.549818789724192,0.03321252648279462,1
29.207816412778477,Travel_Frequently,1037.182382964831,Sales,7.039082063892389,3.4026054709261593,Medical,1.0,Male,55.06513677315398,2.4026054709261593,1.8052109418523186,Laboratory Technician,2.4026054709261593,Divorced,4836.499445704077,11927.653986707577,1.4026054709261593,No,14.19478905814768,3.0,1.0,2.4026054709261593,4.623449238335434,2.0,3.0,1.0,0.0,0.0,0.0,2646.057280218486,0.6376550761664567,0.0,0.0,0.0,1
31.958743582990234,Travel_Rarely,1049.918111315963,Human Resources,18.237068360310545,3.680418805669922,Marketing,1.3195811943300781,Male,61.37130775308789,3.0,3.0,Human Resources,2.3608376113398437,Divorced,8732.73075665651,16615.048059548648,4.237068360310547,Yes,13.639162388660155,3.0,1.639162388660156,3.0,10.319581194330079,2.0,3.0,1.639162388660156,0.6391623886601561,0.0,0.6391623886601561,2910.910252218837,0.15520038811155892,0.21305412955338532,0.21305412955338532,0.0,1
46.37782686531621,Travel_Rarely,1087.5445956138224,Sales,4.669283933253895,3.0,Technical Degree,2.6614321334922106,Male,71.27575346841432,3.0,3.0,Sales Executive,1.6692839332538947,Single,8821.693451823576,17829.649336376875,6.023555399285051,Yes,19.992148200238315,3.3307160667461053,2.3385678665077894,0.0,9.669283933253894,2.0,2.3307160667461053,8.0,7.0,6.007851799761684,7.0,2940.564483941192,0.829396983710765,0.875,0.875,0.7509814749702105,1
28.06916809303653,Travel_Rarely,110.98891474571911,Research & Development,24.06916809303653,3.0345840465182645,Marketing,3.0,Male,50.06916809303653,2.0,1.0345840465182645,Laboratory Technician,2.930831906963471,Single,2189.4383291472586,13293.53214611301,5.0,No,14.034584046518265,3.0,2.0345840465182645,0.0,6.103752139554794,4.0345840465182645,2.9654159534817355,4.069168093036529,2.0345840465182645,0.0,2.930831906963471,2073.6509414041093,0.6666666666666666,0.5,0.7298259728643457,0.0,1
28.072945794551313,Travel_Rarely,514.7390971652183,Human Resources,21.036472897275658,2.518236448637828,Medical,2.4452906540865147,Female,58.117034578605605,3.0,1.0,Research Scientist,2.518236448637828,Married,2139.708216821795,9298.799486165903,2.0729457945513134,Yes,11.0,3.0,2.481763551362172,0.0,6.518236448637828,2.481763551362172,3.0,5.0,1.5182364486378284,0.48176355136217164,2.4452906540865147,2139.708216821795,0.7716385180193062,0.3036472897275657,0.48905813081730304,0.09635271027243433,1
33.46054827631663,Travel_Rarely,1096.119189671082,Research & Development,5.298265134503671,3.837716858187041,Medical,3.6754337163740822,Female,34.7588134108203,1.3245662836259178,3.3245662836259178,Sales Executive,3.837716858187041,Married,11884.079331879508,24265.117092238877,1.0,No,11.162283141812958,3.0,3.162283141812959,0.0,15.46054827631663,1.6754337163740822,2.162283141812959,15.298265134503671,9.135981992690713,9.973698850877753,8.0,3538.449909728599,0.9929442112255236,0.5893429442261058,0.5377073991038007,0.6491798626680374,1
38.32667703681938,Non-Travel,1063.057724086861,Research & Development,9.009984444770922,2.0,Life Sciences,1.0,Male,72.27675481296477,1.3316692592048462,1.6683307407951538,Healthcare Representative,1.6683307407951538,Divorced,3891.4430779230606,16342.496991159845,5.331669259204846,No,15.663338518409692,3.0,1.0,0.33166925920484625,11.683307407951538,2.0,1.0,1.0,0.0,0.0,0.0,2295.1351035338357,0.11088923456064616,0.0,0.0,0.0,1
46.7081908922896,Travel_Rarely,665.0358418192395,Research & Development,9.526165985176476,4.0,Life Sciences,1.655858921936652,Male,59.61092118971947,3.0,1.0,Research Scientist,2.688282156126696,Married,4902.431170260851,11948.265261261204,9.0,Yes,16.623435687746607,3.0,1.344141078063348,3.0,5.967576765809956,2.3441410780633483,3.3441410780633483,3.967576765809956,3.311717843873304,3.311717843873304,2.6558589219366517,4902.431170260851,0.640541197557854,0.8688282156126697,0.7376564312253392,0.8688282156126697,1
40.90270330190018,Travel_Frequently,379.3171726427505,Research & Development,8.342344339667283,3.0,Life Sciences,2.2684688679334566,Male,58.630622641330866,3.0,4.0,Sales Executive,2.0972966980998153,Single,13176.798515573131,6506.997782969316,2.560358962232902,No,11.634234433966729,3.0,2.7315311320665434,1.0972966980998151,21.63423443396673,2.7315311320665434,2.3657655660332715,19.902703301900186,8.268468867933457,12.268468867933457,10.708109905700555,3294.199628893283,0.9189189383733827,0.41405692198280664,0.5244245020981722,0.6161447177298947,1
28.69823513330307,Travel_Rarely,111.37882159963684,Sales,16.31941353366624,3.0,Life Sciences,1.6035297333938616,Male,50.69823513330307,2.6982351333030694,1.6982351333030692,Sales Executive,2.3017648666969306,Single,4637.30469315357,16115.591034929328,5.0,Yes,11.905294600090793,3.0,1.3017648666969308,0.0,6.698235133303069,4.0,1.6035297333938616,4.698235133303069,2.6982351333030694,0.0,0.9052946000907924,2624.6419214074726,0.6999159587287176,0.5698235133303069,0.2263236500226981,0.0,1
22.46510184702413,Travel_Rarely,407.74366649286867,Research & Development,7.0,1.930203694048259,Life Sciences,3.5348981529758703,Male,86.16244432857911,3.0,1.0,Sales Representative,2.930203694048259,Single,2380.3749361362466,25632.014273293134,1.0,Yes,22.06979630595174,4.0,1.4651018470241295,0.4651018470241295,1.930203694048259,2.0,3.0,1.930203694048259,0.930203694048259,0.0,0.930203694048259,2380.3749361362466,1.0,0.3100678980160863,0.3100678980160863,0.0,1
32.14185809447881,Travel_Rarely,289.3579720098362,Sales,9.862804131286719,3.0,Life Sciences,3.141858094478814,Female,38.004662225765536,3.0,1.0,Research Scientist,3.0,Married,2645.3319899767557,9833.367004096704,1.8581419055211859,Yes,12.42790539631921,3.0,2.0,0.0,2.7162838110423717,2.0,3.0,2.144189207361581,0.5720946036807906,0.0,0.2860473018403953,2645.3319899767557,0.9182721994741728,0.11441892073615811,0.05720946036807906,0.0,1
53.33435960739069,Travel_Rarely,309.11145320246357,Sales,9.538705135818395,2.1269352567909197,Life Sciences,3.8730647432090803,Male,73.52322308149104,3.0,1.1269352567909197,Sales Executive,3.1269352567909197,Single,2779.973082091655,4913.265833227578,7.1114532024635615,No,11.888546797536439,3.0,4.0,0.8730647432090802,13.492258972836321,3.7461294864181607,1.2538705135818395,10.0,8.74612948641816,8.74612948641816,7.87306474320908,2411.035758228847,0.7505529305116914,0.874612948641816,0.7873064743209081,0.874612948641816,1
41.750243970545,Travel_Rarely,875.6926796144023,Sales,7.068292713884091,2.386341457223182,Medical,3.386341457223182,Male,72.49951205891,2.386341457223182,3.0,Sales Executive,2.8409756283304546,Single,9604.705366082742,12335.367825080757,0.6136585427768182,Yes,18.31804874333909,3.386341457223182,2.8409756283304546,0.0,9.0,2.613658542776818,3.0,8.613658542776818,7.613658542776818,4.0,7.0,3201.568455360914,0.9570731714196464,0.8835230353163447,0.8153387527855871,0.4659078587346212,1
36.78894410689348,Travel_Rarely,405.00010227349765,Research & Development,10.10552794655326,4.0,Medical,3.9296480356311605,Male,57.57788821378696,3.0,2.0,Sales Executive,1.0,Divorced,4213.703519643688,5221.3474038424165,1.0351759821844198,No,15.07035196436884,3.0,2.0351759821844198,0.0,9.96482401781558,3.9296480356311605,1.0,9.753768124709062,2.9296480356311605,0.03517598218441975,7.7889441068934815,2106.851759821844,0.9765493452103868,0.30117253273948064,0.7953098690420775,0.011725327394806584,1
44.09823528750008,Travel_Rarely,1326.9314738937098,Human Resources,1.392941150000321,2.0491176437500402,Medical,1.9508823562499598,Male,89.08441189374844,2.0491176437500402,3.0,Sales Executive,1.1473529312501203,Divorced,10463.040589512484,2996.947013625548,8.7544117812498,No,13.85264706874988,3.0,3.8526470687498797,1.0,24.19647057500016,1.0,3.0491176437500402,19.361470631249478,6.04911764375004,3.0491176437500402,5.85264706874988,3487.6801965041614,0.8046813744791433,0.3343823506250281,0.3063151256250051,0.1706995784375169,1
21.9941637932615,Travel_Rarely,192.6138250050418,Research & Development,5.595331034609199,3.19941637932615,Technical Degree,1.1994163793261499,Male,82.00583620673851,2.80058362067385,1.0,Sales Representative,1.0,Married,2785.548603433419,13299.546746574832,1.0,No,18.80058362067385,3.0,2.19941637932615,0.19941637932614986,1.0,2.0,3.19941637932615,1.0,0.0,0.0,0.0,2785.548603433419,1.0,0.0,0.0,0.0,1
33.75661964474683,Travel_Rarely,842.5991718858555,Research & Development,24.24338035525317,2.6216901776265846,Medical,1.3783098223734154,Male,53.10845088813292,2.0,1.3783098223734154,Manufacturing Director,2.3783098223734154,Married,3676.050290011415,7723.386018957184,3.6216901776265846,Yes,17.351831243386094,3.6216901776265846,1.6216901776265846,0.0,6.134929467120246,0.37830982237341526,3.0,1.6216901776265846,1.2433803552531695,1.2433803552531695,1.6216901776265846,2557.009835430853,0.2959647988473108,0.6216901776265847,1.0,0.6216901776265847,1
25.16572033853803,Travel_Rarely,1391.7127965796112,Research & Development,13.219067795126763,3.7219067795126763,Life Sciences,1.5561864409746473,Male,50.00567796877183,3.2780932204873237,1.0,Laboratory Technician,1.7219067795126763,Divorced,2158.3120337837863,11194.66927806858,1.7219067795126763,Yes,15.22474576389859,3.2780932204873237,3.7219067795126763,1.2780932204873237,3.8876271180507054,2.0,3.0,2.165720338538029,1.4438135590253527,0.0,1.4438135590253527,2158.3120337837863,0.4331440677076058,0.48127118634178423,0.48127118634178423,0.0,1
29.963704249807257,Travel_Rarely,110.64886408018452,Sales,5.010370214340783,3.0,Life Sciences,2.0051851071703917,Male,60.202219179645276,3.0,1.0,Laboratory Technician,2.0103702143407833,Divorced,2421.2377892459526,25721.774863340015,0.005185107170391667,No,17.020740428681567,3.0051851071703917,1.0051851071703917,0.005185107170391667,3.9948148928296083,2.9948148928296083,3.0,3.0,2.0,0.9948148928296083,2.0,2421.2377892459526,0.7512962767925979,0.6666666666666666,0.6666666666666666,0.3316049642765361,1
38.037225797493996,Non-Travel,1185.5652567253526,Research & Development,28.906935506265008,1.0372257974939967,Life Sciences,2.0,Female,70.55838696240995,3.0186128987469982,2.0372257974939965,Healthcare Representative,1.0186128987469982,Married,6794.374712729176,11460.40994213659,6.944161303759005,Yes,18.944161303759003,3.0,2.0372257974939965,0.0,17.093064493734992,2.0,2.9813871012530018,1.0,0.0,0.0,0.0,3335.792709847614,0.05857469386701874,0.0,0.0,0.0,1
47.46555720972651,Travel_Rarely,1051.1178176439375,Sales,5.172379534520131,2.362063255753355,Marketing,1.0,Male,85.63793674424664,1.637936744246645,1.362063255753355,Sales Representative,3.0,Married,3647.1744500711848,5866.157229423303,3.534442790273485,No,13.637936744246645,3.0,2.637936744246645,0.0,4.44825302301342,2.0,2.637936744246645,3.362063255753355,2.362063255753355,0.3620632557533551,2.362063255753355,2679.3793674424664,0.8448300332485621,0.6968386046461129,0.6968386046461129,0.09051581393833877,1
44.0,Travel_Rarely,1066.5639197123037,Research & Development,8.684860728309413,3.8121229611870593,Life Sciences,2.6242459223741186,Male,94.68486072830942,3.0,1.0,Research Scientist,2.6242459223741186,Married,2828.158579721372,11548.011460158132,1.5636311164388226,No,11.18787703881294,3.0,3.0,0.0,6.751508155251763,4.0,3.1878770388129407,5.436368883561178,3.6242459223741186,0.18787703881294082,2.0,2828.158579721372,0.8684860728309414,0.6666666666666666,0.3959590129376469,0.06262567960431359,1
46.69266580403347,Travel_Rarely,623.6770314754834,Research & Development,11.538222797311024,4.0,Medical,3.2527301998079303,Male,88.2854925975031,2.2527301998079303,2.0,Manufacturing Director,2.2527301998079303,Married,5253.879987362217,18583.536961364247,1.7472698001920697,Yes,15.0,3.0,1.7581905994237905,0.5054603996158604,10.74726980019207,3.0,2.0,8.50546039961586,2.0,6.74726980019207,7.0,2626.9399936811087,0.7961991454021629,0.2373634900096035,0.8307722150336122,0.8054991950528192,1
29.53130226413631,Travel_Frequently,136.30164311405983,Research & Development,4.648476698102234,3.0,Life Sciences,1.882825566034078,Male,59.648476698102236,3.0,1.0,Research Scientist,1.882825566034078,Married,2377.4737150929495,24508.846549867696,0.7030466037955314,Yes,16.648476698102236,3.0,1.117174433965922,0.11717443396592198,4.234348867931844,2.882825566034078,3.0,3.0,2.0,1.0,2.0,2377.4737150929495,0.7207063915085195,0.6666666666666666,0.6666666666666666,0.3333333333333333,1
31.745447603341923,Travel_Rarely,1219.0352737246817,Sales,2.890933388303275,3.872723801670961,Life Sciences,3.7454476033419217,Male,94.23634281002576,3.0,1.0,Sales Representative,2.2545523966580783,Single,1353.2898261213397,23727.769340159597,1.0,No,12.127276198329039,3.0,1.2545523966580785,0.0,1.0,2.127276198329039,2.872723801670961,1.0,0.0,0.0,0.0,1353.2898261213397,1.0,0.0,0.0,0.0,1
35.56445666111888,Travel_Frequently,324.24205607316446,Sales,10.538328752080417,3.8205570826398607,Technical Degree,3.461671247919582,Female,56.743899578479024,3.0,2.0,Sales Executive,1.1794429173601393,Single,4491.495407742936,7233.78036658022,1.7177716694405571,No,14.282228330559443,3.0,1.8205570826398607,0.0,9.461671247919583,4.0,1.0,9.102785413199303,3.0,0.0,6.564456661118886,2245.747703871468,0.9487305950399603,0.35383287520804174,0.6564456661118886,0.0,1
50.72719566985416,Travel_Rarely,1201.602073085103,Research & Development,3.181587009562493,4.0,Life Sciences,1.2728043301458358,Male,50.36825980875014,3.0,1.2728043301458358,Research Scientist,3.0,Divorced,3625.0560767322813,11402.211387162113,8.454391339708328,No,12.0,3.0,3.272804330145836,2.727195669854164,16.363174019124987,2.272804330145836,3.727195669854164,8.908782679416657,0.8184129904375071,1.4543913397083286,5.363174019124986,2707.3423101216895,0.5403997594363424,0.13640216507291786,0.5545043572555542,0.14543913397083286,1
53.42800630663667,Travel_Rarely,772.9588648053995,Sales,5.714003153318335,2.6429984233408326,Life Sciences,2.714003153318335,Male,66.85601261327334,3.0,2.285996846681665,Sales Executive,2.3570015766591674,Single,6265.791371342464,15155.095828253996,8.642998423340833,No,16.14398738672666,3.0,3.3570015766591674,0.35700157665916743,11.42800630663667,2.714003153318335,1.6429984233408326,8.714003153318334,7.714003153318335,7.714003153318335,7.357001576659167,2645.2815823180167,0.7693998648577857,0.8839250394164792,0.8482248817505624,0.8839250394164792,1
31.936777778239463,Travel_Rarely,421.5234443895037,Sales,2.0,4.0,Marketing,3.0,Male,81.43100000415518,2.0158055554401337,1.9841944445598663,Research Scientist,2.0158055554401337,Single,9819.674306193261,26030.915890021406,6.984194444559866,Yes,12.07902777720067,3.0,3.0158055554401337,0.0,6.9683888891197325,3.0,2.0,2.0,2.0,2.0,1.9841944445598663,4944.467125065964,0.28752063490744384,1.0,0.9920972222799331,1.0,1
43.9300497895963,Travel_Rarely,640.2276920753886,Sales,7.758029873757782,1.7930049789596305,Medical,3.0,Male,61.3090647264752,2.0,3.0,Sales Executive,4.0,Married,9765.1384848545,11923.894220035894,1.0,Yes,14.965024894798152,3.0,3.379014936878891,0.2069950210403696,10.448965147282587,3.620985063121109,3.0,10.448965147282587,7.7930049789596305,3.7930049789596305,7.0,3255.046161618167,1.0,0.7954536363359442,0.7073419720070965,0.3912582237604606,1
42.77610708414077,Travel_Frequently,1108.6269827006627,Research & Development,9.816416062621116,3.9388053542070383,Life Sciences,2.8776107084140765,Female,93.49101952248857,3.0,1.0,Laboratory Technician,3.0,Married,2932.9402677103517,11030.512506240078,1.0,Yes,11.305973228964808,3.0,3.0611946457929617,0.06119464579296163,6.0,4.0,3.0,6.0,3.9388053542070383,0.06119464579296163,2.0,2932.9402677103517,1.0,0.6564675590345064,0.3333333333333333,0.010199107632160281,1
28.502362676006324,Travel_Rarely,799.6714917733514,Sales,13.151703051959945,2.834120892002108,Medical,3.6682417840042163,Female,89.8435715960274,1.8341208920021081,1.1658791079978919,Sales Executive,1.0,Single,2829.4799120145926,13193.194702050214,6.331758215995784,No,19.668241784004216,3.834120892002108,3.165879107997892,0.0,3.6635164319915674,5.165879107997892,3.0,0.3317582159957837,0.3317582159957837,0.3317582159957837,0.3317582159957837,2417.3532681938304,0.04739403085654054,0.16587910799789185,0.16587910799789185,0.16587910799789185,1
39.1131567438144,Travel_Frequently,1131.7632077680428,Research & Development,28.07236938015467,1.3710522479381322,Medical,2.371052247938132,Male,64.99079465283522,3.0,1.814473876030934,Laboratory Technician,1.3710522479381322,Divorced,6021.43225262064,12943.21677791902,6.257895504123736,Yes,19.5565783719072,3.185526123969066,2.371052247938132,0.1855261239690661,17.37105224793813,1.6289477520618678,2.628947752061868,1.0,0.0,0.0,0.0,3303.940165243429,0.0576747608422968,0.0,0.0,0.0,1
26.053355910937604,Travel_Rarely,1255.212695028636,Sales,2.8252052541667583,1.6844519703125345,Marketing,1.0,Female,65.42225985156267,3.0,1.2281506567708447,Sales Representative,1.7718493432291553,Single,4347.772598303182,21153.62359416298,0.7718493432291552,Yes,16.228150656770843,3.0,1.7718493432291553,0.0,6.0,3.7718493432291553,3.0,5.0,2.7718493432291553,0.7718493432291552,3.7718493432291553,3409.6170976614685,0.8333333333333334,0.554369868645831,0.7543698686458311,0.15436986864583105,1
29.481085357512917,Travel_Rarely,693.3602719792912,Research & Development,7.113487854922505,3.0,Technical Degree,3.518914642487084,Female,66.98356140932837,2.481085357512916,1.0,Research Scientist,2.4432560725387473,Single,2346.750842455963,7605.300701306001,7.443256072538747,Yes,21.443256072538748,4.0,3.0,0.0,3.0,4.5189146424870845,3.0,0.4810853575129158,0.0,0.0,0.0,2346.750842455963,0.1603617858376386,0.0,0.0,0.0,1
33.04116585038822,Travel_Rarely,400.9923393824902,Research & Development,3.6029146259705445,2.479417074805891,Life Sciences,4.0,Male,46.90309516937084,1.479417074805891,1.0,Sales Representative,3.0,Divorced,3012.116146157324,10967.2034053706,0.0,Yes,15.041165850388218,3.0,4.0,0.5205829251941089,3.479417074805891,2.520582925194109,1.520582925194109,2.479417074805891,2.0,1.0,0.9588341496117823,3012.116146157324,0.7066180895671575,0.8401943083980363,0.3196113832039274,0.42009715419901816,1
37.51240179806273,Non-Travel,1188.2712033727432,Sales,21.16147802957707,2.7298152463028664,Life Sciences,1.2701847536971334,Female,69.70184753697133,4.0,2.0,Sales Executive,3.7298152463028664,Single,5599.311935790967,6188.540694275597,6.919260985211467,Yes,12.729815246302866,3.0,2.5403695073942667,0.0,8.729815246302866,2.7298152463028664,2.2701847536971336,5.0,2.5403695073942667,0.27018475369713335,3.7298152463028664,2799.6559678954836,0.5743183856734121,0.5080739014788533,0.7459630492605733,0.05403695073942669,1
29.554370651657106,Travel_Rarely,740.2310288647282,Research & Development,1.0923951086095176,2.0923951086095176,Life Sciences,1.9076048913904824,Female,39.04903858411408,2.0923951086095176,1.0,Laboratory Technician,1.0,Married,2296.363198390668,8530.434514587687,1.0,Yes,11.092395108609518,3.0,4.0,1.0,1.0,1.0923951086095176,3.0,1.0,0.0,0.0,0.0,2296.363198390668,1.0,0.0,0.0,0.0,1
40.39340785864014,Travel_Rarely,1337.347657414863,Sales,8.846671050508244,3.0,Technical Degree,1.4599868484752694,Female,77.79353937388746,1.1533289494917565,2.0,Sales Executive,2.693342101016487,Single,5342.933421010165,8503.861499515464,7.693342101016487,No,13.613315797967026,3.0,2.1533289494917565,0.0,6.8466710505082435,2.0,2.0,4.0,3.0,1.0,2.8466710505082435,2671.4667105050826,0.5860313285230244,0.75,0.7116677626270609,0.25,1
35.696761508122165,Travel_Frequently,1385.0421929005859,Human Resources,14.51619245938919,4.696761508122162,Marketing,2.0,Female,87.96417996523729,2.151619245938919,2.151619245938919,Sales Executive,1.0,Divorced,6712.579042502915,9093.905332074391,5.606476983755677,Yes,13.303238491877838,3.0,2.151619245938919,3.0,15.241903770305406,2.848380754061081,3.0,2.151619245938919,2.0,1.6967615081221619,2.0,3104.8542717360833,0.14739829769552212,0.9494602513536936,0.9494602513536936,0.8483807540610809,1
24.553396869350408,Travel_Rarely,1387.5567641587277,Research & Development,1.0614885410389343,1.0614885410389343,Technical Degree,1.0,Female,60.58576355610451,3.0,1.0,Sales Representative,1.9385114589610657,Single,3171.5631721857276,21943.530805498973,1.368931246233605,Yes,16.245954164155737,3.0614885410389343,1.9385114589610657,0.0,6.430419787272539,3.9385114589610657,3.0614885410389343,5.245954164155737,3.245954164155737,1.0,4.184465623116802,3171.5631721857276,0.8246618724175863,0.6109312961846993,0.7986335879769126,0.1945343519076503,1
32.17509269365918,Travel_Rarely,1053.8851409835252,Research & Development,24.528624396376674,3.0,Medical,1.0,Male,52.87880978369504,2.117843900905831,1.0,Research Scientist,2.117843900905831,Divorced,2320.5420096579733,4923.283096837513,3.6464682972825067,No,20.0,4.0,2.117843900905831,0.11784390090583108,4.528624396376676,0.0,2.882156099094169,1.882156099094169,1.882156099094169,1.7643121981883378,1.7643121981883378,2320.5420096579733,0.4707063405434987,1.0,0.8821560990941689,0.8821560990941689,1
53.58086069378867,Travel_Rarely,271.26953564596226,Sales,2.0,1.7904303468943361,Life Sciences,1.7904303468943361,Female,50.149603660249085,1.526953564596224,5.0,Manager,3.473046435403776,Married,19687.17740740343,25823.60447350466,2.5808606937886722,No,14.209569653105664,3.0,4.0,0.736523217701888,34.844337476086785,2.736523217701888,3.0,31.736523217701887,14.263476782298111,7.844337476086784,8.736523217701889,3937.435481480686,0.9183988385980191,0.4497176733726947,0.2751411633136526,0.24858836686347355,1
24.168456068153144,Travel_Rarely,1257.3115750166871,Research & Development,14.831543931846856,1.7041013484784764,Medical,3.2958986515215236,Female,73.44921618174172,3.0,1.0,Research Scientist,4.0,Single,2125.494313126348,11386.810270136313,1.0,No,16.88769595456457,3.0,1.7041013484784764,0.0,1.0,3.0,2.0,1.0,0.0,0.0,0.0,2125.494313126348,1.0,0.0,0.0,0.0,1
30.851650511659233,Travel_Frequently,773.989520751579,Research & Development,7.827831627802557,2.851650511659233,Medical,3.617216837219744,Female,51.90472446457329,1.7655663255605114,3.0,Sales Executive,4.0,Single,9310.216335564612,24708.818924867304,0.6172168372197443,Yes,11.382783162780255,3.0,2.2344336744394884,0.0,12.086084186098722,1.6172168372197442,2.382783162780256,11.703301023318467,7.617216837219744,8.234433674439488,7.617216837219744,3103.405445188204,0.9574685374688605,0.6876306029868633,0.6876306029868633,0.7317175199311308,1
23.14670504529209,Travel_Rarely,440.8147250983384,Research & Development,6.853294954707911,3.0,Technical Degree,3.0,Male,98.65768822765179,3.0,1.0,Sales Representative,3.975549159117985,Divorced,2269.694167528603,24972.285804644747,0.9755491591179851,No,20.828844113825895,3.975549159117985,2.04890168176403,0.9755491591179851,3.0978033635280595,1.975549159117985,2.975549159117985,3.0733525226460445,2.0,0.02445084088201488,2.0733525226460445,2269.694167528603,0.9965070227311408,0.6585163863726616,0.6707418068136691,0.004075140147002479,1
40.37861741218887,Travel_Frequently,715.0892244370791,Research & Development,1.603563764635188,2.603563764635188,Medical,3.0,Male,88.13585223656662,3.0,1.603563764635188,Research Scientist,2.0,Divorced,3858.7557405282273,9016.344213419588,2.8106912939055637,Yes,11.396436235364812,3.0,1.7928724707296242,2.396436235364812,6.603563764635188,2.0,2.603563764635188,5.0,2.396436235364812,1.396436235364812,3.603563764635188,2393.6047018763084,0.7614805042100967,0.47928724707296244,0.7207127529270376,0.27928724707296243,1
37.09319418735814,Travel_Rarely,1156.4252758942791,Research & Development,18.155779696995346,3.531292754818605,Life Sciences,2.93741449036279,Male,44.59387826445582,3.0,1.531292754818605,Sales Executive,1.9374144903627901,Divorced,3730.5458331655445,15452.89051748517,2.468707245181395,No,19.343536225906973,3.468707245181395,3.468707245181395,0.46870724518139506,13.68707245181395,1.0625855096372099,1.0,2.06258550963721,0.5312927548186049,0.5312927548186049,1.0625855096372099,2606.064717591967,0.20176638731750313,0.17709758493953498,0.35419516987906996,0.17709758493953498,1
42.16387129260423,Travel_Rarely,538.9238770473077,Research & Development,14.55741913826385,4.0,Medical,3.4683870813045607,Male,91.08903205695928,2.4683870813045607,2.0,Research Scientist,2.4683870813045607,Married,5520.863206655046,19297.361239118094,1.5316129186954393,Yes,15.0,3.0,2.405161243913682,0.9367741626091213,10.531612918695439,3.0,2.0,8.93677416260912,2.0,6.53161291869544,7.0,2760.431603327523,0.8550146585376075,0.22658064593477198,0.7930322607717019,0.7461935526412458,1
33.67951869905028,Travel_Frequently,1050.6535127100472,Sales,13.88459050074978,4.0,Life Sciences,1.1410272999500146,Male,73.38465519880035,3.0,2.8589727000499856,Sales Executive,3.0,Married,7958.907879171629,18332.54340713728,2.705136499750073,No,12.858972700049986,3.0,1.4230818998500439,2.8589727000499856,10.282054599900029,2.1410272999500144,3.0,1.705136499750073,0.42308189985004385,0.0,0.14102729995001462,2811.1079054011598,0.15641091998000586,0.07051364997500731,0.0235045499916691,0.0,1
21.570436273478762,Travel_Rarely,765.9826347858783,Sales,2.2121770811423715,1.0,Technical Degree,1.1426090683696908,Male,98.07304105559702,2.0,1.0,Research Scientist,2.1426090683696906,Single,2189.3304748497417,9564.350648148136,1.0,Yes,11.14260906836969,3.0,3.0,0.0,3.0713045341848453,3.0,2.9286954658151547,3.0713045341848453,2.0713045341848453,0.9286954658151546,1.9286954658151547,2189.3304748497417,1.0,0.6726087111820704,0.6369564440896477,0.3095651552717182,1
29.72306494447052,Travel_Frequently,737.5779792366675,Research & Development,9.300077860941627,2.4461298889410377,Life Sciences,3.0,Female,89.78451955576415,3.3615324722352593,3.0,Manufacturing Director,3.2769350555294814,Single,7514.316025470827,17868.906921178605,0.3615324722352594,Yes,11.63846752776474,3.0,1.0,0.0,9.36153247223526,1.3615324722352593,3.0,8.723064944470519,7.361532472235259,5.915402583294222,7.0,2504.7720084902758,0.9290591635816955,0.8478850645823556,0.8117318173588296,0.7032720756882518,1
39.07881072197772,Travel_Rarely,1334.0665410291226,Sales,8.842378556044569,3.0,Life Sciences,1.0,Male,72.07881072197772,3.1535315463370477,1.1535315463370475,Sales Executive,1.4605946390111424,Single,2647.781992405655,3540.586920340543,3.7676577316852375,Yes,13.846468453662952,3.0,2.0,0.0,9.846468453662952,3.0,1.1535315463370475,4.153531546337048,2.0,0.0,3.1535315463370477,2240.616331519805,0.423882684985763,0.48464684536629526,0.7576765773168523,0.0,1
29.866489456736172,Travel_Rarely,115.64986709255213,Sales,13.649867092552128,3.0,Technical Degree,1.0,Female,54.89920255531277,3.0,2.0,Sales Executive,1.7833776358159574,Single,5669.469537394837,19439.366969668434,5.0,No,11.86648945673617,3.0,1.4332447283680854,0.0,6.783377635815957,3.7833776358159574,1.4332447283680854,4.566755271631915,2.7833776358159574,0.0,0.43324472836808536,2834.7347686974185,0.6678666362462766,0.6144414909456029,0.14441490945602845,0.0,1
34.75290726071451,Travel_Rarely,1164.180299007195,Human Resources,19.23546369642746,3.752907260714508,Human Resources,2.0,Female,62.95204240893447,2.623546369642746,2.623546369642746,Sales Executive,1.0,Divorced,8513.452946556718,10450.695812722894,7.494185478570984,Yes,14.247092739285492,3.0,2.623546369642746,3.0,12.88226815178627,2.376453630357254,3.0,2.623546369642746,2.0,0.7529072607145082,2.0,3222.6787436208056,0.21711480460631472,0.7921512101190846,0.7921512101190846,0.3764536303572541,1
44.776320721031894,Travel_Frequently,988.9318097442927,Sales,7.221056576825514,3.2223679278968107,Life Sciences,2.5552641442063786,Male,73.99475459571481,1.2223679278968107,3.7776320721031893,Sales Executive,3.0,Married,12418.549831784121,22108.875610377676,6.555264144206379,No,11.0,3.0,3.0,0.0,23.221056576825514,2.7776320721031893,1.0,20.998688648928702,4.110528288412757,13.332896216309567,9.332896216309567,3301.2292368674694,0.8985480351911312,0.1849338738784158,0.4492848648628355,0.6480589189134106,1
27.957755115037124,Travel_Frequently,692.2242585584245,Research & Development,21.014107176972445,1.6197193893796402,Medical,3.3802806106203596,Male,79.36617343364792,2.0,1.0,Laboratory Technician,2.3802806106203596,Single,3672.9431114163835,15049.426975282295,0.3802806106203598,No,11.0,3.0,1.6197193893796402,0.0,5.61971938937964,2.0,3.6197193893796404,5.0,4.0,1.0,3.2394387787592804,3672.9431114163835,0.8967134351033933,0.8,0.6478877557518561,0.2,1
37.23494504728729,Travel_Rarely,509.5603661191325,Sales,10.939780189149156,2.9216849842375705,Medical,1.1566300315248592,Male,61.54820511033701,2.9216849842375705,2.9216849842375705,Sales Executive,3.0,Married,9760.740522183409,21283.699895503123,5.686739936950282,Yes,11.07831501576243,3.0,1.9216849842375705,2.0,16.295164858138133,5.0783150157624295,3.0,1.3915750788121484,0.31326006304971843,0.07831501576242961,0.0,3336.855140821853,0.1129530256005028,0.05221001050828644,0.0,0.01305250262707161,1
31.272217355998073,Travel_Rarely,480.74136739388143,Sales,6.112489050995663,1.8638913220009639,Medical,1.431945661000482,Female,42.31945661000482,1.431945661000482,1.0,Laboratory Technician,3.5680543389995183,Divorced,3145.377038111707,13969.030181045106,6.568054338999518,No,15.591673966002892,3.0,1.8638913220009639,3.0,6.704163016998554,2.4319456610004817,3.0,3.5680543389995183,2.5680543389995183,0.5680543389995181,2.5680543389995183,3145.377038111707,0.5431945661000481,0.7140045282499599,0.7140045282499599,0.14201358474987952,1
33.0,Travel_Rarely,276.22560564956757,Sales,13.716331464851603,3.326238362164057,Marketing,1.0,Female,71.60990689731246,3.0,2.0,Sales Executive,1.0,Single,6270.091250275765,23857.29202250353,3.368808189179716,Yes,15.652476724328114,3.0,2.3475232756718865,0.0,6.0,3.0,3.0,3.6524767243281135,2.0,0.0,2.326238362164057,3135.0456251378823,0.6087461207213523,0.5796697700895849,0.6449174425223961,0.0,1
27.00468555618078,Travel_Frequently,1335.793469283449,Research & Development,22.008199723316366,2.998828610954805,Medical,1.0023427780903902,Male,58.015228057587535,2.0,1.0,Human Resources,2.0,Married,2863.7215756518403,19545.742512375822,0.9988286109548049,No,11.998828610954805,3.0,1.001171389045195,0.0,1.0058569452259754,2.0,3.001171389045195,1.0046855561807804,0.00468555618078037,0.0011713890451950926,0.00468555618078037,2863.7215756518403,0.9998047684924675,0.0009371112361560296,0.0009371112361560296,0.0002342778090390074,1
26.526809528147282,Travel_Frequently,1094.6015030710712,Research & Development,13.858483004971198,3.3609727897353263,Marketing,1.0,Female,57.88778231788261,3.0,1.3609727897353263,Laboratory Technician,3.3609727897353263,Married,3871.816688767176,16661.239058701896,1.0,Yes,14.195136051323368,3.0,3.6390272102646737,0.6390272102646738,7.443891158941305,4.0,3.0,7.443891158941305,4.443891158941305,0.6390272102646738,4.165836738411957,2858.024608795512,1.0,0.5721945579470652,0.5017873018764856,0.1065045350441123,1
25.089719819674773,Travel_Rarely,244.51589759029696,Sales,5.224299549186936,3.0,Life Sciences,2.985046696720871,Female,46.37383258197822,1.9850466967208709,2.0,Sales Executive,3.0,Single,5726.280335614232,26926.53637858101,1.029906606558258,Yes,11.0,3.0,3.985046696720871,0.014953303279129027,5.970093393441742,1.0149533032791291,3.0,5.9401867868834834,3.9700933934417417,0.029906606558258053,2.985046696720871,2863.140167807116,0.9925233483604354,0.671651101093043,0.5074766516395646,0.014953303279129027,1
53.550061864202064,Travel_Frequently,619.437160890616,Research & Development,8.691800705771145,4.0,Life Sciences,2.0,Female,80.98310649792575,3.0,1.4083230226329888,Research Scientist,2.408323022632989,Divorced,5683.6901349472255,8489.107855558475,8.183353954734022,Yes,15.550061864202068,3.0,2.224969067898966,2.591676977367011,9.041615113164944,2.408323022632989,3.0,5.408323022632989,3.591676977367011,2.3667079094680448,2.1833539547340224,4310.091486809851,0.6267879237215024,0.6775030932101034,0.4230600235257048,0.473341581893609,1
37.03736440008955,Travel_Rarely,741.9991959149772,Research & Development,3.6846122998432884,3.2406588999776127,Life Sciences,3.2406588999776127,Male,83.88790679973135,3.0,2.0,Manufacturing Director,1.7593411000223873,Married,4973.163519889008,7305.247889532349,4.0,No,12.443953399865675,3.0,1.4813177999552252,1.7593411000223873,7.962635599910451,2.2406588999776127,2.7593411000223873,5.481317799955225,1.7593411000223873,0.7593411000223874,4.721976699932838,2486.581759944504,0.6955330727290172,0.33811628286289963,0.8481317799955226,0.1518682200044775,1
20.581727297958714,Travel_Frequently,1140.339738954885,Research & Development,8.32690919183486,3.0,Life Sciences,3.418272702041285,Female,48.54818106123855,2.0,1.0,Laboratory Technician,2.2548181061238552,Single,2047.5917800823404,18314.138572654243,1.0,Yes,15.091363510206426,3.0,1.418272702041285,0.0,1.0,5.5817272979587145,2.418272702041285,1.0,0.0,1.0,0.0,2047.5917800823404,1.0,0.0,0.0,1.0,1
26.0,Travel_Rarely,976.5752355655294,Research & Development,19.57220993901301,2.213895030493495,Medical,3.679157454259758,Female,66.43325963407807,3.0,1.0,Laboratory Technician,2.0,Divorced,2172.063190930518,7668.754333664036,0.2138950304934948,Yes,11.213895030493495,3.0,3.1069475152467474,0.1069475152467474,5.893052484753253,2.8930524847532526,3.0,4.786104969506505,1.1069475152467474,0.8930524847532526,3.786104969506505,2172.063190930518,0.8083789131090923,0.2499088404484821,0.7857403313004337,0.17861049695065054,1
41.391975320119094,Non-Travel,910.7502199576595,Research & Development,23.391975320119094,2.7982804257398057,Medical,1.4005731914200648,Male,75.18165787455793,3.0,3.0,Manager,2.4005731914200648,Married,12554.409390090734,16016.625870069349,3.4034391485203885,Yes,12.0,3.0,4.0,0.5994268085799352,12.002865957100324,2.0,2.8011463828401295,8.798280425739806,6.599426808579935,8.19885361715987,8.19885361715987,4184.803130030245,0.7863609645759655,0.7629472157945816,0.9400573191420065,0.9400573191420065,1
31.84563739083897,Travel_Rarely,481.30874679206727,Research & Development,3.845637390838969,2.7114093477097425,Marketing,3.4228186954194846,Female,34.57718130458051,2.7114093477097425,1.0,Sales Representative,2.4228186954194846,Single,2697.469772981583,8439.778404713676,1.0,Yes,12.422818695419485,3.0,2.5771813045805154,0.2885906522902577,1.0,1.7114093477097423,3.0,1.0,0.0,0.0,0.0,2697.469772981583,1.0,0.0,0.0,0.0,1
29.0,Travel_Rarely,735.2581445527251,Research & Development,1.0,3.5249775559956396,Medical,1.4750224440043607,Male,41.70026932805233,2.5249775559956396,1.0,Research Scientist,3.5249775559956396,Married,3843.1304037633354,24887.991600700654,7.574932667986918,Yes,16.375112220021805,3.0,2.4750224440043604,3.0,4.4750224440043604,3.0,3.5249775559956396,2.4750224440043604,2.0,1.0499551119912787,2.0,3843.1304037633354,0.547502244400436,0.8416591853318798,0.8416591853318798,0.5249775559956393,1
28.14862666252655,Travel_Rarely,170.03062479947448,Research & Development,22.439420043471216,3.0,Technical Degree,3.0743133312632756,Male,52.82390658800447,2.0743133312632756,1.0,Laboratory Technician,2.851373337473449,Single,2074.7430853646,12620.690162422958,5.0,Yes,13.777060006210174,3.0,2.0743133312632756,0.0,6.148626662526551,4.0743133312632756,3.0,4.0743133312632756,2.0,0.0,3.0743133312632756,2074.7430853646,0.6635702778640301,0.49256866687367246,0.7537156665631638,0.0,1
49.81180443763556,Travel_Frequently,854.2873591420802,Sales,1.0,3.8118044376355567,Life Sciences,1.9059022188177783,Male,94.37639112472888,2.9059022188177783,2.0940977811822217,Sales Executive,3.0,Divorced,6601.2502887475475,14729.158719377214,7.188195562364443,Yes,12.09409778118222,3.0,4.0,1.8118044376355567,13.03507559300444,2.9059022188177783,3.0,5.529511094088892,2.717706656453335,0.0,0.9059022188177783,3216.2351176168513,0.4570423172863771,0.45295110940888916,0.1509837031362964,0.0,1
26.460739337258342,Travel_Rarely,1286.1997218413012,Research & Development,23.9249415463972,2.692840441827771,Medical,1.307159558172229,Male,53.83603160527235,1.1535797790861144,1.0,Laboratory Technician,3.1535797790861144,Single,2307.743658792267,11234.211767316163,1.0,No,12.153579779086115,3.0,3.0,0.0,1.4607393372583437,2.1535797790861144,2.0,1.4607393372583437,0.4607393372583436,0.0,1.0,2307.743658792267,1.0,0.1151848343145859,0.8848151656854141,0.0,1
26.0,Travel_Rarely,556.5679224541256,Sales,3.6012531526427285,3.0,Technical Degree,1.8006265763213642,Male,51.929365016631365,2.7331244745595455,1.2668755254404547,Research Scientist,1.0,Married,2918.419225546453,12068.234796540335,6.0,No,14.800626576321363,3.0,2.2668755254404545,0.7331244745595453,6.0,2.0,2.7331244745595455,3.2668755254404545,2.2668755254404545,1.0,2.0,2207.7297012985223,0.5444792542400758,0.6889062937867045,0.6221874124265908,0.3110937062132954,1
27.62179947699032,Travel_Rarely,1460.4169660043708,Research & Development,8.21799476990319,1.0,Marketing,3.0,Male,81.26920313805809,3.0,1.0,Laboratory Technician,2.8653984309709566,Divorced,2713.9334751030924,20455.472743429018,0.6217994769903189,No,11.0,3.0,3.243598953980638,0.3782005230096811,2.5128020920387244,3.621799476990319,2.378200523009681,2.1346015690290434,1.7564010460193622,0.0,0.7564010460193622,2713.9334751030924,0.9243598953980638,0.9054498692475798,0.18910026150484055,0.0,1
23.353609162802698,Travel_Rarely,1328.8402290700674,Research & Development,7.469586255795954,1.0,Medical,3.9115977092993255,Male,92.2927816743946,2.0884022907006745,1.0,Sales Representative,2.823195418598651,Single,3905.1946284157607,20211.17428742914,0.9115977092993256,Yes,11.0,3.0,1.0884022907006745,0.0884022907006744,5.0,2.0884022907006745,3.0,4.9115977092993255,3.9115977092993255,0.9115977092993256,2.0,3905.1946284157607,0.9823195418598651,0.7955798854649663,0.40884022907006745,0.18231954185986513,1
28.080287649045953,Travel_Rarely,513.3037646115163,Human Resources,21.040143824522975,2.5200719122614883,Life Sciences,2.439784263215536,Female,58.07848984250875,3.0,1.0,Human Resources,2.5200719122614883,Married,2139.678849403816,9307.33439201592,2.0802876490459523,Yes,11.0,3.0,2.4799280877385117,0.0,6.520071912261488,2.4799280877385117,3.0,5.0,1.520071912261488,0.4799280877385119,2.439784263215536,2139.678849403816,0.7714200104450609,0.3040143824522976,0.4879568526431072,0.09598561754770239,1
46.610760535365685,Travel_Rarely,382.0387744167669,Sales,11.901112542986994,3.0,Marketing,1.458070401524262,Male,50.01502826006153,2.847309866158579,3.0,Sales Executive,3.541929598475738,Divorced,10211.739121451797,16077.614080304853,4.0,Yes,11.30538026768284,3.0,1.1526901338414208,1.0,26.778478929268633,1.3053802676828414,3.847309866158579,6.389239464634317,6.236549330792896,3.6946197323171583,2.541929598475738,3403.9130404839325,0.23473098661585792,0.9491032887195264,0.3631327997822482,0.5859704889372781,1
31.807738463730935,Travel_Frequently,241.33253329533042,Research & Development,4.903869231865468,2.032043589378177,Life Sciences,1.0,Female,47.32043589378177,3.967956410621823,1.0,Research Scientist,2.9359128212436456,Single,2419.5030001425107,15318.89722050259,3.0961307681345316,Yes,14.0,3.0,1.0320435893781772,0.032043589378177195,7.935912821243646,2.0,3.0,3.967956410621823,1.0320435893781772,0.032043589378177195,2.967956410621823,2419.5030001425107,0.5,0.2633514955742405,0.7473297008851519,0.010681196459392398,1
28.241210221093866,Travel_Rarely,440.7808559261567,Sales,4.414554005077605,2.8103025552734664,Medical,2.1896974447265336,Male,45.7236306632816,2.0,1.0,Sales Representative,2.8103025552734664,Married,2726.5870888908316,22625.869271111857,5.051512776367332,Yes,18.810302555273466,3.0,3.0,3.0,4.241210221093866,2.8103025552734664,3.0,2.620605110546933,1.6206051105469328,0.0,1.6206051105469328,2726.5870888908316,0.6758789778906134,0.5402017035156442,0.5402017035156442,0.0,1
32.78282056564864,Travel_Frequently,891.7194714367038,Research & Development,26.176667353432386,3.3484616969459355,Medical,1.2171794343513547,Female,57.909229818324384,1.7828205656486453,1.7828205656486453,Research Scientist,2.5656411312972907,Single,4380.081313167052,3466.0624821133024,1.0,No,22.0,4.0,2.0,0.0,13.131282262594581,4.217179434351355,3.0,12.348461696945936,5.914102828243227,3.6515383030540645,7.782820565648645,2615.603758195006,0.944084245310811,0.4649546529887722,0.633761336752807,0.3109585603758849,1
20.227942263754727,Travel_Frequently,758.9135548288534,Research & Development,8.924019245415092,2.981004811353773,Marketing,3.9430144340613182,Female,53.86703367947641,3.018995188646227,1.0,Research Scientist,3.981004811353773,Single,2325.070475562439,17169.15607902457,1.0379903772924544,Yes,14.0,3.0,1.9810048113537728,0.0,2.1139711318773635,2.981004811353773,3.0,2.0379903772924544,1.9810048113537728,0.0,2.018995188646227,2325.070475562439,0.9905024056768864,0.9857536085153296,0.9952512028384433,0.0,1
21.416108404536235,Travel_Rarely,562.3087697995943,Research & Development,4.517526052508861,2.685309243436392,Medical,3.0,Male,54.821778996426744,2.0,1.0,Research Scientist,3.157345378281804,Single,2098.2841555072223,20936.263922603728,1.0,No,13.0,3.0,3.842654621718196,0.0,2.314690756563608,3.0,2.0,2.314690756563608,2.157345378281804,0.0,1.842654621718196,2098.2841555072223,1.0,0.960663655429549,0.8819909662886471,0.0,1
35.0,Travel_Frequently,589.1551259122541,Sales,19.560958598468265,3.495936093435449,Life Sciences,3.495936093435449,Male,60.195067515098444,3.0,2.0,Sales Executive,4.0,Single,5202.006732887527,11965.508704405687,1.9918721868708982,Yes,20.975616560612693,3.495936093435449,2.5121917196936527,0.0,11.487808280306346,2.0,3.495936093435449,10.49593609343545,7.991872186870898,6.504063906564551,7.0,2601.0033664437633,0.9237021394714694,0.7586106292241894,0.6684404304177441,0.6233553310145215,1
38.551747645446255,Travel_Rarely,1170.0685423819673,Research & Development,14.654561218397339,1.5517476454462562,Medical,3.1034952908925124,Male,53.99931828205857,3.0,2.0,Healthcare Representative,2.1034952908925124,Married,5881.242128784623,14898.426874346751,5.344757063661231,Yes,18.448252354553745,3.0,1.4482523545537438,0.0,14.24126177276872,2.551747645446256,2.448252354553744,1.0,0.0,0.0,0.0,2940.6210643923114,0.0723467560158396,0.0,0.0,0.0,1
28.783675419820106,Travel_Rarely,116.71431984685185,Research & Development,23.216324580179894,3.0,Life Sciences,2.2163245801798945,Female,49.216324580179894,2.3918377099100527,1.0,Laboratory Technician,3.0,Single,2068.7511218306454,12395.292504446646,4.608162290089947,Yes,12.824486870269842,3.0,2.0,0.0,6.391837709910053,3.2163245801798945,3.0,4.391837709910053,2.0,0.0,2.2163245801798945,2068.7511218306454,0.685325605233812,0.4608162290089947,0.534489259549471,0.0,1
24.53349073686166,Travel_Rarely,1042.5470399851406,Sales,2.066981473723314,2.066981473723314,Technical Degree,1.0,Male,77.47123136898804,3.0,1.0,Sales Representative,1.466509263138343,Married,3644.2638208583135,15262.820493227802,3.1339629474466277,No,14.399527789415028,3.0,2.533490736861657,0.5334907368616569,6.0,4.533490736861657,3.0,3.3995277894150293,2.466509263138343,0.46650926313834307,2.933018526276686,3644.2638208583135,0.5665879649025048,0.8133962947446628,0.9066981473723315,0.09330185262766862,1
33.752123891118245,Travel_Frequently,323.14243392255224,Research & Development,5.380309727795611,2.123938054440878,Marketing,4.0,Male,36.594203578785454,1.123938054440878,1.0,Laboratory Technician,3.0,Single,2521.9105770739707,11920.598137989566,0.0,Yes,15.752123891118245,3.0,4.0,0.8760619455591222,3.123938054440878,2.876061945559122,1.876061945559122,2.123938054440878,2.0,1.0,0.2478761088817556,2521.9105770739707,0.6769948378700731,0.9586873151863741,0.08262536962725187,0.47934365759318703,1
43.88492731632712,Travel_Frequently,939.0347359712804,Sales,2.98561591454089,3.0,Life Sciences,1.0,Male,89.02157612818867,3.0,1.0,Sales Representative,1.0143840854591102,Married,2365.9340473730667,14676.753022062461,3.992807957270445,No,12.021576128188666,3.0,3.007192042729555,0.007192042729555093,9.964039786352224,3.992807957270445,4.0,3.0,2.0,1.0,2.0,2365.9340473730667,0.3021576128188665,0.6666666666666666,0.6666666666666666,0.3333333333333333,1
26.618831499608646,Travel_Rarely,862.3990667166997,Research & Development,15.618831499608646,1.5291485556425233,Medical,3.2645742778212616,Male,77.53362310971963,2.2645742778212616,1.0,Research Scientist,4.0,Single,2371.5380976637966,15554.704679430912,1.0,Yes,13.26457427782126,3.0,2.7354257221787384,0.0,3.4708514443574767,3.0,2.2645742778212616,3.4708514443574767,2.7354257221787384,0.0,1.2645742778212616,2371.5380976637966,1.0,0.8161435694553154,0.44843070836594623,0.0,1
50.76315488908434,Travel_Rarely,403.3493790240131,Sales,13.770335474711938,3.614832262644031,Marketing,1.0,Male,80.37798715172838,3.614832262644031,3.614832262644031,Sales Executive,3.385167737355969,Married,11492.996045535925,11125.03480383394,4.074161313220154,No,14.688993575864185,3.0,3.385167737355969,0.3851677373559692,18.60765167701643,2.0,2.385167737355969,15.533490363796277,7.0,1.8444967879320924,6.844496787932092,3129.321362102808,0.8719099452824935,0.49613456554434765,0.4514606108438923,0.09707877831221538,1
24.957806444622314,Travel_Rarely,119.08438711075537,Research & Development,4.495780644462231,3.0,Technical Degree,1.4957806444622315,Male,72.10126453290644,3.0,1.0,Laboratory Technician,1.4957806444622315,Single,2699.8248649013103,19312.842455626196,0.5042193555377686,No,18.008438711075538,3.0,1.5042193555377685,0.0,2.487341933386694,2.4957806444622315,3.0,1.9915612889244627,0.9915612889244627,0.49578064446223136,0.9915612889244627,2699.8248649013103,0.8760548388844421,0.33052042964148753,0.33052042964148753,0.16526021482074377,1
25.742411440837092,Travel_Rarely,1257.6899504063485,Sales,1.1936012712041215,1.1936012712041215,Life Sciences,1.0,Female,57.54717076230521,3.0,1.0,Sales Representative,1.8063987287958785,Married,3106.16737075396,21882.36261143249,2.161607627224728,Yes,16.774405084816486,3.1936012712041215,1.8063987287958785,0.0,7.35520889842885,3.8063987287958785,3.1936012712041215,5.774405084816486,3.7744050848164856,1.0,4.5808038136123646,3106.16737075396,0.8060305899583932,0.6344180037696215,0.7956977495287973,0.18279099811518923,1
34.39130864610928,Travel_Rarely,1146.298328226585,Sales,9.229813050555817,3.7701869494441826,Life Sciences,3.2298130505558174,Female,84.29813050555818,2.0,1.0,Research Scientist,1.0,Single,3176.4975102925155,8018.550036147286,6.770186949444183,Yes,22.31056084833255,4.0,2.2298130505558174,0.0,8.39130864610928,4.229813050555817,3.0,3.850934747220914,2.310560848332549,0.0,2.310560848332549,3176.4975102925155,0.38509347472209143,0.4621121696665097,0.4621121696665097,0.0,1
22.712988385575922,Travel_Rarely,400.700271528233,Sales,16.756584702198943,3.0,Marketing,4.0,Male,36.2043596316623,2.265213456112566,1.0,Sales Representative,2.265213456112566,Single,2314.605822962173,9735.624875478285,1.0,Yes,13.0,3.0,2.0,0.0,1.0,2.734786543887434,3.734786543887434,1.0,0.0,0.0,0.0,2314.605822962173,1.0,0.0,0.0,0.0,1
31.164513427274322,Travel_Frequently,964.1688347503067,Sales,9.733850704557405,1.8354865727256793,Life Sciences,2.0,Female,68.65805370909729,1.4177432863628396,1.4177432863628396,Sales Executive,1.0,Single,6339.8223444726555,4949.191189844943,1.0,No,17.404823850008764,3.58225671363716,2.8354865727256793,0.41774328636283964,10.0,4.58225671363716,3.0,10.0,4.506459718177037,6.0,7.0,4310.843202608344,1.0,0.4506459718177038,0.7,0.6,1
24.51388315987283,Travel_Rarely,1445.218985252453,Sales,1.5743400022108105,1.03022842116899,Technical Degree,1.03022842116899,Female,62.24182736935192,3.0,1.0,Sales Representative,2.0,Single,3200.1258378875227,21964.62426523477,1.0,Yes,16.18137052701394,3.03022842116899,2.06045684233798,0.0,5.93954315766202,4.03022842116899,2.96977157883101,4.96977157883101,3.0,0.9697715788310101,3.93954315766202,3200.1258378875227,0.8383714035281651,0.6045342631753485,0.790931473649303,0.19395431576620203,1
41.102057542074036,Travel_Rarely,891.8109233638111,Research & Development,21.36550685643094,3.0,Medical,3.736550685643094,Male,46.95173971535359,3.0,1.0,Laboratory Technician,3.263449314356906,Married,2969.9992470912434,20507.22852170154,3.5268986287138118,Yes,19.62895617078785,3.736550685643094,3.736550685643094,1.0,16.102057542074036,0.5268986287138115,1.0,2.053797257427623,1.053797257427623,0.0,1.053797257427623,2969.9992470912434,0.20342164703322899,0.21075945148552463,0.21075945148552463,0.0,1
31.097943768853018,Travel_Rarely,221.05681914591335,Sales,22.12242971106627,3.487757028893373,Life Sciences,3.487757028893373,Male,67.9040180465187,3.0,1.5122429711066272,Sales Executive,3.512242971106627,Single,4145.358718213558,19437.270425181323,1.0,Yes,15.561214855533136,3.0,4.0,0.0,9.024485942213254,2.0,3.0,9.024485942213254,4.5612148555331355,7.0,7.0,2656.5245226921465,1.0,0.48050933699798215,0.7853574800563402,0.7853574800563402,1
30.845812990097247,Travel_Rarely,209.36980815820684,Research & Development,4.154187009902751,2.7180623366342505,Life Sciences,1.7180623366342505,Female,54.07930906931926,3.0,1.0,Laboratory Technician,1.7180623366342505,Single,2502.3522340592385,24536.35081125,1.9735636435602473,No,17.845812990097247,3.2819376633657495,1.0,0.0,6.5374389702917455,3.0,3.2819376633657495,4.691625980194497,3.4096883168287477,1.0,3.4096883168287477,2502.3522340592385,0.7337343655750529,0.6979930737073055,0.6979930737073055,0.2706805192520556,1
47.946887406741396,Travel_Frequently,1416.3767323086042,Human Resources,26.06929357902589,2.175518765543101,Human Resources,1.1755187655431012,Male,94.01618098576728,2.0877593827715506,1.9122406172284494,Laboratory Technician,1.0,Single,4089.9640046921018,22792.318301039715,3.0877593827715506,No,20.175518765543103,4.0,1.2632781483146518,0.0,18.85912802396984,2.0877593827715506,3.0,3.9122406172284494,2.9122406172284494,0.9122406172284494,2.9122406172284494,2135.944602588763,0.22005928749064013,0.7426867181023707,0.7426867181023707,0.22806015430711235,1
29.49187691969687,Travel_Rarely,972.7849967087817,Research & Development,3.0,3.0,Medical,3.6951261518181235,Male,88.30487384818187,3.0,1.0,Research Scientist,1.0,Married,2796.6322224672995,8641.364677490925,5.0,Yes,11.203249232121252,3.0,3.0,0.10162461606062545,7.796750767878749,5.0,3.0,4.6951261518181235,2.0,0.0,3.7967507678787493,2796.6322224672995,0.5953594869823176,0.4609747696363753,0.8203249232121251,0.0,1
37.899702759831726,Travel_Rarely,930.7321869065275,Research & Development,2.5516348209255035,3.100297240168273,Marketing,2.9498513799158634,Male,81.75222930126205,2.9498513799158634,2.0,Sales Executive,1.9498513799158634,Married,4919.140085087611,7703.399363184557,4.050148620084137,Yes,11.100297240168274,3.0,1.0501486200841366,2.0501486200841366,7.4513375807572295,2.0501486200841366,3.0,4.84955413974759,2.0,1.0501486200841366,3.899702759831727,2459.5700425438054,0.6847338488789909,0.430089172050482,0.8100297240168274,0.2401188960673093,1
35.89336485778759,Travel_Rarely,319.832540219704,Research & Development,9.63112161926253,4.0,Medical,4.0,Male,70.91074332581147,3.0,2.0,Laboratory Technician,1.0,Single,4630.939205375555,5440.556110976764,2.1066351422124123,No,15.737756761474941,3.0,2.3688783807374705,0.3688783807374707,10.36887838073747,3.6311216192625295,1.3688783807374707,8.893364857787589,2.2622432385250586,0.0,7.6311216192625295,2315.4696026877773,0.8658624070045561,0.24203339731268317,0.8737756761474942,0.0,1
30.475347019745783,Travel_Rarely,1211.0151189295375,Research & Development,5.596976214092519,1.4562789183121485,Technical Degree,3.771860540843926,Male,34.509534050716816,3.0,1.4562789183121485,Laboratory Technician,4.0,Married,4595.116676635522,4891.315021240873,1.0,No,15.684418377468223,3.0,1.7718605408439259,1.2281394591560741,7.456278918312148,3.0,4.0,7.456278918312148,7.228139459156075,5.456278918312148,6.228139459156075,3430.997063048461,1.0,0.9746511712048807,0.839036550860629,0.7287707593114968,1
31.810089552788472,Travel_Rarely,676.6468656524034,Sales,1.6033631842628238,2.3966368157371765,Life Sciences,2.3016815921314118,Male,60.078139302291646,2.0,2.3016815921314118,Sales Executive,1.9050447763942358,Married,9898.327452792293,5381.827910465625,1.0,No,11.0,3.0,3.0949552236057642,1.0,11.810089552788472,4.6033631842628235,3.0,11.810089552788472,7.698318407868588,5.094955223605764,7.0,4430.019986603342,1.0,0.6906404228523633,0.6208085820655044,0.4755563432457926,1
29.0,Travel_Rarely,891.6698830427063,Research & Development,1.0,3.1306381731214765,Technical Degree,2.7387236537570474,Male,86.95957259682214,2.8693618268785235,1.0,Research Scientist,2.7387236537570474,Single,2097.7140046289287,18164.651307822325,0.7838290387288573,No,13.869361826878524,3.0,3.8693618268785235,0.0,7.522552692485905,1.1306381731214763,1.8693618268785237,6.391914519364429,2.6531908656073817,0.8693618268785237,5.261276346242953,2097.7140046289287,0.8520530581900723,0.391394743609545,0.8260756570488069,0.14489363781308728,1
44.60345890781783,Travel_Rarely,649.5880788186679,Sales,8.1620753446907,1.8603458907817834,Life Sciences,3.0,Male,62.184496580163184,2.0,3.0,Sales Executive,4.0,Married,9717.59580110806,12467.874105735245,1.0,Yes,15.301729453908916,3.0,3.5810376723453503,0.13965410921821664,9.977578764527516,3.4189623276546497,3.0,9.977578764527516,7.860345890781783,3.860345890781783,7.0,3239.1986003693537,1.0,0.8258505757001104,0.730256587835468,0.40856109693698595,1
25.593686154618716,Non-Travel,554.3264112267369,Research & Development,9.122106853778948,3.2357896504198833,Life Sciences,3.2357896504198833,Male,95.69894489412164,2.5284206991602334,1.0,Sales Representative,3.2926310487403505,Married,2282.5452688134365,22593.490750581183,1.0,Yes,21.471579300839768,4.0,2.0,1.0,3.4715793008397666,2.0,3.0,3.4715793008397666,2.0,0.7073689512596495,1.5284206991602336,2282.5452688134365,1.0,0.6037894265546978,0.5094735663867445,0.1414737902519299,1
38.80125386337296,Travel_Rarely,962.5415124618129,Sales,11.728481866901932,3.7284818669019315,Other,3.7284818669019315,Male,37.90062693168648,3.0,2.2715181330980685,Sales Executive,4.0,Married,5415.375223010365,9177.506421871396,2.456963733803863,No,22.370891201411588,3.7284818669019315,1.0,0.5430362661961372,11.913927467607726,2.2715181330980685,4.0,10.456963733803862,8.728481866901932,6.271518133098069,7.0,2361.3209797164127,0.8879258666304721,0.8373800700170352,0.6747601400340704,0.6085345157702583,1
30.350712665779334,Travel_Frequently,484.6370991716991,Human Resources,19.947862002662003,4.350712665779333,Technical Degree,3.6753563328896663,Male,74.71567864714532,4.0,1.0,Sales Representative,1.0,Married,2350.5395608392278,17971.64228085155,0.32464366711033366,No,17.0,3.0,3.3246436671103337,0.0,1.6753563328896663,3.6753563328896663,3.0,1.0,0.0,0.0,0.0,2350.5395608392278,0.6623218335551668,0.0,0.0,0.0,1
30.23939763037233,Travel_Rarely,1205.5518768693516,Research & Development,5.2393976303723315,1.6478795260744663,Marketing,3.6478795260744663,Male,81.1127228435532,3.0,1.6478795260744663,Sales Representative,2.2957590521489326,Married,4234.394087029167,20556.569039957958,0.6478795260744663,No,15.535156682521265,3.0,1.3521204739255337,1.0,8.23939763037233,3.0,3.0,7.887277156446798,3.6478795260744663,0.6478795260744663,1.3521204739255337,2652.5962241183574,0.9295759052148933,0.5232421658739368,0.24084818957021348,0.06478795260744663,1
26.240831961212113,Travel_Rarely,918.0733443103031,Research & Development,19.839445359191927,1.9197226795959628,Medical,3.9197226795959628,Female,70.36471444686863,2.9197226795959628,1.0,Research Scientist,2.1605546408080745,Married,2167.346834217373,7536.998530301387,0.08027732040403712,Yes,11.160554640808074,3.0,3.0,0.0,5.8394453591919255,3.0,2.9197226795959628,4.919722679595963,1.1605546408080742,0.9197226795959629,3.7591680387878887,2167.346834217373,0.8467128867340062,0.24415252622222045,0.7558474737777796,0.18394453591919258,1
20.173237640105054,Travel_Rarely,882.9903671891249,Research & Development,10.559138760945476,2.6535247197898943,Marketing,4.0,Female,55.90561404115558,3.0,1.0,Research Scientist,4.0,Single,2387.0979268388696,15761.064269724384,1.0,No,14.866188200525265,3.0,1.8267623598949472,0.0,1.8267623598949472,3.0,2.826762359894947,1.8267623598949472,1.6535247197898941,0.0,1.6535247197898941,2387.0979268388696,1.0,0.8267623598949471,0.8267623598949471,0.0,1
25.207414487398342,Travel_Frequently,876.8176190701882,Sales,17.75551307560994,2.0691381624661145,Medical,2.861723675067771,Male,36.62224346219503,2.0,1.0,Laboratory Technician,2.0,Divorced,2425.652283731299,17993.37006521936,1.0,Yes,17.792585512601658,3.0,2.861723675067771,2.9308618375338855,1.0,2.0,3.0,1.0,0.0,0.0,0.0,2425.652283731299,1.0,0.0,0.0,0.0,1
42.98680136632416,Travel_Rarely,943.0784133226164,Research & Development,23.831133561054028,3.0,Medical,3.8311335610540267,Male,42.662267122108055,3.0,1.0,Laboratory Technician,3.0,Divorced,3116.8695706221188,19889.21001929885,2.8874223740360176,No,21.887422374036017,4.0,3.9437111870180086,1.0,17.98680136632416,0.0,1.0562888129819912,1.0,0.056288812981991176,0.0,0.0,3116.8695706221188,0.10595782282504428,0.056288812981991176,0.0,0.0,1
19.300259113498512,Travel_Frequently,295.19326304903865,Research & Development,3.201036453994057,2.849870443250743,Life Sciences,1.849870443250743,Female,46.69974088650149,2.0,1.0,Laboratory Technician,3.849870443250743,Single,1330.6473149291185,11653.131588290315,1.0,No,21.699740886501488,4.0,3.0,0.0,1.150129556749257,2.849870443250743,1.849870443250743,1.150129556749257,0.3002591134985142,1.150129556749257,0.3002591134985142,1330.6473149291185,1.0,0.1501295567492571,0.1501295567492571,1.0,1
32.03495979351804,Travel_Rarely,422.27296759993965,Research & Development,2.733162126998101,3.0,Life Sciences,1.0,Female,64.99743190497152,2.3665810634990505,1.0,Laboratory Technician,1.0,Single,3399.290944265139,15651.257222018463,1.6334189365009495,Yes,21.533675746003798,3.6334189365009495,2.0,0.0,7.334189365009495,2.0,3.6334189365009495,1.0,0.0,0.0,0.0,3399.290944265139,0.42416460318095495,0.0,0.0,0.0,1
27.21483574283399,Travel_Rarely,764.3150834924253,Sales,9.612716351000564,3.602119391833427,Life Sciences,2.397880608166573,Male,69.6233133101677,2.7957612163331453,1.0,Laboratory Technician,1.0,Married,1861.1155772720406,10083.366294963536,1.0,Yes,19.193641824499718,3.397880608166573,3.0,1.3978806081665727,1.0,2.0,3.602119391833427,0.6021193918334273,0.0,0.0,0.0,1861.1155772720406,0.6021193918334273,0.0,0.0,0.0,1
43.128136679583065,Travel_Rarely,1369.3860117365055,Sales,9.192205019374592,3.012813667958306,Life Sciences,1.0,Female,84.75654030879218,1.0256273359166124,2.012813667958306,Sales Executive,2.9743726640833876,Single,5411.375333923278,9442.281366624016,7.974372664083388,Yes,13.0,3.0,2.0,0.0,7.1025093436664495,2.0,2.0,3.9743726640833876,2.987186332041694,1.0128136679583062,2.987186332041694,2683.3747998235754,0.565814964513504,0.7532034169895765,0.7532034169895765,0.2596102509687297,1
24.008755371859973,Travel_Rarely,1281.7555322558767,Research & Development,6.964978512560111,3.0,Medical,1.0,Female,55.315193386959,3.0,1.0,Laboratory Technician,2.9824892562800556,Married,2896.0249007796683,14126.219365484212,1.0350214874398889,Yes,15.973733884420083,3.0,3.991244628140028,1.0,6.0,4.008755371859972,3.0,5.964978512560111,2.991244628140028,0.9912446281400278,2.0,2896.0249007796683,0.9941630854266852,0.5043776859299861,0.33917024790664807,0.16520743802333795,1
31.71918222320778,Travel_Frequently,886.7714971358878,Research & Development,11.35959111160389,3.0,Technical Degree,3.8057726983423015,Male,81.51172571048427,2.0,1.0,Research Scientist,1.3884546033153973,Single,2410.409500954704,12276.885755209827,6.5826819049730965,Yes,19.223090793369206,3.8057726983423015,3.1942273016576985,0.19422730165769864,3.582681904973096,4.8057726983423015,3.0,0.19422730165769864,0.0,0.0,0.0,2410.409500954704,0.03237121694294978,0.0,0.0,0.0,1
31.312812133230118,Non-Travel,666.5723964951271,Research & Development,20.836938160185788,4.5374375733539765,Technical Degree,3.4625624266460235,Female,77.47587397304433,1.5374375733539765,1.0,Research Scientist,1.5374375733539765,Married,2435.4475800316004,16523.76028167927,3.1497502934159063,Yes,19.237936986522165,3.4625624266460235,2.0,0.46256242664602343,5.5374375733539765,2.0,3.5374375733539765,3.38768727993807,2.0,1.9251248532920469,0.5374375733539766,2435.4475800316004,0.6417082844306823,0.722462544012386,0.2687187866769883,0.5462562426646024,1
31.469357552122727,Travel_Frequently,771.1315506524795,Sales,26.704036328184092,4.0,Marketing,1.0,Female,60.88789101544773,2.7653212239386367,2.0,Sales Executive,3.7653212239386367,Married,5356.741237347948,16863.45468480277,1.0,Yes,13.581466536674998,3.2346787760613633,2.7653212239386367,0.0,10.938715104245453,4.0,3.0,10.70403632818409,7.0,0.7040363281840905,8.0,2678.370618673974,0.9832372302813311,0.6620903515593182,0.7566746874963637,0.05415664062954542,1
31.12659774730738,Travel_Rarely,787.8482842065025,Research & Development,4.68989662096107,3.2816494368268447,Technical Degree,4.0,Female,89.40824718413423,3.0,1.281649436826845,Research Scientist,1.0,Single,3414.355335627386,7894.687122330568,4.718350563173155,No,12.68989662096107,3.0,3.0,0.28164943682684496,8.844948310480536,4.4367011263463105,2.7183505631731553,5.5632988736536895,1.718350563173155,0.0,4.844948310480535,2661.5063909892297,0.6282005617821232,0.3275758591016684,0.8563298873653691,0.0,1
25.034989114920464,Travel_Rarely,687.7364153342659,Sales,3.0443195455659193,2.997667392338636,Medical,1.0046652153227282,Male,90.94635002378863,2.997667392338636,1.0023326076613641,Laboratory Technician,1.0046652153227282,Married,4036.4792953965443,9388.335051224758,4.993002177015907,Yes,12.997667392338636,3.0,2.9953347846772718,1.0023326076613641,6.004665215322728,5.002332607661364,3.0,2.0093304306454565,2.0046652153227282,0.0023326076613641167,1.9953347846772718,4029.0382769567927,0.33430525319223503,0.9992224641128786,0.9976673923386359,0.0003887679435606861,1
32.511148107829776,Travel_Rarely,844.3609015814027,Sales,8.148086486950373,2.1703827026099254,Technical Degree,3.585191351304963,Male,85.17038270260993,3.0,3.0,Sales Executive,2.244425946085112,Single,8740.35325179777,15558.344547611385,0.0,Yes,17.851913513049627,3.585191351304963,1.0,0.0,9.0,1.5851913513049627,3.0,8.0,7.0,5.244425946085112,7.0,2913.45108393259,0.8888888888888888,0.875,0.875,0.655553243260639,1
33.0,Travel_Rarely,470.5190777481228,Sales,10.91209578507864,3.72684345927448,Marketing,1.0,Female,74.81474767419584,3.0,2.0,Sales Executive,1.0,Single,7431.846031895992,20603.577423772673,1.3657827036276,No,16.45368691854896,3.0,1.54631308145104,0.0,6.0,3.0,3.0,4.45368691854896,2.0,0.0,2.72684345927448,3715.923015947996,0.7422811530914933,0.472841744193472,0.618210436048368,0.0,1
35.87852472892032,Travel_Rarely,879.4312937503221,Sales,15.528018998489706,3.0,Marketing,1.5934562725899735,Female,76.69161218374038,1.0,2.0,Sales Executive,3.0,Married,4878.949913471691,18568.287514354,5.032718637050133,No,11.813087454820053,3.0,2.5934562725899735,0.5934562725899734,5.21963118223008,2.0,2.5934562725899735,2.813087454820053,2.4065437274100265,1.5934562725899735,2.4065437274100265,2439.4749567358454,0.5290388376721448,0.8983640681474934,0.8983640681474934,0.69509220444248,1
26.85804440795831,Travel_Frequently,327.12723026205595,Research & Development,2.429022203979155,2.8569925986736147,Life Sciences,1.0,Female,55.56992598673615,3.1430074013263853,1.0,Research Scientist,1.2860148026527702,Married,2097.7728865172903,15341.995792762862,5.570977796020845,Yes,14.0,3.0,1.8569925986736149,0.8569925986736149,6.286014802652771,2.0,3.0,3.1430074013263853,1.8569925986736149,0.8569925986736149,2.1430074013263853,2097.7728865172903,0.5,0.6070802494473395,0.6785839501105321,0.2856641995578716,1
22.150028380231525,Travel_Frequently,242.25212851736427,Research & Development,10.849971619768477,3.0,Life Sciences,2.616657206589492,Male,89.6166572065895,3.616657206589492,1.0,Laboratory Technician,1.6166572065894922,Single,2890.804313795192,22192.72030830988,1.3833427934105078,No,13.466628826357969,3.0,3.616657206589492,0.0,2.150028380231524,0.7666855868210158,2.616657206589492,0.6166572065894921,0.0,0.0,0.0,2890.804313795192,0.6166572065894921,0.0,0.0,0.0,1
28.34900115528255,Travel_Frequently,1017.1433602899262,Research & Development,2.7450057764127553,3.116333718427517,Marketing,1.0,Male,47.908342960687925,2.116333718427517,1.232667436855034,Sales Executive,2.116333718427517,Married,3243.397143049132,8537.623893618656,1.116333718427517,No,14.767332563144965,3.0,1.0,2.116333718427517,2.047003465847654,2.0,3.0,1.0,0.0,0.0,0.0,2610.464158991155,0.8952996534152347,0.0,0.0,0.0,1
39.050194115851,Travel_Frequently,921.1274724490388,Research & Development,9.758689212393495,3.6583009806915006,Human Resources,2.6583009806915006,Male,68.80888332824449,2.82915049034575,1.1708495096542497,Human Resources,1.0,Divorced,2450.748265845546,23487.743159944315,3.82915049034575,No,21.6583009806915,4.0,3.487451471037251,0.0,9.221043625505246,2.82915049034575,3.0,3.17084950965425,2.17084950965425,0.17084950965424972,2.17084950965425,2084.788616166143,0.3895201120790286,0.6809041258045208,0.6809041258045208,0.04271237741356243,1
29.5972421796435,Travel_Rarely,343.5497844598502,Human Resources,12.163860948499098,2.8805515640712995,Marketing,1.358345307786101,Male,53.25268597363989,1.8805515640712995,1.0,Human Resources,1.2388968718574007,Divorced,2336.911174974859,4243.502973207458,3.5222062562851986,Yes,15.1194484359287,3.0,4.0,2.761103128142599,3.8805515640712995,3.0,2.8805515640712995,2.0,2.0,1.8805515640712995,0.0,2336.911174974859,0.5199080726547833,1.0,0.0,0.9402757820356498,1
24.366837583020377,Travel_Frequently,480.7887195206551,Sales,7.253264966791849,3.0,Marketing,3.1266324833959245,Female,56.62010254981222,3.0,1.0,Sales Representative,3.1266324833959245,Single,2366.2316920719018,20925.545620733363,0.5633162416979622,Yes,15.310051274906114,3.0,1.5633162416979622,0.0,2.8733675166040755,3.0,3.0,2.4366837583020375,2.0,0.43668375830203776,2.0,2366.2316920719018,0.8908290604244906,0.854438747232654,0.854438747232654,0.1455612527673459,1
25.519413370137812,Travel_Frequently,1342.8384413525646,Research & Development,6.240293314931095,3.3798533425344526,Technical Degree,1.7597066850689052,Female,53.100733287327735,3.0,1.0,Laboratory Technician,3.0,Married,3096.8186051066214,13032.61835916452,1.0,Yes,14.860439972396643,3.0,3.6201466574655474,0.6201466574655474,4.48058662986219,3.6201466574655474,2.6201466574655474,4.48058662986219,2.6201466574655474,1.3798533425344526,2.0,3096.8186051066214,1.0,0.6899266712672263,0.5865688950229684,0.4832111187787105,1
29.058407959258663,Travel_Frequently,288.98759537284985,Research & Development,3.5292039796293317,2.490265340123556,Life Sciences,1.0,Male,51.90265340123556,3.509734659876444,1.0,Research Scientist,2.019469319752888,Married,2240.7965173518132,15331.72742952346,4.470796020370669,Yes,14.0,3.0,1.490265340123556,0.49026534012355605,7.019469319752888,2.0,3.0,3.509734659876444,1.490265340123556,0.49026534012355605,2.509734659876444,2240.7965173518132,0.5,0.45427722505148166,0.7091445549897036,0.16342178004118535,1
36.639331135254174,Travel_Rarely,1279.2249411022208,Research & Development,9.483678756102044,4.360668864745826,Marketing,2.319665567627087,Male,91.20501648559369,2.319665567627087,2.0,Manufacturing Director,1.319665567627087,Divorced,5725.147739004956,8336.736104534777,4.680334432372913,No,12.360668864745826,3.0,1.680334432372913,2.680334432372913,13.123009891356217,2.680334432372913,3.0,2.9589967028812607,2.0,1.680334432372913,2.639331135254174,2862.573869502478,0.31337435235167627,0.8082006594237479,0.9360668864745826,0.7442675458983303,1
41.099107781868994,Travel_Frequently,324.48586287566815,Research & Development,9.084488763807862,3.2623884727336243,Life Sciences,1.0,Male,85.0495538909345,3.0,3.7376115272663757,Manager,3.475223054532751,Married,12085.03568872524,12686.628197906444,5.425669163598252,Yes,11.262388472733624,3.0,4.0,2.475223054532751,18.11372679993013,3.475223054532751,2.7376115272663757,15.900892218131004,7.0,10.475223054532751,6.049553890934498,3280.345673299703,0.8946269246762321,0.4705208581837943,0.4410417163675886,0.6869122254563804,1
25.16501213002625,Travel_Rarely,845.300904901548,Sales,18.257445414881875,2.0412530325065625,Medical,2.9587469674934375,Male,36.49503639007875,2.0,1.0,Sales Representative,2.0412530325065625,Divorced,2428.96492358004,18992.879325561,1.2062651625328127,Yes,18.041253032506564,3.0,3.0,3.0,1.1650121300262501,2.0412530325065625,3.0,1.082506065013125,0.08250606501312507,0.0,0.08250606501312507,2428.96492358004,0.983498786997375,0.02750202167104169,0.02750202167104169,0.0,1
31.619915980184103,Travel_Rarely,518.0406721585272,Research & Development,1.3800840198158948,3.0,Life Sciences,3.2398319603682104,Male,74.16268863410863,2.380084019815895,1.0,Laboratory Technician,3.380084019815895,Single,3726.9593278414727,13945.76706808095,2.2805041188953696,Yes,13.619915980184105,3.0,3.619915980184105,0.3800840198158949,5.140252059447684,2.0,1.0,2.619915980184105,2.0,1.3800840198158948,2.0,3726.9593278414727,0.5735324193711917,0.7933613399386317,0.7933613399386317,0.5867226798772632,1
57.94158780428301,Travel_Frequently,781.1012478059095,Research & Development,2.058412195716989,1.0077882927622652,Life Sciences,3.996105853618867,Male,56.92601121875848,2.0,1.0,Laboratory Technician,3.996105853618867,Married,2380.2219663437245,13392.578804477635,9.0,Yes,14.007788292762266,3.0,4.0,1.0,3.0116824391433976,3.003894146381133,2.003894146381133,1.0,0.0,0.0,0.0,2380.2219663437245,0.3326843089364779,0.0,0.0,0.0,1
31.880306501461284,Travel_Rarely,708.1267784739127,Sales,8.004716890187808,3.6267688338204285,Marketing,1.0,Female,75.13384416910215,3.0,1.875589611273476,Sales Representative,1.124410388726524,Single,7599.211027815397,18831.260064362043,0.12441038872652388,Yes,16.875589611273476,3.0,1.124410388726524,0.0,6.0,3.124410388726524,3.0,5.0,2.124410388726524,0.12441038872652388,3.124410388726524,3998.7865462588634,0.8333333333333334,0.4248820777453048,0.6248820777453048,0.02488207774530478,1
34.259526409876,Travel_Rarely,824.461870362229,Research & Development,11.370236795061997,4.0,Medical,3.086508803292002,Male,52.51905281975201,3.0,2.0,Manufacturing Director,1.0,Divorced,4222.13491196708,7969.981301268073,1.456745598353999,No,15.913491196707998,3.0,2.456745598353999,0.0,9.543254401646001,3.086508803292002,1.0,6.802780811522007,2.086508803292002,0.45674559835399897,5.259526409876006,2111.06745598354,0.6955029344306674,0.3152248532784666,0.7391005868861334,0.15224853278466632,1
38.2651843010801,Travel_Frequently,1101.056324208757,Research & Development,13.349627987720176,2.1807406144400137,Life Sciences,1.5422218433200405,Male,57.74666894007976,1.361481228880027,1.8192593855599863,Laboratory Technician,2.1807406144400137,Married,4484.923167064938,15382.941522768795,4.638518771119973,No,16.265184301080094,3.1807406144400137,1.5422218433200405,0.18074061444001355,15.722962457760055,1.638518771119973,1.0,1.0,0.0,0.0,0.0,2528.1221246549103,0.06412995628856122,0.0,0.0,0.0,1
52.36756905632722,Travel_Rarely,936.51493667411,Sales,5.9801841502059245,3.1225230187757407,Life Sciences,1.8774769812242593,Male,66.57298339429056,3.1225230187757407,3.1225230187757407,Sales Executive,2.1225230187757407,Single,9089.123325553861,20032.23535886575,8.632430943672778,Yes,18.754953962448518,3.0,3.0,0.0,11.715322262860369,2.0,2.0,9.347753206533147,7.0,6.509907924897037,7.12252301877574,2889.8783800068068,0.7989789748435355,0.812932418120184,0.8193809980557494,0.7871380983779228,1
34.96525735191012,Travel_Frequently,395.4392921069667,Research & Development,7.3107996341572985,3.7586856620224713,Medical,3.7586856620224713,Male,90.10422794426965,3.0,2.0,Manufacturing Director,1.2413143379775287,Married,5227.514660053033,6556.699218377529,4.0,No,15.552113972134828,3.0,2.5173713240449427,1.2413143379775287,10.034742648089885,2.7586856620224713,2.2413143379775287,6.517371324044943,1.2413143379775287,0.24131433797752877,6.276056986067414,2613.7573300265167,0.655167351011236,0.20490940119422169,0.9517371324044943,0.04826286759550576,1
43.87523052631717,Travel_Frequently,1206.9009433333638,Sales,12.301833596489736,3.0,Life Sciences,2.822935877193097,Female,60.28165342105504,3.0,3.0,Sales Executive,1.8229358771930972,Divorced,7780.741027718996,13572.235103684496,5.708256491227611,No,19.937615263158584,3.822935877193097,3.0,3.0,13.468807631579292,2.0,3.0,7.114679385965486,6.114679385965486,0.0,6.114679385965486,2593.5803425729987,0.5185392879927433,0.8381116410818953,0.8381116410818953,0.0,1
34.40875120566768,Travel_Rarely,154.42628117512132,Sales,17.811251550144153,3.201250172238239,Marketing,1.603750516714718,Male,66.58499793314112,2.798749827761761,2.201250172238239,Sales Executive,1.2012501722382392,Single,6082.713149338162,24641.008403007047,4.396249483285282,Yes,14.396249483285281,3.0,3.0,0.0,6.603750516714718,2.798749827761761,3.0,3.4025003444764783,2.4025003444764783,0.20125017223823927,1.5974996555235215,2736.3283969466565,0.5111805651243466,0.6935000229650985,0.5324998851745071,0.04025003444764785,1
53.81672221128222,Travel_Rarely,567.9469842638898,Sales,9.844592563419242,3.605574070427405,Marketing,1.3944259295725947,Male,76.71705547897551,3.605574070427405,3.605574070427405,Sales Executive,2.605574070427405,Single,11624.658295673451,14111.478618771293,7.183277788717784,Yes,17.78885185914519,3.0,3.0,0.0,18.478036985983675,2.0,2.0,14.66131477470146,7.0,4.577703718290379,7.605574070427405,3183.7746906825405,0.7949535494131049,0.5682289248492749,0.6001012443454542,0.440739646864558,1
18.805816961350622,Travel_Rarely,499.68006712571577,Sales,2.1941830386493777,2.0,Technical Degree,1.1941830386493777,Female,55.4952946956888,2.1941830386493777,1.0,Human Resources,4.0,Single,2370.787876543869,18433.698888342962,1.0,Yes,12.0,3.0,3.0,0.0,0.8058169613506224,2.8058169613506223,4.0,0.8058169613506224,0.0,0.0,0.0,2370.787876543869,0.8058169613506224,0.0,0.0,0.0,1
31.09000435621793,Travel_Rarely,641.6624870251645,Research & Development,21.237992158807728,4.581999128756414,Technical Degree,3.418000871243586,Female,76.8520121974102,1.5819991287564141,1.0,Research Scientist,1.5819991287564141,Married,2446.097791772783,16694.876654424632,3.3279965150256565,No,18.926006098705102,3.418000871243586,2.0,0.41800087124358587,5.581999128756414,2.0,3.581999128756414,3.2540026137307576,2.0,1.8360017424871717,0.5819991287564141,2446.097791772783,0.6120005808290572,0.7491994772538485,0.29099956437820707,0.5418000871243586,1
41.574872002499866,Non-Travel,987.335177107122,Sales,23.66145969384607,2.4173175382692413,Marketing,1.5826824617307587,Female,72.8268246173076,4.0,2.0,Sales Executive,3.4173175382692413,Single,5940.871930671719,7965.715159862825,5.669270153076965,Yes,12.417317538269241,3.0,3.1653649234615173,0.0,8.417317538269241,2.4173175382692413,2.5826824617307587,5.0,3.1653649234615173,0.5826824617307588,3.4173175382692413,2970.4359653358597,0.5960196153979693,0.6330729846923036,0.6834635076538482,0.11653649234615177,1
26.49704605614717,Travel_Frequently,316.6506511364944,Research & Development,4.485230280735845,3.0,Life Sciences,1.0,Male,55.88164637366887,3.0,1.0,Research Scientist,1.2485230280735846,Married,2053.1835362633115,14872.936416061932,5.751476971926415,Yes,13.627215457889623,3.0,2.0,0.8757384859632077,6.124261514036792,2.0,3.0,3.248523028073585,2.0,0.8757384859632077,1.8757384859632076,2053.1835362633115,0.5266274672935983,0.633530262923522,0.6086779601161636,0.29191282865440255,1
27.934519145324245,Travel_Frequently,229.38643367774864,Research & Development,15.598221282013634,2.5982212820136343,Life Sciences,3.532740427337878,Female,66.41956589785002,3.0,1.9345191453242438,Research Scientist,3.467259572662122,Single,4804.592135363887,24395.568915606502,0.5327404273378781,Yes,12.532740427337878,3.0,2.5982212820136343,0.0,8.467259572662122,1.532740427337878,3.0,8.0,4.33629786331061,7.0,7.0,2451.784433819216,0.9480822697042086,0.5420372329138262,0.875,0.875,1
29.83196605621062,Travel_Rarely,442.1748232819682,Human Resources,12.280056572982296,3.9159830281053107,Human Resources,2.0560113145964594,Male,73.55190948322833,1.9719943427017703,1.0,Human Resources,1.0560113145964594,Married,2019.6132958114463,14389.203678694608,1.0,No,17.80396039891239,3.0,3.0,1.0,1.0,2.0,3.9719943427017705,1.0,0.0,0.0,0.0,2019.6132958114463,1.0,0.0,0.0,0.0,1
31.33054172846762,Travel_Frequently,112.99162518540285,Research & Development,9.878653004381265,3.0,Marketing,1.556486090510794,Female,63.99162518540285,3.0,1.443513909489206,Sales Executive,1.556486090510794,Single,3709.0773653376755,26071.82787722056,2.2175695474460295,No,16.11297218102159,3.0,1.8870278189784118,0.0,4.887027818978412,3.0,3.0,3.0,2.0,0.5564860905107941,2.0,2528.4433382774096,0.6391215226276985,0.6666666666666666,0.6666666666666666,0.18549536350359802,1
26.96728536994161,Travel_Rarely,812.725892454298,Research & Development,3.0,3.0,Medical,2.180371221964965,Female,89.81962877803504,3.0,1.0,Laboratory Technician,1.0,Married,3490.389980340046,9065.49605784981,5.0,No,12.213085852023356,3.0,3.0,0.6065429260116783,6.786914147976644,5.0,3.0,3.180371221964965,2.0,0.0,2.7869141479766437,3490.389980340046,0.44809164657992717,0.7639257556070069,0.9213085852023357,0.0,1
48.99637090368877,Travel_Rarely,854.8175087904856,Research & Development,7.296252409594838,3.4703747590405163,Life Sciences,2.9407495180810326,Female,40.533254337270705,3.0,5.0,Research Director,2.5296252409594837,Married,19404.357947046887,20739.623090463134,3.822248554243097,Yes,12.0,3.0,4.0,0.0,30.996370903688774,0.9407495180810324,3.0,26.233372831364647,15.0,14.059250481918967,8.0,3880.871589409377,0.8711384948263411,0.588708808694326,0.31397803130364055,0.5583620500465507,1
45.46199612508239,Travel_Frequently,1005.4766543045037,Sales,1.0,3.793727096594654,Life Sciences,1.7937270965946541,Male,93.5874541931893,3.0,1.7937270965946541,Sales Representative,3.0,Married,5940.243781894985,14562.759171880776,6.1749083863786165,No,12.618818710216038,3.0,4.0,1.7937270965946541,10.55608967616258,3.0,3.206272903405346,5.381181289783963,2.793727096594654,0.20627290340534576,1.2062729034053459,3270.1458289505676,0.5206272903405346,0.5343788172342243,0.26980311836933957,0.06875763446844858,1
27.61986236757457,Travel_Rarely,435.5655107093063,Research & Development,20.355309672957222,2.797517204053179,Technical Degree,3.202482795946821,Male,59.31806773375491,1.0,1.0,Laboratory Technician,3.797517204053179,Single,2342.227310755415,20993.78855642284,0.797517204053179,No,17.595034408106358,3.0,2.404965591893642,0.20248279594682095,1.404965591893642,3.0,1.202482795946821,1.202482795946821,0.4049655918936419,0.20248279594682095,0.0,2342.227310755415,0.932505734684393,0.20248279594682095,0.0,0.10124139797341047,1
33.14490994719174,Travel_Rarely,599.7520753528735,Research & Development,10.362274867979359,1.072454973595872,Medical,1.0,Male,39.52155444551331,1.0,1.072454973595872,Sales Executive,4.0,Divorced,3555.2285063468116,7820.299408561255,6.927545026404128,Yes,13.072454973595871,3.0,1.2173649207876154,2.927545026404128,7.927545026404128,2.0,2.927545026404128,3.855090052808256,2.927545026404128,1.072454973595872,2.927545026404128,3358.15097816604,0.48447393422945606,0.768113743398968,0.768113743398968,0.30434123019690384,1
30.048875376850877,Travel_Frequently,354.5276582773678,Sales,26.0,4.0,Marketing,2.9022492462982488,Male,52.53762914535963,2.0488753768508756,2.0,Sales Executive,1.1466261305526269,Single,6643.263468377905,22874.527786998144,4.8044984925964975,No,14.804498492596498,3.0,3.0,0.0,9.048875376850877,4.951124623149124,2.0488753768508756,6.1955015074035025,3.1955015074035025,0.0,1.3421276379561293,3321.6317341889526,0.6829584589502918,0.5097750753701751,0.19762107200555457,0.0,1
31.086629879596266,Travel_Rarely,214.7885114914695,Sales,15.842430682287821,3.0,Life Sciences,2.086629879596267,Female,42.929060561884086,3.0,1.0,Research Scientist,3.0,Married,2392.4289611432387,10673.680405881507,2.913370120403733,Yes,11.724419919730845,3.0,2.0,0.0,4.826740240807466,2.0,3.0,3.551160160538311,1.2755800802691555,0.0,0.6377900401345777,2392.4289611432387,0.8177742742472636,0.2551160160538311,0.12755800802691555,0.0,1
29.849721184135607,Travel_Rarely,985.5752802833861,Research & Development,9.22541822379659,2.8497211841356074,Life Sciences,2.0751394079321965,Female,88.24860592067803,3.0,1.0,Laboratory Technician,4.0,Single,1188.7499109747696,16540.166933417713,1.0,Yes,12.849721184135607,3.0,3.0751394079321965,0.0,1.0,3.0751394079321965,2.0,1.0,0.07513940793219631,0.0,0.0,1188.7499109747696,1.0,0.07513940793219631,0.0,0.0,1
37.01771518882146,Non-Travel,625.072632274168,Research & Development,1.0496025287000919,4.0,Life Sciences,1.0,Male,46.07440379305014,2.001771518882146,3.0,Manager,2.998228481117854,Married,10611.196683413862,14913.755351122492,4.992913924471416,No,11.001771518882146,3.0,3.001771518882146,0.0017715188821461059,16.987599367824977,2.0,1.001771518882146,13.992913924471416,1.010629113292877,10.996456962235708,7.003543037764292,3537.065561137954,0.8238420327439081,0.07254209758306318,0.5007086075528584,0.7859167450151023,1
30.828764734211763,Travel_Frequently,390.98098628623075,Research & Development,10.342470531576474,3.8342470531576476,Life Sciences,1.8342470531576476,Male,73.17123526578824,2.1657529468423524,1.0,Sales Representative,1.0,Divorced,2039.7958708205365,16483.732551187743,1.0,No,17.005482318945884,3.0,3.1657529468423524,1.0,1.0,2.0,3.8342470531576476,1.0,0.0,0.0,0.0,2039.7958708205365,1.0,0.0,0.0,0.0,1
27.303812527042897,Travel_Rarely,543.5812766114988,Sales,20.742520662061658,2.434604175680965,Life Sciences,2.8692083513619306,Male,84.64985428385255,1.4346041756809653,1.5653958243190347,Research Scientist,1.0,Single,3854.2402893783237,17321.800448512906,7.13079164863807,Yes,18.86920835136193,3.434604175680965,3.565395824319035,0.0,5.261583297276139,5.565395824319035,3.0,1.1307916486380694,1.1307916486380694,1.1307916486380694,1.1307916486380694,2449.5143638576824,0.16154166409115275,0.5653958243190347,0.5653958243190347,0.5653958243190347,1
33.78000656067274,Travel_Rarely,208.48076103803768,Sales,10.53995407529083,3.7800065606727387,Life Sciences,3.340019682018216,Male,87.72015745614573,3.0,2.0,Laboratory Technician,1.0,Single,5341.1601443348,10673.646824904077,4.219993439327261,No,16.560013121345477,3.0,3.0,0.7800065606727387,9.900032803363693,3.0,2.2199934393272613,6.120026242690955,1.2199934393272613,0.0,5.900032803363693,2670.5800721674,0.606364531000828,0.258091801552375,0.9266688535575796,0.0,1
27.400690309746885,Travel_Frequently,260.40978945724385,Research & Development,3.0505177323101647,3.0,Medical,1.3501725774367217,Male,58.05051773231016,3.0,1.0,Laboratory Technician,1.3501725774367217,Single,2175.065579425954,18980.441181215734,3.8989645353796707,No,15.050517732310166,3.0,1.6498274225632783,0.6498274225632784,5.299654845126557,2.3501725774367217,3.0,3.0,2.0,1.0,2.0,2175.065579425954,0.5875431443591804,0.6666666666666666,0.6666666666666666,0.3333333333333333,1
31.412178070430972,Travel_Rarely,478.0725903230242,Sales,2.0,3.4121780704309708,Life Sciences,2.4121780704309708,Male,89.05386315482835,2.5878219295690292,1.4121780704309708,Sales Executive,3.1756438591380585,Single,6271.321365615554,23185.169049550106,6.41217807043097,Yes,12.58782192956903,3.0,3.0,0.5878219295690292,7.0,2.4121780704309708,1.4121780704309708,2.0,2.0,2.0,2.0,4229.59729373574,0.2857142857142857,1.0,1.0,1.0,1
26.0,Travel_Rarely,1142.6200831744427,Research & Development,24.758036211257835,3.0,Technical Degree,1.483927577484328,Male,52.35534819735895,1.0,1.0,Laboratory Technician,3.241963788742164,Single,2304.3722980708817,13620.051746532085,1.0,No,13.451782732452983,3.0,2.758036211257836,0.0,1.0,2.241963788742164,1.758036211257836,1.0,0.0,0.0,0.758036211257836,2304.3722980708817,1.0,0.0,0.758036211257836,0.0,1
30.312750648840005,Travel_Frequently,311.4819532835197,Sales,24.957497837199988,3.8957497837199986,Marketing,2.7914995674399976,Female,53.77225367676002,2.1042502162800014,2.0,Sales Executive,1.0,Single,6552.9687032638385,23336.045765631203,5.0,No,15.0,3.0,3.0,0.0,8.687249351159997,4.791499567439997,2.1042502162800014,5.687249351159997,2.8957497837199986,0.0,1.1042502162800012,3276.4843516319193,0.6492916306199997,0.5173750360466669,0.21879177480666726,0.0,1
19.222872410245532,Travel_Rarely,316.0076443070573,Research & Development,2.141827897428974,3.0,Life Sciences,2.0,Male,47.85096738457384,2.0202611282041394,1.0,Laboratory Technician,4.0,Single,1101.574516307713,9378.329926967655,1.0,No,21.817649846162748,3.9797388717958606,3.0,0.0,1.0,3.0,2.0,1.0,0.0,0.9797388717958608,0.0,1101.574516307713,1.0,0.0,0.0,0.9797388717958608,1
28.9064336143912,Non-Travel,497.6365974132311,Sales,23.0935663856088,1.0935663856088007,Technical Degree,3.8128672287823986,Female,47.526292411437616,2.0,3.0,Sales Executive,1.0,Single,7465.683010453798,11273.624698031299,1.0,No,12.906433614391199,3.0,1.0,0.9064336143911993,10.906433614391199,2.906433614391199,1.0935663856088007,10.906433614391199,7.906433614391199,2.8128672287823986,9.906433614391199,2488.5610034845995,1.0,0.7247209167561236,0.9082403055853745,0.2565658061221162,1
20.85345317348986,Travel_Rarely,287.490159801025,Sales,8.827625387918875,2.1465468265101406,Medical,1.293093653020281,Female,45.586187306040564,2.0,1.0,Laboratory Technician,3.0,Single,2539.8562937976085,24830.843532882984,1.0,No,18.974172214429018,3.8534531734898594,3.1465468265101406,0.0,2.0,2.1465468265101406,1.1465468265101406,2.0,2.0,1.706906346979719,2.0,2539.8562937976085,1.0,1.0,1.0,0.8534531734898595,1
38.36066852242233,Travel_Rarely,1018.8308912694001,Sales,12.479498608183249,2.4200835653027917,Medical,1.0,Female,69.92217269787258,1.0,2.0,Sales Executive,3.5799164346972083,Single,5400.512144861537,16801.1663250971,6.840167130605583,No,13.579916434697209,3.0,3.1598328693944167,1.1598328693944167,7.0,2.0,2.0,2.8401671306055833,2.4200835653027917,1.5799164346972083,2.4200835653027917,2700.2560724307687,0.4057381615150833,0.8949791086743021,0.8949791086743021,0.6849373260229062,1
29.92286436292519,Travel_Rarely,929.6500082221129,Sales,10.157034556122142,3.0,Technical Degree,2.0771356370748095,Male,85.60603196870838,3.0771356370748095,1.0,Sales Representative,3.768593088775572,Single,1081.771356370748,15604.24167944875,1.0,No,13.308542548299238,3.0,3.0771356370748095,0.0,1.0,3.0,2.0771356370748095,1.0,0.0,0.0,0.0,1081.771356370748,1.0,0.0,0.0,0.0,1
24.0,Travel_Frequently,1424.5572393499533,Sales,1.8736432540390089,1.291214418013003,Technical Degree,1.0,Female,60.98074953695449,3.0,1.0,Laboratory Technician,2.1456072090065015,Single,3155.9881219539457,20835.681340913263,1.0,Yes,16.0,3.0,2.291214418013003,0.14560720900650148,6.0,4.0,3.0,5.145607209006501,3.0,1.0,3.708785581986997,3155.9881219539457,0.8576012015010837,0.5854392790993498,0.7320499691302993,0.19514642636644997,1
18.315999896438942,Travel_Frequently,526.620005695858,Human Resources,2.684000103561056,2.0,Medical,1.6840001035610561,Female,64.31200186409902,2.684000103561056,1.0,Human Resources,4.0,Single,1883.4198969567492,18425.37199823946,1.0,Yes,12.0,3.0,3.0,0.0,0.3159998964389439,2.315999896438944,4.0,0.3159998964389439,0.0,0.0,0.0,1883.4198969567492,0.3159998964389439,0.0,0.0,0.0,1
22.641042463030765,Travel_Frequently,727.3272900111265,Sales,15.507752866910751,1.9435830147876942,Life Sciences,3.471791507393847,Male,69.69745944824307,1.471791507393847,1.0,Laboratory Technician,4.0,Single,1970.9990453680757,13580.247671325946,1.0,Yes,15.887166029575388,3.0,3.056416985212306,0.0,1.0,4.4717915073938475,3.0,1.0,0.0,1.0,0.0,1970.9990453680757,1.0,0.0,0.0,1.0,1
41.26880919684459,Travel_Frequently,334.30733226738073,Research & Development,9.657231039350496,3.283601149605574,Life Sciences,1.0,Male,85.1344045984223,3.0,3.716398850394426,Manager,3.432797700788852,Divorced,12078.247632126217,12617.071830443323,5.298393102366557,Yes,11.283601149605573,3.0,4.0,2.432797700788852,17.880387354338687,3.432797700788852,2.716398850394426,15.731190803155409,7.0,10.432797700788852,6.134404598422296,3299.5944098379246,0.8976573070865105,0.47712035765506744,0.4542407153101349,0.693040332108277,1
28.307048852496813,Travel_Rarely,883.8733549186942,Sales,16.527478811555724,1.0,Technical Degree,2.8267622131242027,Female,87.12604561469269,2.0,1.0,Sales Representative,3.8267622131242027,Single,2370.3769379108517,14457.65761023237,1.0,Yes,12.826762213124203,3.0,3.0,0.0,3.9133811065621016,3.0,2.0866188934378984,3.9133811065621016,2.9133811065621016,0.08661889343789864,1.0866188934378986,2370.3769379108517,1.0,0.7427817588801751,0.28609120559912443,0.028872964479299545,1
36.093146309907645,Travel_Frequently,1055.15118400459,Research & Development,10.093146309907642,2.0,Medical,1.201523042242746,Female,58.68248501420842,1.100761521121373,1.899238478878627,Healthcare Representative,1.899238478878627,Single,4553.712469195038,13472.425748837366,5.201523042242746,No,14.596953915514508,3.0,1.201523042242746,0.0,14.29466935215039,2.0,1.100761521121373,0.899238478878627,0.0,0.0,0.0,2405.881362393437,0.0599492319252418,0.0,0.0,0.0,1
22.79350187964772,Travel_Rarely,1001.2098437457169,Sales,7.6032490601761396,3.349187734955965,Marketing,3.650812265044035,Female,52.60324906017614,3.0,1.0,Sales Representative,3.650812265044035,Single,2713.3918876807693,15100.794709155354,1.0,Yes,13.650812265044035,3.0,2.349187734955965,0.0,2.0,3.0,2.650812265044035,2.0,2.0,0.6983754699119304,2.0,2713.3918876807693,1.0,1.0,1.0,0.3491877349559652,1
46.13605435046924,Non-Travel,823.0557899348381,Sales,26.454421740187698,3.0,Marketing,3.227210870093848,Female,62.57006846213763,2.772789129906152,3.386394564953076,Sales Executive,1.386394564953076,Single,11758.163281990197,16773.401364002242,4.0,Yes,14.159183694859227,3.0,2.772789129906152,0.6136054350469241,20.77278912990615,2.613605435046924,2.613605435046924,2.227210870093848,1.2272108700938482,1.2272108700938482,0.0,3494.5469364974924,0.10960420457308752,0.4090702900312827,0.0,0.4090702900312827,1
29.052036597167366,Travel_Rarely,1279.6792029559306,Sales,11.052036597167366,3.6104073194334734,Technical Degree,2.7791853611330533,Male,42.88325855546778,2.6104073194334734,2.0,Sales Executive,1.0,Single,4658.824799859214,8220.721034573982,3.558370722266107,No,17.0,3.0,3.0,0.0,7.83122195830042,2.0,1.3895926805665266,3.3895926805665266,1.7791853611330535,1.0,2.0,2329.412399929607,0.46319756018884223,0.4956636169027195,0.6017345532389122,0.3008672766194561,1
29.979243239586793,Travel_Rarely,473.17448810263693,Research & Development,4.124540562479234,3.0,Technical Degree,3.0207567604132057,Female,41.0793515414867,2.9792432395867943,1.0,Research Scientist,3.937729718760383,Single,2287.4700544891716,3594.133434847133,8.937729718760384,Yes,22.937729718760384,4.0,3.0,0.0,3.0,4.020756760413206,3.0,0.9792432395867943,0.0,0.0,0.0,2287.4700544891716,0.32641441319559805,0.0,0.0,0.0,1
37.221500636792804,Travel_Rarely,1143.3257566863244,Sales,10.113997452828787,2.0,Medical,1.3322509551892048,Female,58.784993632071966,1.2215006367928032,2.0,Sales Executive,2.1107503183964016,Married,4828.055896780741,14758.10808127418,4.889249681603598,No,15.332250955189204,3.0,1.0,0.0,14.667749044810796,2.1107503183964016,1.1107503183964016,1.0,0.0,0.0,0.0,2414.0279483903705,0.06851250530660669,0.0,0.0,0.0,1
43.325919898692845,Travel_Rarely,1058.7329911719476,Human Resources,10.414818523881328,4.051852315485166,Human Resources,3.0518523154851662,Male,95.63703379160384,3.0518523154851662,1.0,Research Scientist,2.896295369029668,Married,2937.0370463097033,11379.212353911236,0.948147684514834,Yes,11.311113892910996,3.0,3.0,0.0,5.792590738059336,4.0,3.0,5.74073842257417,3.792590738059336,0.0,1.896295369029668,2937.0370463097033,0.974073842257417,0.6320984563432226,0.3160492281716113,0.0,1
50.8587107329129,Travel_Rarely,1260.1262761462403,Sales,3.5761321987386983,4.0,Life Sciences,1.1412892670871004,Male,42.47735602522603,3.0,1.1412892670871004,Sales Executive,3.0,Married,3063.881302660658,10886.277794782696,8.7174214658258,Yes,12.0,3.0,3.1412892670871004,2.8587107329128996,17.152264397477396,2.1412892670871004,3.8587107329128996,9.434842931651598,0.42386780126130164,1.717421465825799,6.1522643974773965,2588.584208179652,0.5477061518284945,0.07064463354355027,0.624645724220213,0.1717421465825799,1
31.190260691813112,Travel_Frequently,752.0534867683735,Sales,25.83901018385044,3.985364562168222,Medical,1.0,Female,63.14635437831778,3.0,2.014635437831778,Sales Executive,4.0,Married,5651.554268720827,20972.551935177555,1.0,Yes,11.0,3.0,3.014635437831778,0.014635437831777898,10.0,3.970729124336444,3.0,10.0,7.0,0.0,7.9560936865046665,2806.3168805234263,1.0,0.7,0.7956093686504666,0.0,1
33.2892389079382,Travel_Rarely,625.5544002268656,Research & Development,13.49970261672172,2.44738407280412,Marketing,2.10523185439176,Male,78.28983367449476,2.44738407280412,1.55261592719588,Laboratory Technician,2.10523185439176,Married,5329.094812983122,7580.104063234338,3.3421522184123598,No,12.44738407280412,3.0,1.89476814560824,1.55261592719588,7.10523185439176,5.55261592719588,3.0,4.21046370878352,3.10523185439176,0.55261592719588,0.8947681456082399,3566.250005228265,0.56358996966495,0.8157946909347067,0.44738407280411996,0.09210265453264667,1
18.0,Travel_Frequently,433.612725564521,Sales,3.0,2.3515518294123536,Life Sciences,2.3515518294123536,Female,64.37517072940234,3.0,1.0,Laboratory Technician,3.6484481705876464,Single,1516.6187774175594,20815.122613786363,1.0,No,12.351551829412353,3.0,3.0,0.0,0.0,2.0,3.6484481705876464,0.0,0.0,0.0,0.0,1516.6187774175594,0.0,0.0,0.0,0.0,1
27.674296778764788,Travel_Rarely,341.44190107374504,Research & Development,1.4419010737450706,3.0,Medical,1.5580989262549294,Female,51.97710966370563,2.4419010737450706,1.0,Sales Representative,2.116197852509859,Divorced,2465.0389861012363,19909.016821060304,6.0,Yes,16.790494631274647,3.0,2.5580989262549294,2.116197852509859,5.44190107374507,2.5580989262549294,3.0,3.0,2.0,0.4419010737450705,2.0,2465.0389861012363,0.555809892625493,0.6666666666666666,0.6666666666666666,0.1473003579150235,1
24.065028439570874,Travel_Frequently,816.1863935389728,Research & Development,1.0,3.0,Medical,1.9837428901072816,Male,60.739886241716505,2.9837428901072816,1.0,Laboratory Technician,3.967485780214563,Married,2297.9259042974936,3087.3044349558545,1.9837428901072816,No,15.983742890107282,3.0,1.0,1.0162571098927184,5.918714450536408,2.0,2.0162571098927184,1.9837428901072816,0.0,1.967485780214563,0.0,2297.9259042974936,0.3441714065951456,0.0,0.0,0.9837428901072816,1
23.138397350484777,Travel_Rarely,1219.5957417490645,Research & Development,10.0,3.0,Life Sciences,3.267299668810597,Female,50.96878145339343,2.0,1.0,Research Scientist,1.0,Single,1680.0920727848697,15713.27521394356,2.336498344052985,No,14.87109768167418,3.267299668810597,1.534599337621194,0.0,1.534599337621194,5.732700331189403,2.267299668810597,0.732700331189403,0.0,0.732700331189403,0.0,1680.0920727848697,0.732700331189403,0.0,0.0,0.732700331189403,1
44.89142501687336,Travel_Frequently,231.55075200484782,Research & Development,2.0,2.093626920481021,Life Sciences,1.0,Male,71.76396342649379,2.093626920481021,4.453186539759489,Healthcare Representative,4.0,Married,15647.659879193841,19120.74125250196,4.280880761443063,No,12.812746159037957,3.0,4.0,2.093626920481021,26.438238477113874,3.546813460240511,3.0,24.344611556632852,10.172305778316426,8.734067301202554,6.812746159037958,3462.240625722107,0.9081508659469555,0.4109187901271974,0.2793513421519427,0.4191362574629941,1
31.219447716455313,Travel_Frequently,198.9723858227657,Research & Development,11.634694410129834,2.3902761417723433,Life Sciences,1.0,Female,47.39027614177234,3.6097238582276567,1.0,Research Scientist,3.0,Married,2314.917157468297,13843.146460242315,3.3902761417723433,Yes,12.82917157468297,3.0,1.3902761417723433,0.0,7.609723858227657,2.0,3.0,4.390276141772343,1.3902761417723433,0.0,2.2194477164553135,2314.917157468297,0.5836306018083592,0.3085414212658515,0.5353481220252112,0.0,1
35.98884594195474,Travel_Rarely,596.9643844067407,Research & Development,8.337051352681751,3.668525676340876,Life Sciences,3.005577029022628,Male,86.37051352681752,3.0,1.668525676340876,Laboratory Technician,1.0,Single,4291.911650763986,5257.000165421973,3.668525676340876,Yes,16.00557702902263,3.0,2.668525676340876,0.668525676340876,10.668525676340876,3.0,1.668525676340876,6.0055770290226285,1.331474323659124,0.0,5.674102705363504,2504.942517904824,0.5580151598623889,0.2612408298782586,0.917131419085219,0.0,1
30.73510753061843,Travel_Rarely,469.2026900030294,Research & Development,5.735107530618428,2.632446234690786,Life Sciences,2.7351075306184276,Male,66.98352154087506,3.0,1.3675537653092138,Laboratory Technician,2.367553765309214,Married,3326.549816425975,24666.445155909463,0.3675537653092137,No,17.367553765309214,3.0,1.0,0.3675537653092137,6.205322591855282,3.0,3.0,5.572876357164496,2.7351075306184276,1.0,1.6324462346907862,2429.1672984235297,0.8418884413273034,0.5686523292508763,0.4583861996581122,0.2475707880945168,1
30.524546439337456,Travel_Rarely,307.9172894687368,Research & Development,4.80958049533365,3.0,Marketing,3.4287414860009515,Male,43.52097523331747,3.0,1.0,Laboratory Technician,2.619160990667301,Single,2874.2311795692945,9884.638449002776,1.0,No,14.142517027998096,3.0,2.0,0.0,1.0,2.0,3.0,1.0,0.0,0.0,0.0,2874.2311795692945,1.0,0.0,0.0,0.0,1
23.171830509502577,Travel_Rarely,1324.2957627375645,Sales,7.742254235746133,1.0,Marketing,3.9570423726243553,Male,92.65633898099485,2.0429576273756447,1.0,Sales Representative,2.9140847452487106,Single,3948.276169247889,20403.859659927268,0.9570423726243554,Yes,11.0,3.0,1.0429576273756447,0.04295762737564457,5.0,2.0429576273756447,3.0,4.957042372624356,3.9570423726243553,0.9570423726243554,2.0,3948.276169247889,0.9914084745248711,0.7978521186312179,0.40429576273756446,0.1914084745248711,1
29.996015755102526,Travel_Frequently,944.2071352654029,Sales,9.059763673462093,3.0,Medical,2.003984244897473,Male,88.8246932245112,3.003984244897473,1.0,Sales Representative,3.988047265307581,Single,1081.0398424489747,15997.57671518629,1.0,No,13.015936979589892,3.0,3.003984244897473,0.0,1.0,3.0,2.003984244897473,1.0,0.0,0.0,0.0,1081.0398424489747,1.0,0.0,0.0,0.0,1
18.0,Non-Travel,424.7629612458501,Research & Development,5.007357554783669,1.5985284890432663,Medical,2.4014715109567337,Male,74.01471510956733,3.0,1.0,Laboratory Technician,3.5985284890432663,Single,1703.4929561705057,16467.242570706447,1.0,Yes,12.0,3.0,3.4014715109567337,0.0,0.0,1.1970569780865323,3.5985284890432663,0.0,0.0,0.0,0.0,1703.4929561705057,0.0,0.0,0.0,0.0,1
54.946692092420754,Travel_Rarely,266.9822306974736,Sales,12.804537672209435,3.9466920924207547,Marketing,1.0,Male,84.50245952926038,3.9466920924207547,4.017769302526415,Sales Executive,3.017769302526415,Married,13804.281210537452,9571.419573560172,5.911153487367924,No,16.96446139494717,3.0,3.017769302526415,0.017769302526415065,24.159923722737737,2.017769302526415,2.017769302526415,19.231000932843394,7.124385117684906,3.0533079075792453,8.017769302526416,3433.4387122025278,0.7948301409800814,0.3696485373455747,0.4185684363244321,0.15842080171953202,1
25.416536820868284,Travel_Rarely,1380.4134205217072,Sales,4.375194768697573,1.0,Marketing,3.395865794782929,Male,88.16692635826342,2.604134205217071,1.0,Sales Representative,1.7917315895658577,Single,3416.2807734542166,18024.470969879618,0.3958657947829288,No,11.0,3.0,1.604134205217071,0.6041342052170712,5.0,2.604134205217071,3.0,4.395865794782929,3.395865794782929,0.3958657947829288,2.0,3416.2807734542166,0.8791731589565858,0.7697932897391464,0.46041342052170714,0.07917315895658578,1
32.03927259363244,Travel_Frequently,1120.7149236725495,Sales,15.947636541823416,1.0087272430294307,Life Sciences,1.9956363784852846,Female,71.93018205576456,1.0087272430294307,1.0043636215147154,Research Scientist,1.0043636215147154,Single,3942.7206465539925,4702.281382127267,1.0,Yes,21.98254551394114,3.9956363784852846,2.0043636215147154,0.0,9.99127275697057,5.0,3.0,9.99127275697057,2.021818107573577,6.004363621514715,7.0,3922.309806918912,1.0,0.20294544452243288,0.7007636337650751,0.6011999959165467,1
29.184446824452895,Travel_Rarely,291.0042836762625,Sales,4.456297882968596,2.728148941484298,Technical Degree,1.864074470742149,Female,60.2718510585157,3.0,1.0,Laboratory Technician,2.0,Single,2528.021912821124,25214.871488695284,0.13592552925785095,No,16.86407447074215,3.0,1.135925529257851,0.0,4.271851058515702,3.135925529257851,3.0,3.271851058515702,2.135925529257851,1.0,2.271851058515702,2528.021912821124,0.7613271274381542,0.6576049647161433,0.6847900705677135,0.31520992943228654,1
31.444989754060096,Travel_Rarely,474.49611680744965,Sales,2.0,3.444989754060095,Life Sciences,2.444989754060095,Male,88.66012295127886,2.555010245939905,1.4449897540600947,Laboratory Technician,3.1100204918798107,Married,6474.2616288616855,23352.672694476783,6.444989754060095,Yes,12.555010245939906,3.0,3.0,0.5550102459399053,7.0,2.444989754060095,1.4449897540600947,2.0,2.0,2.0,2.0,4270.004882125007,0.2857142857142857,1.0,1.0,1.0,1
33.00044923698956,Non-Travel,921.3767220110118,Research & Development,24.416704103082463,2.8334082061649264,Technical Degree,2.8334082061649264,Male,65.74943845376305,2.0,3.0,Healthcare Representative,1.4167041030824632,Single,8877.013926346677,14388.51602304242,1.4167041030824632,Yes,12.0,3.0,1.8334082061649264,0.0,9.583295896917537,2.0,2.416704103082463,7.9164794845876845,5.74988769075261,1.0,5.249663072257832,2959.004642115559,0.8147981764077942,0.7416704103082463,0.5249663072257831,0.14167041030824634,1
24.853563825443022,Travel_Frequently,1228.9576598698745,Research & Development,4.439308523670938,1.292872349113959,Technical Degree,3.5606914763290614,Male,35.36803201481053,3.0,1.0,Laboratory Technician,3.8535638254430205,Married,3573.1188794816317,6005.369137288395,1.0,Yes,15.14643617455698,3.0,2.292872349113959,1.0,6.85356382544302,3.1464361745569795,3.8535638254430205,6.85356382544302,6.414255301772082,4.414255301772082,5.414255301772082,3573.1188794816317,1.0,0.9267819127215102,0.7804381942796773,0.6340944758378445,1
26.56441624330113,Travel_Rarely,737.4814974249682,Research & Development,4.348927665460944,3.0,Technical Degree,3.0,Female,86.52223984793679,3.3044479695873585,1.0,Research Scientist,2.6955520304126415,Single,2258.326763988482,21481.697747712387,0.30444796958735854,No,14.304447969587358,3.0,4.0,0.0,5.173312182475849,0.6955520304126415,2.3044479695873585,4.477760152063207,1.391104060825283,0.6955520304126415,3.4777601520632073,2258.326763988482,0.9006354242267655,0.2318506768042138,0.5796266920105346,0.1159253384021069,1
33.073217103380664,Travel_Rarely,656.5452449617816,Sales,17.408478620774172,2.4816957241548345,Life Sciences,1.4816957241548345,Male,64.78034868985802,1.0,2.0,Sales Executive,3.5183042758451655,Married,5015.626067019591,23393.761497976506,4.554912827535496,Yes,12.554912827535496,3.0,3.5183042758451655,1.5183042758451655,5.554912827535496,2.0,2.4816957241548345,2.0,2.0,2.0,2.0,2507.8130335097953,0.3889347980331789,1.0,1.0,1.0,1
21.814829556674443,Travel_Rarely,318.229101871055,Sales,21.56296591133489,1.874068177330223,Other,4.0,Male,48.82228413803266,1.4370340886651114,1.0,Sales Representative,2.5629659113348886,Married,1802.361294184453,10869.138162766547,1.0,No,11.874068177330223,3.0,2.5629659113348886,0.5629659113348885,1.0,2.4370340886651114,3.4370340886651114,1.0,0.0,0.0,0.0,1802.361294184453,1.0,0.0,0.0,0.0,1
33.31505073505941,Travel_Rarely,816.0645844228507,Research & Development,14.286409759144917,3.0,Life Sciences,3.0286409759144917,Male,57.570385361282625,3.0,1.0,Laboratory Technician,3.9713590240855083,Divorced,2456.7647075380064,22085.159264686597,4.942718048171017,Yes,13.257768783230425,3.0286409759144917,3.0286409759144917,1.0,8.315050735059408,1.9427180481710167,1.0,4.885436096342033,3.8854360963420334,0.0,3.8854360963420334,2456.7647075380064,0.6086068098384161,0.7770872192684067,0.7770872192684067,0.0,1
33.9570248743531,Non-Travel,1338.4066560198526,Research & Development,18.785124371765505,3.0,Marketing,1.0859502512937977,Male,66.61322386917792,3.957024874353101,1.9570248743531011,Sales Executive,4.0,Single,5180.747339644694,5403.93577344379,7.871074623059304,Yes,13.0,3.0,2.042975125646899,0.04297512564689887,8.9570248743531,2.957024874353101,1.9570248743531011,5.0,2.0859502512937977,0.0,4.0,2642.7173728602697,0.5585399392810346,0.41719005025875955,0.8,0.0,1
37.62995148904633,Travel_Rarely,499.44496615612655,Research & Development,10.872240523294913,3.0,Medical,1.1453734205491521,Male,59.93392824930622,2.9515421931502823,3.0,Manufacturing Director,2.903084386300565,Divorced,10087.056992320871,22282.883110390743,5.903084386300565,No,11.096915613699435,3.0,2.0,1.9515421931502825,17.145373420549152,4.903084386300565,3.0,1.096915613699435,0.09691561369943491,0.09691561369943491,0.0,3362.352330773624,0.06324174121276835,0.03230520456647834,0.0,0.03230520456647834,1
41.39954542473538,Travel_Rarely,930.44807958918,Research & Development,7.200151525088207,2.3999242374558967,Medical,1.0,Male,36.133434350058806,1.9332828249705978,1.0,Research Scientist,3.533358587514701,Married,2966.090582376422,8397.508403084179,7.933282824970598,Yes,12.533358587514702,3.0,1.9332828249705978,3.0,12.666414124852988,2.0,3.466641412485299,6.799848474911793,1.6000757625441033,1.466641412485299,4.866565649941196,2966.090582376422,0.5259245229158499,0.40001894063602583,0.726667929375735,0.22666792937573507,1
30.600663588565574,Travel_Rarely,1305.8132140931968,Sales,16.569532604098363,2.371523369795082,Technical Degree,2.743046739590164,Male,77.20132717713115,2.371523369795082,3.0,Healthcare Representative,1.0,Single,9041.510098023771,11603.779746274344,0.6284766302049182,Yes,15.715233697950818,3.371523369795082,1.0,0.0,9.628476630204919,2.0,2.371523369795082,9.256953260409837,7.0,2.1145701093852454,8.256953260409837,3013.836699341257,0.9587196255783242,0.7650165897141393,0.890711915755123,0.24860934791803274,1
42.59556264712503,Travel_Rarely,1344.0264164261475,Sales,9.370734240135393,3.0,Life Sciences,1.0337031127395813,Female,84.52815642164586,1.0,2.0,Sales Executive,3.0,Married,5319.475650273949,10004.623921802851,7.831484436302095,Yes,12.932593774520837,3.0,2.0337031127395813,0.033703112739581154,6.898890661781257,2.0,2.0337031127395813,3.9325937745208375,2.9662968872604187,1.0337031127395813,2.9662968872604187,2659.7378251369746,0.569021206232887,0.7584257781848953,0.7584257781848953,0.27527733455468584,1
34.28131032849547,Travel_Rarely,427.3719234073871,Sales,8.531792956459281,2.0,Medical,3.1560690145135735,Female,40.31406854088236,1.0,1.2813103284954757,Sales Executive,3.2813103284954757,Divorced,3219.967604722524,15022.500184037955,1.687861970972853,No,15.437379343009049,3.0,4.0,1.2813103284954757,4.125241313981903,2.7186896715045243,2.0,2.0,2.0,1.2813103284954757,0.5626206569909511,2454.8035112148305,0.5595008272398188,1.0,0.28131032849547555,0.6406551642477378,1
24.533444274416198,Travel_Rarely,1358.336106860405,Sales,5.699833588375705,1.0,Medical,3.6166389313959506,Male,89.9331114511676,2.3833610686040494,1.0,Sales Representative,2.2332778627919017,Divorced,3625.5737069633615,18960.54906911883,0.6166389313959508,No,11.0,3.0,1.3833610686040492,0.38336106860404917,5.0,2.3833610686040494,3.0,4.616638931395951,3.6166389313959506,0.6166389313959508,2.0,3625.5737069633615,0.9233277862791902,0.7808319465697976,0.4383361068604049,0.12332778627919017,1
24.292319089919925,Travel_Frequently,1267.1223018854453,Research & Development,6.12304273024023,2.4153618201601534,Life Sciences,1.87695726975977,Male,48.27666093184176,3.0,1.0,Laboratory Technician,3.292319089919923,Married,3121.316867385538,11372.552543095773,1.0,Yes,15.707680910080077,3.0,3.4153618201601534,1.0,6.292319089919923,3.707680910080077,3.292319089919923,6.292319089919923,4.169276359679693,2.169276359679693,3.169276359679693,3121.316867385538,1.0,0.6461595449599616,0.4864528566247217,0.3267461682894818,1
42.32549514476902,Travel_Frequently,559.2419223006353,Sales,25.625145630814416,2.2749708738371166,Life Sciences,1.7250291261628834,Female,69.02584465872363,3.7250291261628834,1.7250291261628834,Research Scientist,3.0,Married,5224.249223084698,10668.96504860454,4.0,Yes,11.725029126162884,3.0,3.450058252325767,0.0,7.725029126162884,2.0,3.0,5.0,3.450058252325767,0.7250291261628835,2.450058252325767,2905.243563052715,0.6495509708783139,0.6900116504651534,0.4900116504651534,0.1450058252325767,1
45.38097267581936,Travel_Rarely,1200.910106294695,Sales,6.959166277869124,2.6598610463115206,Marketing,1.0,Male,85.34013895368848,1.3401389536884794,1.6598610463115206,Sales Representative,3.0,Married,4440.209966327579,7557.350882003126,5.619027324180644,Yes,13.340138953688479,3.0,2.3401389536884794,0.0,5.639444185246083,2.0,2.3401389536884794,3.6598610463115206,2.6598610463115206,0.6598610463115206,2.6598610463115206,2676.401389536885,0.7172024087236339,0.7216550871926267,0.7216550871926267,0.16496526157788016,1
21.643739648634458,Travel_Frequently,321.7007811573005,Research & Development,6.643739648634457,3.0,Medical,2.392710058560924,Male,75.25514795036767,3.0,1.0,Laboratory Technician,1.7854201171218476,Single,2483.9719774012615,20231.96733224921,1.6072899414390762,No,11.785420117121848,3.0,3.0,0.0,2.429159765756305,2.0,2.392710058560924,0.0,0.0,0.0,0.0,2483.9719774012615,0.0,0.0,0.0,0.0,1
27.74559961304758,Travel_Frequently,211.414189007267,Sales,5.644114396272119,3.0,Life Sciences,2.3220571981360596,Female,72.56023072730633,3.0,1.0,Laboratory Technician,2.644114396272119,Divorced,2374.657591873999,25524.68042275937,0.3220571981360597,Yes,18.28822879254424,3.3220571981360596,1.3220571981360596,0.3220571981360597,3.6779428018639404,2.6779428018639404,3.0,3.0,2.0,0.6779428018639403,2.0,2374.657591873999,0.8305142995340149,0.6666666666666666,0.6666666666666666,0.22598093395464675,1
29.76294588561965,Travel_Rarely,860.2073672537014,Research & Development,4.173302594115374,2.294821645752139,Medical,1.0,Male,42.531875760132486,1.6474108228760695,1.0,Laboratory Technician,2.705178354247861,Divorced,2882.3024118246317,6999.571924408611,3.1155350627435827,No,14.294821645752139,3.0,1.0,2.3525891771239307,3.468124239867513,2.0,3.0,2.057767531371791,1.0577675313717914,0.35258917712393045,1.0577675313717914,2882.3024118246317,0.8237054114380348,0.26444188284294784,0.26444188284294784,0.08814729428098261,1
38.92909463860979,Travel_Rarely,1159.9943912063911,Sales,2.9797413253170824,2.0,Life Sciences,3.9696119879756235,Female,40.92909463860979,2.9797413253170824,2.0,Sales Executive,2.989870662658541,Single,5253.163618000164,17720.961701430246,4.020258674682918,No,17.969611987975625,3.0,1.0101293373414588,0.0,11.979741325317082,2.989870662658541,2.010129337341459,0.9898706626585412,0.0,0.0,0.0,2626.581809000082,0.08248922188821176,0.0,0.0,0.0,1
40.96395891369152,Travel_Rarely,691.3474323204939,Sales,6.48197945684576,2.31475256789428,Life Sciences,2.68524743210572,Male,64.0,2.0,2.68524743210572,Sales Executive,3.05574229631716,Single,9648.901493949958,10992.052005810623,1.0,No,14.4262371605286,3.0,4.0,0.31475256789427997,9.31475256789428,3.31475256789428,3.0,9.31475256789428,8.0,4.62950513578856,7.0,3725.8849054041584,1.0,0.8609108828538418,0.7532970224971115,0.4934059550057769,1
28.0,Travel_Rarely,1292.8022729993008,Research & Development,4.2213360643343805,4.0,Medical,3.0,Male,48.961781419112505,3.0,1.0,Laboratory Technician,3.0,Single,3685.2409211537824,12527.38638192763,2.297773226109366,Yes,14.038218580887493,3.0,3.2595546452218733,0.0,2.7786639356656195,3.0,2.0,2.0,2.0,2.0,1.7404453547781267,3685.2409211537824,0.844267212866876,1.0,0.8702226773890633,1.0,1
22.020828893297264,Travel_Frequently,262.4147230795967,Research & Development,11.392039399950812,2.185605253326775,Life Sciences,1.0,Male,48.89771031986227,2.0928026266633877,1.0,Laboratory Technician,3.0928026266633877,Single,2640.776446532776,24631.283246370578,1.0,No,20.37121050665355,4.0,3.0,0.0,1.9071973733366125,2.0,1.0,1.9071973733366125,1.814394746673225,1.814394746673225,1.9071973733366125,2640.776446532776,1.0,0.9071973733366125,1.0,0.9071973733366125,1
39.865924449991326,Travel_Rarely,1118.0279919748077,Sales,16.6452485125094,3.0,Life Sciences,2.488827037499277,Female,53.26536778748481,3.0,3.0,Human Resources,1.488827037499277,Married,8661.451929151906,12744.313398923208,7.044691850002892,Yes,17.932962224995663,3.488827037499277,3.0,3.0,12.466481112497831,2.0,3.0,5.444135187496385,4.444135187496385,0.0,4.444135187496385,2887.150643050635,0.41874054366861513,0.7685056328123493,0.7685056328123493,0.0,1
46.0,Travel_Rarely,337.29678738258934,Sales,13.107228891456273,2.657730925711977,Marketing,2.0268072228640683,Female,56.79176704003232,3.0,2.657730925711977,Sales Executive,3.3154618514239544,Married,9695.545183083013,14225.36788186241,4.0,No,14.76495981716825,3.342269074288023,2.0268072228640683,1.0,22.86596388567966,1.3422690742880228,4.0,7.684538148576046,7.0,3.657730925711977,4.369076297152091,3741.0306872101532,0.40138824439662546,0.9239402057137727,0.5480939624497857,0.48993593469332786,1
30.749887516976084,Travel_Rarely,859.6898340227463,Research & Development,16.250112483023916,1.8749437584880428,Medical,3.0,Male,73.7507873811674,2.4374718792440215,1.0,Research Scientist,4.0,Married,2409.561178324469,18105.547868006026,2.7498875169760857,Yes,13.0,3.0,3.0,0.4374718792440214,5.749887516976086,2.5625281207559785,1.5625281207559785,4.437471879244021,3.4374718792440215,0.0,2.312415637732064,2409.561178324469,0.835948045283492,0.7718735939622011,0.4906095335842118,0.0,1
26.6338453140686,Travel_Rarely,405.60068870604044,Research & Development,14.267690628137206,3.403760590452067,Life Sciences,2.192478819095866,Male,94.1548729145752,3.0,1.0,Sales Representative,4.0,Single,2484.955507035075,22241.5486954662,1.0,Yes,22.2112817713562,4.0,2.403760590452067,0.596239409547933,2.192478819095866,2.0,2.192478819095866,2.192478819095866,1.192478819095866,0.0,1.596239409547933,2484.955507035075,1.0,0.397492939698622,0.801253530150689,0.0,1
41.26531051947259,Travel_Rarely,473.15852393612124,Sales,15.905814565423592,3.0,Marketing,1.9843024275705987,Male,53.78178219781561,2.6718991908098007,3.0,Manufacturing Director,2.343798381619601,Divorced,10312.449252207301,20608.660455378274,5.343798381619601,Yes,11.656201618380399,3.0,2.0,1.6718991908098004,17.984302427570597,4.343798381619601,3.0,1.6562016183803991,0.6562016183803991,0.6562016183803991,0.0,3437.4830840691,0.08873860319087114,0.21873387279346637,0.0,0.21873387279346637,1
33.1493294918034,Travel_Rarely,1345.7537313688515,Sales,14.074664745901698,4.0,Life Sciences,1.9023032049180275,Male,47.953935901639454,3.0,2.0976967950819727,Sales Executive,1.0,Single,4840.185581434459,10958.156868680297,2.39078718032789,No,16.60921281967211,3.0,2.9023032049180273,0.0,9.586180770491834,2.0,1.0976967950819725,2.9023032049180273,1.0976967950819725,1.0976967950819725,2.0,2249.970104881155,0.3137939743169388,0.3984645300546482,0.6992322650273242,0.3984645300546482,1
33.4788584048585,Travel_Rarely,141.26796908096685,Research & Development,4.281712392712256,3.0,Life Sciences,1.0,Female,55.69001104251184,2.619714601214624,1.0,Research Scientist,1.380285398785376,Divorced,1764.8279707874892,24962.096517492115,1.0,No,12.0,3.0,3.619714601214624,0.619714601214624,1.0,2.380285398785376,3.380285398785376,1.0,0.0,0.0,0.0,1764.8279707874892,1.0,0.0,0.0,0.0,1
29.270658308929768,Travel_Rarely,245.6945925603262,Research & Development,19.83832288616221,4.0,Life Sciences,4.0,Female,77.68023512992478,3.0,1.567664577232442,Manufacturing Director,3.0,Single,4542.610424824794,23056.118994877186,1.0,Yes,14.135329154464884,3.0,4.0,1.1353291544648842,9.135329154464884,2.567664577232442,2.432335422767558,9.135329154464884,2.0,6.432335422767558,7.0,2788.8107134651636,1.0,0.2216167711383779,0.7756586989843226,0.7188922412610784,1
47.89986715275583,Travel_Rarely,1019.9095460234025,Sales,4.800113869066433,2.3000189781777385,Marketing,1.0,Female,85.69998102182227,1.6999810218222613,1.3000189781777387,Sales Executive,3.0,Married,3481.950538887318,5513.807777071378,3.100132847244171,No,13.69998102182226,3.0,2.6999810218222615,0.0,4.200075912710955,2.0,2.6999810218222615,3.3000189781777385,2.3000189781777385,0.3000189781777387,2.3000189781777385,2679.9998102182226,0.8714204379238263,0.6916682481814782,0.6916682481814782,0.07500474454443468,1
31.05012254222456,Travel_Frequently,606.9938489348029,Sales,3.4400980337796483,3.0,Marketing,2.830073525334736,Female,38.289730407105964,2.610024508444912,1.0,Laboratory Technician,2.610024508444912,Single,2751.5562496534526,8373.948771805375,1.0,No,13.779950983110176,3.0,1.610024508444912,0.7799509831101759,1.0,2.0,3.0,1.0,0.0,0.0,0.0,2751.5562496534526,1.0,0.0,0.0,0.0,1
31.0122037702976,Travel_Frequently,1078.8708969563254,Sales,15.990365444501894,4.0,Life Sciences,1.0006423036998737,Male,70.01541528879697,3.0,2.9993576963001263,Sales Executive,3.0,Divorced,8160.079578798081,18998.950984336698,2.0032115184993686,No,12.999357696300127,3.0,1.0019269110996212,2.9993576963001263,10.001284607399747,2.0006423036998737,3.0,1.0032115184993686,0.0019269110996211758,0.0,0.0006423036998737253,2720.746762814819,0.1002569214799495,0.00032115184993686263,0.00010705061664562088,0.0,1
31.41453438839068,Travel_Frequently,1012.2978697652062,Research & Development,11.609007912930112,1.5854656116093184,Life Sciences,2.0,Female,69.65813755356272,1.2927328058046592,1.2927328058046592,Research Scientist,1.0,Married,5615.386609638,4868.934461326591,1.0,Yes,18.779939136148748,3.7072671941953406,2.5854656116093184,0.2927328058046592,10.0,4.707267194195341,3.0,10.0,3.756396834827955,6.0,7.0,4193.58337184477,1.0,0.37563968348279553,0.7,0.6,1
31.520857158705567,Travel_Rarely,537.0405706995439,Research & Development,1.9582856825888644,3.0,Life Sciences,4.0,Male,48.104857602461465,2.4791428412944323,1.0,Research Scientist,3.0,Single,3899.616565818229,6976.44151439065,0.4791428412944322,No,13.041714317411136,3.0,2.5625714761167036,0.0,5.4374285238832964,2.0,1.0,4.916571365177729,2.0,3.874857047766593,4.395714206472161,3899.616565818229,0.8697857103236081,0.48413606045926394,0.826380947098144,0.652761894196288,1
37.60931018558984,Travel_Rarely,1227.9399073923773,Sales,9.718916665626118,2.484384259201451,Life Sciences,1.515615740798549,Female,80.92162500156083,3.484384259201451,2.0,Sales Executive,4.0,Single,5659.2592454102005,12297.034588820086,8.0,Yes,11.968768518402902,3.0,1.484384259201451,0.0,8.484384259201452,1.4531527776043531,1.484384259201451,5.515615740798549,3.031231481597098,0.0,4.515615740798549,2829.6296227051002,0.6558141718219401,0.537497530879613,0.8171871913599517,0.0,1
35.07333213908768,Travel_Rarely,562.433375131931,Sales,2.6911107130292278,1.308889286970772,Life Sciences,2.845555356514614,Male,53.00778036531002,2.0,2.845555356514614,Sales Executive,3.536666069543842,Married,10230.634322830429,5487.883294520349,1.0,Yes,11.0,3.0,1.463333930456158,1.0,15.073332139087684,5.691110713029228,3.0,15.073332139087684,7.154444643485386,3.463333930456158,7.0,3660.2573187463163,1.0,0.49348618326345245,0.4780417189149138,0.2512084154377217,1
30.9952959343674,Travel_Rarely,307.23755531444624,Research & Development,28.990591868734803,2.0070560984488988,Medical,3.0,Male,71.0,2.0,1.0,Research Scientist,2.0,Single,3476.8055533823926,11667.636314162759,0.011760164081497493,No,11.011760164081497,3.0,2.0,0.0,6.0,2.0,4.0,4.992943901551101,3.995295934367401,1.0,3.9929439015511012,3476.8055533823926,0.8321573169251835,0.80047040656326,0.7992943901551102,0.2007056098448899,1
44.0,Travel_Rarely,999.7992351737007,Research & Development,7.975908221944621,2.4982791587103303,Medical,1.5017208412896699,Female,82.03097514321405,2.4982791587103303,3.0,Healthcare Representative,2.49483747613099,Married,9234.308986589334,8180.281835687669,5.013766730317359,No,12.505162523869009,3.0,4.0,1.0,17.02409177805538,1.4982791587103301,3.0,15.017208412896698,6.49827915871033,1.5051625238690096,5.50172084128967,3078.1029955297777,0.916379859785055,0.49931166348413203,0.39965583174206604,0.07525812619345047,1
35.13180785927378,Travel_Rarely,1328.0015387146848,Sales,15.065903929636887,4.0,Medical,1.812190551851192,Male,49.75618896297616,3.0,2.187809448148808,Sales Executive,1.0,Single,5400.235720244841,10447.308238444408,2.751237792595232,Yes,16.248762207404766,3.0,2.812190551851192,0.0,10.126856688892847,2.0,1.187809448148808,2.812190551851192,1.187809448148808,1.187809448148808,2.0,2373.0790077459633,0.2957714437035717,0.45853963209920523,0.7292698160496026,0.45853963209920523,1
22.545516899577642,Travel_Rarely,509.9292590480768,Sales,4.256238027003953,3.0,Life Sciences,2.0,Male,60.537428162023716,2.322319718143422,1.0,Laboratory Technician,4.0,Single,1095.231285918988,11425.683049576113,1.0,No,19.099122536709203,3.677680281856578,3.0,0.0,1.0,3.0,2.0,1.0,0.0,0.6776802818565781,0.0,1095.231285918988,1.0,0.0,0.0,0.6776802818565781,1
41.27752217683253,Travel_Rarely,1116.0580065642066,Research & Development,12.0,3.0,Life Sciences,2.2775221768325293,Male,47.61238911583735,3.0,4.722477823167471,Research Director,2.444955646334941,Single,17938.97916267015,12441.035727875618,0.7224778231674704,No,12.0,3.0,3.444955646334941,0.0,22.72247782316747,0.5550443536650591,2.7224778231674707,21.72247782316747,13.334866939004822,14.444955646334941,9.665133060995178,3778.7033379771274,0.9559732763303705,0.6115365915813723,0.4477339929795544,0.6643979585970923,1
37.223962329542154,Travel_Frequently,773.207699615925,Research & Development,3.3580659233012335,3.194009417614462,Medical,3.194009417614462,Male,83.32811301137355,3.0,2.0,Manufacturing Director,1.805990582385538,Married,4950.258624048701,7372.656391547102,4.0,No,12.164056505686771,3.0,1.3880188352289238,1.805990582385538,7.776037670457848,2.194009417614462,2.805990582385538,5.388018835228924,1.805990582385538,0.8059905823855381,4.5820282528433856,2475.1293120243504,0.6991680973287433,0.35011186404199557,0.8388018835228924,0.16119811647710763,1
28.609925014946292,Travel_Frequently,348.95980003985676,Human Resources,11.569725054803067,3.0,Life Sciences,1.0,Male,56.130024995017905,2.130024995017903,1.0,Human Resources,1.0,Divorced,2296.9026764597543,4741.874664273219,4.260049990035806,Yes,14.869975004982097,3.0,3.7399500099641942,2.7399500099641942,4.260049990035806,2.869975004982097,3.0,2.130024995017903,2.0,1.8699750049820971,0.260049990035806,2296.9026764597543,0.5,0.9566583349940323,0.08668333001193532,0.9133166699880647,1
30.687904789877642,Travel_Rarely,1053.0010520107899,Sales,6.592333235428249,3.3439523949388215,Medical,2.687904789877643,Male,91.06371436963293,3.0,1.0,Sales Representative,3.312095210122357,Single,1188.3131472209122,19057.13150449461,1.0,No,12.656047605061179,3.0,2.312095210122357,0.0,1.0,2.6560476050611785,2.3439523949388215,1.0,0.0,0.0,0.0,1188.3131472209122,1.0,0.0,0.0,0.0,1
45.60710913574519,Travel_Rarely,688.1087829433022,Sales,8.82141324352054,2.035717351295892,Technical Degree,3.035717351295892,Male,64.78578172850962,2.035717351295892,3.0,Sales Executive,3.892847946112324,Single,9617.678458002052,13479.454282721505,0.9642826487041081,No,16.21430410777535,3.035717351295892,3.892847946112324,0.0,9.0,2.964282648704108,3.0,8.964282648704108,7.964282648704108,4.0,7.0,3205.8928193340175,0.9960314054115675,0.8883928145653348,0.7812502980426561,0.44642874173866065,1
28.357270269208904,Travel_Frequently,107.28724323050686,Sales,20.07002703870205,3.0,Life Sciences,2.2854594615821906,Male,50.357270269208904,2.3572702692089047,1.3572702692089047,Sales Executive,2.6427297307910953,Single,3363.1189960336765,14568.292481670009,5.0,No,12.928189192373287,3.0,1.6427297307910953,0.0,6.357270269208905,4.0,2.2854594615821906,4.357270269208905,2.3572702692089047,0.0,1.9281891923732863,2333.287445039009,0.6836795366289954,0.5357270269208905,0.4820472980933216,0.0,1
50.91677232217832,Non-Travel,951.1410250545817,Research & Development,10.199492853544063,3.2166455355643357,Life Sciences,1.783354464435664,Male,69.19949285354406,3.0,3.0,Manager,2.0,Single,9183.244757525435,19093.27139633219,7.266835715485312,Yes,17.48348125104965,3.0,3.2166455355643357,0.21664553556433597,10.0,2.0,2.0,8.433291071128671,7.0,7.4332910711286715,7.4332910711286715,3061.081585841812,0.8433291071128672,0.8370870312762412,0.8804161383891084,0.8804161383891084,1
34.74935166440532,Travel_Rarely,614.5548841281466,Sales,15.349178774913403,2.350043222372979,Medical,2.2999135552540424,Male,76.05099411457851,2.350043222372979,1.6499567776270212,Sales Executive,2.2999135552540424,Married,5557.748470645873,7260.242028717608,3.050129667118936,Yes,12.350043222372978,3.0,1.7000864447459576,1.6499567776270212,7.299913555254042,5.649956777627021,3.0,4.599827110508085,3.2999135552540424,0.6499567776270212,0.7000864447459576,3484.3863500156754,0.6041486573445922,0.7833477407909929,0.3500432223729788,0.10832612960450352,1
31.917063777131826,Travel_Rarely,423.04004829263084,Sales,2.0,3.917063777131827,Life Sciences,2.917063777131827,Male,82.99523467441807,2.082936222868173,1.917063777131827,Sales Executive,2.165872445736346,Married,9394.039461560349,25762.610582257978,6.917063777131827,Yes,12.082936222868174,3.0,3.0,0.08293622286817304,7.0,2.917063777131827,1.917063777131827,2.0,2.0,2.0,2.0,4851.364041537845,0.2857142857142857,1.0,1.0,1.0,1
22.20236777047619,Travel_Rarely,477.19608203752375,Sales,10.126156203238093,1.2404735540952379,Marketing,2.4809471081904757,Male,40.137995055619044,3.0,1.0,Human Resources,2.0,Single,2551.3085427754286,5125.3795926091425,0.759526445904762,Yes,12.519052891809524,3.0,2.240473554095238,0.0,2.2023677704761897,3.0,3.0,1.9618942163809518,0.24047355409523796,1.0,0.9618942163809518,2551.3085427754286,0.9599210743174603,0.04809471081904759,0.19237884327619037,0.8076211567238096,1
35.11265474984711,Travel_Frequently,785.374781738904,Sales,11.849793666870516,1.6917010555215806,Life Sciences,1.6541494722392098,Male,66.46639155582736,1.6917010555215806,1.3458505277607902,Research Scientist,1.3458505277607902,Single,5799.043468907656,6367.713023889374,1.0,No,20.61659788895684,3.65414947223921,2.34585052776079,0.0,9.30829894447842,5.0,3.0,9.30829894447842,3.7292526388039513,6.34585052776079,7.0,4181.32762530656,1.0,0.4334491062385335,0.7605238423581383,0.6951088951342173,1
29.871437381265416,Travel_Rarely,1229.9108453602296,Research & Development,4.871437381265414,1.5742874762530827,Life Sciences,3.5742874762530827,Male,81.5542751424815,3.0,1.5742874762530827,Sales Representative,2.1485749525061655,Divorced,4098.837531258178,20078.294308168784,0.5742874762530829,No,15.02001233377158,3.0,1.4257125237469173,1.0,7.871437381265414,3.0,3.0,7.445724857518497,3.5742874762530827,0.5742874762530829,1.4257125237469173,2696.714657986277,0.9148574952506165,0.5489993833114211,0.2702850094987669,0.057428747625308287,1
18.399726718608918,Travel_Rarely,349.11856214545764,Research & Development,10.594807653569445,2.2005465627821637,Life Sciences,3.3997267186089184,Male,52.40109312556433,3.0,1.0,Sales Representative,3.0,Single,1521.9303132452742,25867.366302432354,1.0,Yes,15.398360311653509,3.0,3.3997267186089184,0.0,0.0,2.0,2.6002732813910816,0.0,0.0,0.0,0.0,1521.9303132452742,0.0,0.0,0.0,0.0,1
33.36683378984155,Travel_Rarely,110.06604592344567,Research & Development,3.1665472929703213,3.0,Life Sciences,1.2333094585940643,Female,71.44974931523768,3.116654729297032,1.0,Sales Representative,1.1166547292970321,Single,2148.8923362086944,26479.36428903145,1.0,Yes,12.349964187891096,3.0,4.0,0.8833452707029679,1.0,1.7666905414059357,3.0,1.0,0.0,0.0,0.0,2148.8923362086944,1.0,0.0,0.0,0.0,1
22.32902465890877,Travel_Rarely,468.05498991178,Sales,14.392244386035792,3.0,Life Sciences,2.468390136436491,Female,75.912338615567,3.7341950682182454,1.0,Sales Representative,2.2658049317817546,Single,2625.892128125985,23814.145967652166,1.0,No,16.32902465890877,3.2658049317817546,3.7341950682182454,0.2658049317817547,1.0,0.0,2.7341950682182454,1.0,0.2658049317817547,0.0,0.0,2625.892128125985,1.0,0.2658049317817547,0.0,0.0,1
20.39190063279554,Travel_Rarely,498.1058136081549,Sales,3.436968986916977,3.0,Medical,3.0,Female,50.11038512625403,1.9346832278674102,1.0,Laboratory Technician,3.06531677213259,Single,2063.3337645512465,22127.832772445938,1.0,No,13.32658386066295,3.0,3.8693664557348204,0.0,1.9346832278674102,3.0,1.9346832278674102,1.9346832278674102,1.8693664557348204,0.0,1.8693664557348204,2063.3337645512465,1.0,0.9346832278674102,0.9346832278674102,0.0,1
20.497841398514836,Travel_Rarely,921.2619863242624,Research & Development,10.004317202970325,2.5021586014851627,Life Sciences,4.0,Male,92.27482391707937,2.2489206992574187,1.0,Research Scientist,1.2489206992574187,Single,2568.1381504950505,20220.813106095244,1.0,Yes,16.99136559405935,3.2489206992574187,1.0,0.0,1.0,2.0,3.0,1.0,0.0,0.0,0.0,2568.1381504950505,1.0,0.0,0.0,0.0,1
38.74498253729657,Travel_Rarely,1166.5903143286616,Research & Development,9.630454030289098,1.7449825372965733,Medical,3.4899650745931465,Female,48.39550641839938,3.0,2.0,Sales Executive,2.4899650745931465,Married,5603.950058979418,16139.767819593186,4.765052388110281,Yes,18.255017462703428,3.0,1.2550174627034267,0.0,13.275087313517133,2.7449825372965733,2.2550174627034267,1.0,0.0,0.0,0.0,2801.975029489709,0.0770829053258964,0.0,0.0,0.0,1
32.73615578210311,Travel_Rarely,255.4592714241653,Sales,24.17019472762889,3.282980527237111,Life Sciences,3.282980527237111,Female,74.66164260117533,3.0,1.7170194727628887,Research Scientist,3.717019472762889,Single,4845.489577376316,16941.24964649315,1.0,Yes,16.585097363814445,3.0,4.0,0.0,9.434038945525778,2.0,3.0,9.434038945525778,5.585097363814444,7.0,7.0,2761.4724797909803,1.0,0.5726587627432999,0.7495215922664944,0.7495215922664944,1
20.464602587193035,Travel_Rarely,618.9382623214174,Sales,1.5353974128069636,2.0707948256139272,Medical,2.0707948256139272,Female,72.23012935965181,2.0,1.0,Sales Representative,2.5353974128069634,Single,2104.398336335095,16057.697420035445,1.0,No,12.070794825613927,3.0,3.5353974128069634,0.0,2.4646025871930366,3.0,2.4646025871930366,2.4646025871930366,2.0,0.4646025871930364,2.0,2104.398336335095,1.0,0.8451324709356545,0.8451324709356545,0.15486752906434545,1
32.2539288576364,Travel_Rarely,115.76178657290922,Research & Development,13.264405811333486,3.0,Medical,1.248690380787865,Female,66.76178657290922,3.0,1.751309619212135,Laboratory Technician,1.248690380787865,Single,4602.300514953616,26312.52412222389,3.756548096060675,No,15.49738076157573,3.0,2.50261923842427,0.0,5.50261923842427,3.0,3.0,3.0,2.0,0.24869038078786498,2.0,2602.3143086109126,0.5621725951969663,0.6666666666666666,0.6666666666666666,0.08289679359595499,1
28.957948673003784,Travel_Rarely,1143.1029196311842,Research & Development,4.042051326996216,3.6806837756654054,Life Sciences,2.6806837756654054,Male,64.04991387072216,3.0,1.0,Laboratory Technician,3.3193162243345946,Single,3530.727859038021,14340.869253361157,2.5965811216729735,Yes,13.0,3.0,3.0,0.3193162243345947,3.5965811216729735,2.6806837756654054,1.6806837756654054,2.0,2.0,2.0,2.0,3530.727859038021,0.7719169826181467,1.0,1.0,1.0,1
29.033389415102256,Travel_Rarely,237.56287474356756,Sales,10.130494800305891,3.0,Life Sciences,1.4916526462244364,Female,34.49165264622444,2.0,1.0,Research Scientist,2.0,Single,1401.940425251005,20243.765887248686,1.0,Yes,12.163884215408146,3.0,2.8361157845918545,0.0,1.0,3.0,4.0,1.0,0.0,0.0,0.0,1401.940425251005,1.0,0.0,0.0,0.0,1
31.44909050429849,Travel_Rarely,1045.581046420785,Research & Development,21.233505510439183,3.0,Medical,1.664675498157791,Male,51.23350551043919,2.0,1.2215584993859303,Sales Executive,1.7784415006140697,Single,2980.555758649808,3008.730653456401,4.443116998771861,No,19.33532450184221,3.7784415006140697,2.2215584993859303,0.0,5.22155849938593,0.4431169987718606,2.7784415006140697,2.4431169987718606,2.2215584993859303,1.7784415006140697,2.0,2390.5454747850754,0.4590822665029148,0.9446103751535174,0.8892207503070348,0.8338311254605523,1
53.62414854014151,Travel_Rarely,238.34589922454595,Research & Development,19.991602121347288,3.7265092837588445,Medical,3.7265092837588445,Female,80.32546418794223,3.0,3.2734907162411555,Healthcare Representative,3.1795278512765335,Married,11254.449008167023,3186.5864508665036,0.7265092837588445,Yes,12.0,3.0,3.453018567517689,0.7265092837588445,35.0771671076592,2.7265092837588445,2.0,34.803676391418044,9.726509283758844,14.453018567517688,8.187925729929244,3437.925896551856,0.9875686038072202,0.29883762790020635,0.29130353672459697,0.441744758130282,1
29.25726544240783,Travel_Rarely,775.7360559261093,Research & Development,1.2572654424078302,2.0643163606019574,Marketing,2.128632721203915,Female,35.871367278796086,2.0643163606019574,1.0,Sales Representative,1.1286327212039151,Single,2353.2163038402414,6847.282563441418,1.0,Yes,11.128632721203916,3.0,3.871367278796085,0.9356836393980424,1.0,1.0643163606019574,3.0,1.0,0.0,0.0,0.0,2353.2163038402414,1.0,0.0,0.0,0.0,1
41.2386073471583,Travel_Frequently,452.04506737136063,Sales,3.9587814287635106,3.0,Life Sciences,1.5596518367895744,Male,83.44034816321043,2.440348163210426,4.0,Sales Executive,3.720174081605213,Divorced,12383.626479408802,16517.911775597455,7.0,No,11.0,3.0,3.720174081605213,2.1605222448156383,22.11930367357915,3.720174081605213,2.440348163210426,19.399129591973935,6.440348163210426,11.839477755184362,6.399129591973936,3095.9066198522005,0.8747319148705295,0.34089941979219834,0.32171179878179024,0.6104352030956648,1
31.270741050663887,Travel_Frequently,520.8340715946889,Research & Development,1.729258949336113,3.0,Life Sciences,2.541482101327774,Male,85.33628637875562,2.729258949336113,1.0,Laboratory Technician,3.729258949336113,Married,3724.165928405311,17964.770506858662,4.375553696016679,Yes,13.270741050663887,3.0,3.270741050663887,0.7292589493361131,6.1877768480083395,2.0,1.0,2.270741050663887,2.0,1.729258949336113,2.0,3724.165928405311,0.41141548780823317,0.9097529831120377,0.9097529831120377,0.8195059662240753,1
40.28190709230862,Travel_Rarely,772.8679705324801,Sales,11.639119803549868,2.120293398816711,Medical,1.4398533005916445,Male,53.75941320236658,3.0,3.0,Manager,3.5601466994083557,Married,11641.644498279038,19783.253544007668,5.319559901774934,Yes,11.439853300591645,3.0,2.3195599017749338,0.5601466994083555,22.28190709230862,1.4398533005916445,4.0,7.0,6.560146699408356,5.319559901774934,4.759413202366578,3880.548166093013,0.345301548461523,0.9371638142011937,0.679916171766654,0.7599371288249905,1
40.286287133513255,Travel_Rarely,316.1772280107954,Sales,25.08179632386093,3.9182036761390697,Marketing,3.9182036761390697,Female,57.8179632386093,2.0817963238609303,2.959101838069535,Sales Executive,2.040898161930465,Single,8983.697657273537,16952.96627532751,2.0817963238609303,Yes,12.0,3.0,3.040898161930465,0.0,8.959101838069534,2.0,3.0,5.0,4.0,1.0,0.12269448579139564,3038.170142736043,0.5583957056896156,0.8,0.02453889715827906,0.2,1
21.827118158215082,Travel_Frequently,560.7085299634806,Sales,7.781921227856612,3.0,Marketing,3.390960613928306,Male,81.40677237322623,3.0,1.0,Sales Representative,4.0,Divorced,2293.7661094685586,22015.19307119424,1.0,Yes,18.263275702501858,3.609039386071694,2.0,0.609039386071694,2.609039386071694,2.390960613928306,3.0,2.609039386071694,2.0,0.0,2.0,2293.7661094685586,1.0,0.7969868713094352,0.7969868713094352,0.0,1
45.19410982812686,Travel_Frequently,670.4974186741215,Research & Development,6.379549959077824,3.6759099918155647,Life Sciences,3.3240900081844353,Male,68.14731957440937,2.3240900081844353,1.6759099918155647,Research Scientist,2.3240900081844353,Married,4663.254862985939,13342.29269876534,1.6759099918155647,No,14.027729975446695,3.0,1.0,0.0,9.703639967262259,2.6759099918155647,1.6759099918155647,7.675909991815565,2.0,7.0,7.0,2993.4192282055865,0.8156609113230278,0.2615746431494441,0.9155112510230544,0.9155112510230544,1
28.9815532545991,Travel_Rarely,940.430476341583,Research & Development,3.0,3.0,Medical,3.38893195275946,Female,88.61106804724054,3.0,1.0,Research Scientist,1.0,Married,2936.869165636167,8727.099053227352,5.0,Yes,11.40737869816036,3.0,3.0,0.20368934908017988,7.592621301839641,5.0,3.0,4.38893195275946,2.0,0.0,3.5926213018396402,2936.869165636167,0.5655906065182809,0.5222136094481079,0.840737869816036,0.0,1
22.41261207014672,Travel_Rarely,487.68131407044996,Sales,14.542701726264097,3.0,Medical,2.434955171941312,Female,75.02631205644477,3.7174775859706557,1.0,Laboratory Technician,2.2825224140293443,Single,2620.2249016440524,23713.0219175365,1.0,No,16.41261207014672,3.2825224140293443,3.7174775859706557,0.2825224140293441,1.0,0.0,2.7174775859706557,1.0,0.2825224140293441,0.0,0.0,2620.2249016440524,1.0,0.2825224140293441,0.0,0.0,1
38.23568272770739,Non-Travel,751.4875374850579,Sales,3.7834069686827565,3.2547724240975366,Life Sciences,1.5095448481950733,Male,61.133627874731026,2.0,1.0,Sales Representative,1.0,Single,3585.1093906406886,14583.595136325614,3.273862120487683,Yes,23.0,4.0,2.0,0.0,10.745227575902463,2.5095448481950733,3.7452275759024634,2.0190896963901466,0.7643172722926099,0.0,0.7643172722926099,3585.1093906406886,0.19513417349444678,0.15286345445852198,0.15286345445852198,0.0,1
22.86894169128592,Travel_Rarely,149.05821657522372,Sales,10.665041649081488,3.0,Life Sciences,2.7330083298162977,Female,87.19658746307113,3.866504164908149,1.0,Laboratory Technician,1.8665041649081489,Single,2630.2956738710313,25581.794514604946,1.0,Yes,14.599512494724447,3.0,4.0,0.13349583509185126,1.0,0.2669916701837025,3.0,1.0,0.0,0.0,0.0,2630.2956738710313,1.0,0.0,0.0,0.0,1
35.643699647015126,Travel_Rarely,1171.5621873276382,Sales,11.375335686565819,4.0,Life Sciences,2.7624664313434177,Female,78.67453003880786,2.0,1.1187667843282911,Sales Representative,1.237533568656582,Single,3537.7622295454485,6527.916512845782,6.287399294030254,No,22.88123321567171,4.0,2.0,0.0,10.475067137313165,4.0,3.0,5.950134274626328,3.475067137313164,0.35630035298487295,3.5938339216414548,3270.0618976694805,0.5509000504264104,0.5926912748105667,0.6018271812973583,0.027407719460374846,1
50.481298271705384,Travel_Frequently,1092.1777309088957,Sales,2.44389481511615,4.0,Life Sciences,1.5187017282946167,Male,65.122103697677,3.0,1.5187017282946167,Sales Executive,3.0,Married,4674.300274633129,12366.866880099782,7.962596543410767,No,12.0,3.0,3.5187017282946167,2.4812982717053833,14.8877896302323,2.5187017282946167,3.4812982717053833,7.925193086821533,1.55610518488385,0.9625965434107666,3.8877896302323,2929.387660650039,0.5267387928725213,0.25935086414730835,0.42335907824287106,0.09625965434107667,1
25.120114952472463,Travel_Frequently,549.2129286927354,Research & Development,1.5600574762362305,3.0,Medical,1.4399425237637695,Male,58.759770095055075,3.0,1.0,Research Scientist,2.3198275712913086,Married,2152.4255734647063,9923.268452087777,4.240229904944922,Yes,14.879885047527539,3.0,1.5600574762362305,1.0,6.0,2.0,2.5600574762362305,2.5600574762362305,1.120114952472461,1.4399425237637695,1.120114952472461,2152.4255734647063,0.4266762460393717,0.37337165082415363,0.37337165082415363,0.6266283491758463,1
20.5029093381934,Travel_Frequently,374.77557478984295,Research & Development,6.023274705547215,2.497090661806598,Medical,1.9941813236131962,Female,46.988362647226396,2.0,1.0,Laboratory Technician,3.0,Single,2336.1903254903664,23689.472805157715,1.0,No,16.52036536735381,3.502909338193402,3.497090661806598,0.0,2.0,2.497090661806598,1.497090661806598,2.0,2.0,1.0058186763868038,2.0,2336.1903254903664,1.0,1.0,1.0,0.5029093381934019,1
26.0,Travel_Rarely,1402.3877900795924,Research & Development,17.958496215143175,3.608300756971365,Medical,1.0,Male,41.866406055770916,3.0,1.0,Laboratory Technician,2.391699243028635,Divorced,2374.5667969721144,16214.094169047701,1.608300756971365,No,15.741894701200446,3.391699243028635,3.608300756971365,1.0,3.4332030278854595,1.2166015139427298,2.608300756971365,2.21660151394273,1.608300756971365,0.0,1.2166015139427298,2374.5667969721144,0.756679697211454,0.797233081009545,0.4055338379809099,0.0,1
23.666215314946644,Travel_Frequently,373.5454753671417,Research & Development,8.944369219157775,2.8887384383155474,Medical,2.0556307808422263,Male,88.49932297241996,3.0,1.0,Laboratory Technician,1.1112615616844523,Single,3101.460169892057,16806.518852341058,1.9443692191577737,No,11.055630780842225,3.0,3.0556307808422263,0.0,3.7774768766310953,1.8887384383155477,2.0556307808422263,0.0,0.0,0.0,0.0,3101.460169892057,0.0,0.0,0.0,0.0,1
38.05407839642642,Travel_Rarely,291.3460416926106,Sales,22.405437861901888,3.8702718930950946,Marketing,3.8702718930950946,Male,55.57299082404604,2.0,2.8702718930950946,Sales Executive,2.1297281069049054,Single,8659.410841868566,18496.476111543303,1.8702718930950946,Yes,11.870271893095094,3.0,3.1297281069049054,0.0,8.610815679285283,1.8702718930950946,3.0,5.129728106904905,4.0,0.8702718930950945,0.38918432071471665,3010.663321633152,0.6132124919577359,0.782702919079346,0.06486405345245277,0.1740543786190189,1
44.13845033014956,Travel_Frequently,625.5227107848857,Research & Development,15.55380132059825,2.9538498899501455,Life Sciences,1.0461501100498543,Female,73.18460044019942,3.0461501100498545,2.9538498899501455,Sales Executive,3.9538498899501455,Single,7905.03667601118,13902.583188853745,1.1384503301495625,Yes,11.046150110049854,3.0,4.0,0.9538498899501457,9.907699779900291,2.0,3.0,9.769249449750728,6.8615496698504375,0.046150110049854254,4.907699779900291,2684.215934335213,0.9826937087313047,0.7046150110049854,0.5046150110049854,0.009230022009970862,1
18.348184478942425,Travel_Rarely,344.83983858282164,Sales,12.87458270519396,1.0,Medical,3.348184478942426,Male,69.55446563172723,3.0,1.0,Sales Representative,3.0,Single,1824.2657543221844,18174.318928692337,1.0,Yes,14.43729135259698,3.0,4.0,0.0,0.0,0.6963689578848515,2.651815521057574,0.0,0.0,0.0,0.0,1824.2657543221844,0.0,0.0,0.0,0.0,1
29.99044217892532,Travel_Rarely,1004.0537757136069,Research & Development,3.0669047475227442,3.0,Life Sciences,4.0,Female,88.03823128429872,2.9904421789253224,1.0,Research Scientist,1.0,Single,2654.5818712681066,8583.937511001282,5.009557821074678,Yes,11.0860203896721,3.0095578210746776,3.0,0.0,7.952210894626611,5.0,3.0,4.952210894626611,1.9808843578506445,0.0,3.961768715701289,2654.5818712681066,0.6190263618283264,0.39617687157012893,0.7923537431402579,0.0,1
35.46808064950934,Travel_Rarely,465.7807436531751,Sales,23.812767740196264,2.906383870098132,Marketing,3.0,Male,60.74892903921494,2.0,2.0,Sales Executive,2.093616129901868,Married,6523.208651475505,13749.456449122106,3.3595758051471982,No,13.359575805147198,3.0,1.9063838700981321,1.0936161299018679,8.453191935049066,5.546808064950934,2.546808064950934,6.0,3.546808064950934,0.5468080649509339,0.4531919350490661,3261.6043257377523,0.7122340054125778,0.5911346774918222,0.07553198917484434,0.09113467749182232,1
27.065791370598212,Travel_Frequently,397.04132574271176,Sales,4.018797534456632,2.495300616385842,Medical,3.504699383614158,Female,40.924809862173475,1.495300616385842,1.0,Sales Representative,3.0,Single,2198.9427107695465,17106.450739964865,0.495300616385842,No,14.514098150842473,3.0,4.0,0.504699383614158,2.504699383614158,3.0,2.0,2.0,2.0,0.504699383614158,0.990601232771684,2198.9427107695465,0.831766872128614,1.0,0.495300616385842,0.252349691807079,1
30.09652768366653,Travel_Rarely,352.6253519748402,Research & Development,27.19305536733306,3.355208474500204,Technical Degree,3.0,Male,71.0,2.0,1.0,Research Scientist,2.0,Married,3057.5301644304363,14655.141979492453,2.2586807908336737,No,13.258680790833674,3.0,2.0,0.0,6.0,2.0,4.0,3.644791525499796,3.0965276836665305,1.0,2.644791525499796,3057.5301644304363,0.6074652542499659,0.890347231633347,0.6644791525499796,0.3355208474500204,1
29.79646664828354,Travel_Frequently,439.8586659313417,Sales,14.645933572313945,4.203533351716457,Life Sciences,2.2035333517164575,Female,73.38939994485062,2.0,1.0,Sales Representative,1.2035333517164575,Married,2137.4126094305425,15249.53273707403,1.8141334068658295,No,17.592933296567086,3.0,2.7964666482835425,0.7964666482835426,2.017666758582287,2.0,4.0,1.2035333517164575,0.40706670343291473,0.20353335171645737,0.20353335171645737,2137.4126094305425,0.8643110988556952,0.20353335171645737,0.10176667585822868,0.10176667585822868,1
41.35404709238651,Travel_Frequently,973.0978055645146,Research & Development,25.269302532995184,2.0,Life Sciences,1.5461394934009633,Male,71.33144381015472,2.0,2.0,Laboratory Technician,2.0922789868019267,Married,5175.299653230372,18770.69583409885,3.0,No,16.177023546193254,3.4538605065990367,1.0,0.0,13.446326079188438,1.4538605065990367,3.0,2.3615815197971095,1.3615815197971095,0.45386050659903654,1.907721013198073,2587.649826615186,0.15903953799492776,0.3403953799492774,0.8865348733502408,0.11346512664975913,1
31.594154214466432,Travel_Frequently,949.2203946140776,Sales,5.352819285111899,3.59415421446643,Medical,3.8647180714888103,Male,39.034660282581875,1.2705638570223798,3.0,Sales Executive,4.0,Married,10014.852349528643,25422.11748203075,0.8647180714888101,Yes,11.13528192851119,3.0,2.72943614297762,0.0,13.32359035744405,1.86471807148881,2.1352819285111897,13.18830842893286,7.86471807148881,8.72943614297762,7.86471807148881,3338.2841165095474,0.9849686746098678,0.6124962997266112,0.6124962997266112,0.6742618762615262,1
32.66903743012363,Travel_Rarely,667.7074318242745,Research & Development,17.640588268640045,3.330962569876368,Medical,2.3380748602472643,Male,67.59791452641467,3.0,1.0,Laboratory Technician,4.0,Married,2554.815562585616,20781.13169870097,3.6761497204945286,Yes,16.640588268640045,3.330962569876368,3.0,0.6690374301236321,5.683262010865425,2.0,1.0,3.6761497204945286,2.6761497204945286,0.0,3.0071122903708964,2554.815562585616,0.7491109637036379,0.5352299440989058,0.8661925139752736,0.0,1
29.966819878082234,Travel_Frequently,446.67279512328935,Research & Development,12.431341584930966,4.033180121917766,Life Sciences,2.0331801219177668,Female,73.9004596342467,2.0,1.0,Sales Representative,1.0331801219177668,Married,2050.0214025438145,14597.079866945047,1.1327204876710666,No,17.933639756164467,3.0,2.9668198780822332,0.9668198780822334,1.1659006095888333,2.0,4.0,1.0331801219177668,0.0663602438355333,0.03318012191776665,0.03318012191776665,2050.0214025438145,0.977879918721489,0.03318012191776665,0.016590060958883324,0.016590060958883324,1
26.181009850670172,Travel_Rarely,1331.2670689546912,Human Resources,21.181009850670172,3.0,Medical,1.0,Male,40.80120686407362,2.8189901493298275,1.0,Laboratory Technician,2.8189901493298275,Divorced,2464.9707874257037,19405.94379282197,1.0,No,18.55192119463862,3.8189901493298275,2.637980298659655,0.8189901493298276,1.0,0.3620197013403448,2.1810098506701725,1.0,0.8189901493298276,0.0,0.0,2464.9707874257037,1.0,0.8189901493298276,0.0,0.0,1
44.656381403590366,Travel_Frequently,1085.5004204914892,Sales,8.218793801196789,3.1562412397606425,Life Sciences,3.1562412397606425,Male,74.18793801196787,1.0,3.8437587602393575,Sales Executive,3.1562412397606425,Married,12539.77221596701,24421.485563125538,6.062552561436146,No,11.0,3.0,3.0,0.0,23.281346362632934,2.8437587602393575,1.1562412397606425,21.593828842154217,5.468723719281927,13.218793801196789,9.687517520478716,3270.352128450976,0.9324992991808514,0.2727065258779914,0.45613234332133,0.6140330858303326,1
44.97870216791271,Travel_Rarely,631.8070910704727,Sales,24.61702291016056,4.0,Life Sciences,2.8510687304816824,Male,60.44679380855495,2.3829770898394393,3.0,Sales Executive,1.6170229101605607,Single,9612.550979642601,12872.124992549108,3.531908359357757,Yes,12.38297708983944,3.0,2.6170229101605607,0.0,11.297862539036636,2.0,2.6170229101605607,3.8510687304816824,3.2340458203211213,1.3829770898394393,0.7659541796788785,3204.183659880867,0.3938541176233479,0.8765954179678879,0.38297708983943923,0.5063816718715514,1
23.271379064369317,Travel_Frequently,496.6576928912544,Sales,15.133835745692469,3.0,Marketing,3.5910776169538354,Male,52.36431046781534,2.5910776169538354,1.0,Sales Representative,3.5910776169538354,Single,2202.3678970013816,15463.808492989432,2.6356895321846583,Yes,14.0,3.0,2.0,0.0,3.6356895321846583,3.4089223830461646,3.0,2.817844766092329,2.0,0.0,2.4089223830461646,2202.3678970013816,0.8636925389846117,0.7955388084769177,0.8977694042384589,0.0,1
37.668383883714526,Travel_Rarely,819.2218767307799,Research & Development,5.713549764122347,3.9045165880407824,Life Sciences,2.8090331760815648,Male,65.48256871093966,3.0,1.0,Human Resources,1.0,Married,2100.594706056214,22790.654444018186,4.0,No,21.045165880407826,3.9045165880407824,3.9045165880407824,0.0,7.286450235877653,3.0954834119592176,3.0954834119592176,3.0,2.0,0.0954834119592175,2.0,2100.594706056214,0.4162949898909577,0.6666666666666666,0.6666666666666666,0.031827803986405834,1
51.517860634507166,Non-Travel,900.0355387721064,Research & Development,7.107137736056156,3.0,Medical,3.535714751267622,Female,83.10713773605616,3.232142624366189,4.767857375633811,Sales Executive,1.232142624366189,Married,18311.76940859935,20240.71524661637,4.767857375633811,Yes,13.696427873098568,3.0,4.0,0.7678573756338111,23.535714751267623,2.0,2.767857375633811,4.071429502535244,1.5357147512676221,0.7678573756338111,3.0714295025352443,3815.498371014245,0.17052222406156775,0.30714295025352445,0.6142859005070489,0.15357147512676222,1
39.76228233020509,Travel_Rarely,620.2531512525054,Research & Development,8.008211791575803,3.0,Marketing,1.0,Male,81.29505878219108,3.0,1.3852470608904464,Sales Executive,1.0,Single,3503.101794357502,19229.5547068211,4.385247060890446,No,13.155741182671338,3.0,3.0,0.0,8.459011756438215,3.614752939109554,3.614752939109554,3.0,2.0,0.6147529391095536,2.0,2477.574118267134,0.3770494121780893,0.6666666666666666,0.6666666666666666,0.20491764636985121,1
37.00799566406047,Travel_Rarely,1108.446537522172,Research & Development,9.992004335939527,3.0,Life Sciences,1.8548583816970075,Male,66.58856213727245,3.0,1.0,Laboratory Technician,2.282287572545511,Married,2281.405881529096,11378.943079860355,3.8548583816970075,Yes,13.572570809151497,3.0,2.4274291908485037,0.4274291908485037,9.145141618302993,2.5725708091514963,1.0,4.427429190848503,2.8548583816970075,0.0,3.4274291908485037,2281.405881529096,0.4961715679409133,0.6282287572545511,0.7713714595424253,0.0,1
27.413080289261124,Travel_Rarely,1233.7407692692218,Research & Development,8.934598553694372,3.5289732369129583,Technical Degree,1.9420535261740839,Male,63.841070523481676,3.0,1.0,Research Scientist,2.4710267630870417,Divorced,2224.626569627582,16806.916257736433,1.0579464738259161,No,13.471026763087043,3.0,4.0,0.5289732369129581,5.9420535261740834,1.528973236912958,2.5289732369129583,4.413080289261126,2.0,0.47102676308704194,3.413080289261126,2224.626569627582,0.7211211676509536,0.5096577456376526,0.7451711271811736,0.07850446051450699,1
26.75011921374342,Travel_Rarely,797.0052454047104,Research & Development,14.000211935543858,1.4999735080570178,Medical,3.0,Female,76.75049010094517,2.0,1.0,Research Scientist,3.750013245971491,Single,2302.7545698601643,16733.656072816157,1.0,Yes,13.0,3.0,3.249986754028509,0.0,3.5000264919429824,3.0,2.0,3.5000264919429824,2.750013245971491,0.0,1.2499867540285088,2302.7545698601643,1.0,0.8124966885071272,0.4374900655213817,0.0,1
26.0,Travel_Rarely,638.1424513698872,Human Resources,16.792627124760617,4.0,Medical,1.7926271247606187,Female,55.30415262188804,3.0,1.0,Laboratory Technician,2.7926271247606187,Divorced,2664.6867819119075,21018.786832434616,0.41474575047876283,Yes,11.414745750478763,3.0,2.4147457504787626,1.0,7.377881374281856,2.0,2.2073728752393813,6.170508499042475,5.963135623803093,0.7926271247606186,0.41474575047876283,2664.6867819119075,0.8179724593091701,0.9308757082535395,0.13824858349292093,0.11323244639437408,1
43.29189191646632,Travel_Frequently,680.4729757068783,Sales,5.755405426908031,3.0,Life Sciences,2.0729729791165803,Male,82.92702702088341,1.9270270208834197,4.0,Healthcare Representative,3.46351351044171,Married,12580.485137491209,19242.877059640366,7.0,No,11.0,3.0,3.46351351044171,1.3905405313251296,23.14594595823316,3.46351351044171,1.9270270208834197,20.68243244779145,5.92702702088342,12.60945946867487,7.6824324477914505,3145.121284372802,0.8908648650579497,0.296882751790728,0.3620087483606011,0.6098152500252215,1
25.155614795134397,Travel_Rarely,695.4978037655663,Research & Development,3.0848807973460337,3.0141467995576723,Medical,1.0282935991153446,Male,90.87267880398095,2.9858532004423277,1.0,Laboratory Technician,1.0,Single,4022.1723970760127,9361.90621306601,5.028293599115345,No,13.141467995576722,3.0141467995576723,2.9858532004423277,0.9858532004423277,6.056587198230689,4.985853200442328,3.0,2.042440398673017,2.0141467995576723,0.0,2.0141467995576723,4022.1723970760127,0.33569113325961203,0.9943412801769311,0.9943412801769311,0.0,1
30.687595937178326,Travel_Rarely,1071.7105718674943,Sales,14.437979685891621,3.895865312392775,Marketing,1.0,Male,67.39663280981937,2.895865312392775,2.79173062478555,Laboratory Technician,2.895865312392775,Divorced,7581.490463465791,17768.83702935524,1.895865312392775,No,13.208269375214451,3.0,1.0,2.895865312392775,9.062787811534973,2.0,3.0,1.0,0.0,0.0,0.0,2707.385920507502,0.1937212188465027,0.0,0.0,0.0,1
39.88515529503316,Travel_Rarely,1252.0784788587764,Research & Development,10.038281568322281,2.4808592158388594,Marketing,1.0,Female,72.54062118013262,1.0,2.0,Sales Executive,2.4808592158388594,Married,5050.608893812311,12029.155856900461,6.442577647516577,No,14.038281568322281,3.0,1.4808592158388594,0.0,11.153126273289125,2.0,1.4808592158388594,2.4425776475165777,1.4425776475165777,0.48085921583885927,1.4425776475165777,2525.3044469061556,0.3093860803758051,0.3606444118791444,0.3606444118791444,0.12021480395971482,1
33.9847252024605,Travel_Rarely,128.8742325397177,Research & Development,3.522912196309246,3.0,Life Sciences,1.0,Female,60.1163455215294,2.7461813006151257,1.0,Research Scientist,1.2538186993848743,Divorced,1867.6453974000972,25513.111926780104,1.0,No,12.0,3.0,3.7461813006151257,0.7461813006151257,1.0,2.2538186993848743,3.2538186993848743,1.0,0.0,0.0,0.0,1867.6453974000972,1.0,0.0,0.0,0.0,1
24.453939732406848,Travel_Frequently,835.2430468879355,Research & Development,1.0,3.0,Medical,1.8865150668982882,Male,59.18424107037261,2.886515066898288,1.0,Laboratory Technician,3.7730301337965764,Divorced,2327.3859347298185,3489.827623041087,1.8865150668982882,Yes,15.886515066898289,3.0,1.0,1.1134849331017118,5.432575334491441,2.0,2.113484933101712,1.8865150668982882,0.0,1.7730301337965764,0.0,2327.3859347298185,0.4089899554011412,0.0,0.0,0.8865150668982882,1
26.672314461026094,Travel_Rarely,794.0247368290543,Research & Development,3.0,3.0,Technical Degree,2.003388676615656,Female,89.99661132338434,3.0,1.0,Laboratory Technician,1.0,Single,3571.4479861100294,9115.051170547616,5.0,No,12.331074215589563,3.0,3.0,0.6655371077947813,6.668925784410438,5.0,3.0,3.003388676615656,2.0,0.0,2.6689257844104377,3571.4479861100294,0.43088501022652215,0.7993222646768687,0.9331074215589563,0.0,1
27.737942157890437,Travel_Frequently,1147.6314321445832,Research & Development,2.131028921054781,3.9672427697363046,Medical,1.0982716907910857,Male,83.41036985525349,1.0327572302636954,1.0,Research Scientist,4.0,Single,3446.376610118132,24574.720681273655,4.8689710789452185,Yes,13.163786151318476,3.0,3.9344855394726093,0.0,4.8689710789452185,4.032757230263695,2.0327572302636954,2.9344855394726093,1.9344855394726095,1.9672427697363046,1.9344855394726095,3446.376610118132,0.6131028921054781,0.6448285131575364,0.6448285131575364,0.6775857434212317,1
45.915064177284215,Non-Travel,625.8573745595158,Sales,25.311218202766327,3.7830128354568426,Life Sciences,1.4339743290863147,Male,78.45256476010107,3.0,3.2169871645431574,Sales Executive,1.7830128354568426,Married,12263.228497112887,8570.943386107967,0.7830128354568426,Yes,12.0,3.0,3.5660256709136853,0.7830128354568426,12.603845974517888,2.0,2.0,12.386858809974731,7.433974329086315,9.86794865817263,10.084935822715787,3838.9670482222323,0.9901369470662201,0.6411034839097144,0.8493696616065967,0.839036939485494,1
44.20479863287608,Travel_Rarely,1190.9930019937224,Research & Development,9.601399601255522,2.6003998860730064,Technical Degree,3.199800056963497,Female,40.802199373401535,3.0,2.6003998860730064,Sales Executive,4.0,Married,6862.192374253662,5609.250928510812,1.0,Yes,17.40059982910951,3.0,1.1998000569634968,1.8001999430365032,8.600399886073006,3.0,4.0,8.600399886073006,7.800199943036503,6.600399886073006,6.800199943036503,2779.038798252732,1.0,0.9110888952181663,0.7936349251558331,0.7650920598753336,1
28.780937075268174,Travel_Rarely,867.2589442751844,Research & Development,18.17525033978546,1.0,Medical,3.043812584946365,Male,84.77324762150177,1.9561874150536347,1.0,Research Scientist,3.956187415053635,Single,2352.4603041547316,14813.08871322107,1.0,Yes,12.91237483010727,3.0,3.0,0.04381258494636531,3.868562245160904,2.956187415053635,2.043812584946365,3.868562245160904,2.868562245160904,0.0,0.9561874150536347,2352.4603041547316,1.0,0.717140561290226,0.23904685376340867,0.0,1
41.02946968481997,Travel_Rarely,1124.5470594528676,Sales,2.6310055118509137,2.3689944881490863,Medical,4.0,Male,48.37988976298173,3.0,2.0,Sales Executive,3.0,Married,5143.906405521983,17680.769952372717,3.815502755925457,Yes,17.262011023701827,3.0,1.55349173222363,0.0,10.708519291478197,3.184497244074543,2.184497244074543,0.8155027559254567,0.0,0.0,0.0,2571.9532027609916,0.06795856299378805,0.0,0.0,0.0,1
41.40474840218858,Travel_Frequently,1004.2261544762384,Research & Development,12.0,3.0,Life Sciences,2.40474840218858,Female,46.9762579890571,3.0,4.59525159781142,Research Director,2.1905031956228407,Single,17202.72099653469,10681.115352525378,0.5952515978114203,No,12.0,3.0,3.1905031956228407,0.0,22.59525159781142,0.8094968043771593,2.59525159781142,21.59525159781142,12.571509586868522,14.19050319562284,10.428490413131478,3718.970625172462,0.9557218411023941,0.5793169630821129,0.4862873946025999,0.6564118968323186,1
41.49961636612673,Non-Travel,1374.4372602288292,Human Resources,4.5943014736928225,2.0,Technical Degree,2.0,Male,88.0307944347755,2.0,3.0,Human Resources,1.0,Married,10206.95780027394,3893.2717165071876,7.749808183063366,No,13.687452045765841,3.0,3.5311780686487624,0.8437260228829208,21.812164320360893,1.1562739771170794,2.8437260228829206,18.437260228829206,6.156273977117079,2.6874520457658413,6.468821931351238,3402.31926675798,0.8593789961861799,0.36250959084683165,0.39376438627024757,0.14218630114414604,1
28.76168319069046,Travel_Rarely,1015.5173473292472,Sales,2.0,4.0,Medical,1.3808415953452295,Male,83.61915840465477,1.1904207976726147,1.1904207976726147,Research Scientist,3.6191584046547707,Single,4690.881199404657,25012.919735827618,5.380841595345229,Yes,12.809579202327384,3.0,3.8095792023273853,0.0,5.380841595345229,3.8095792023273853,2.0,2.8095792023273853,2.0,2.0,2.0,3747.6317781333596,0.5401534635886067,0.7301402658908716,0.7301402658908716,0.7301402658908716,1
20.649702157751236,Travel_Frequently,666.3237523843162,Sales,1.3502978422487648,1.7005956844975298,Medical,1.7005956844975298,Female,81.48510788756175,2.0,1.0,Sales Representative,2.350297842248765,Single,2128.4612805076604,13669.542760693566,1.0,No,11.70059568449753,3.0,3.350297842248765,0.0,2.649702157751235,3.0,2.649702157751235,2.649702157751235,2.0,0.6497021577512351,2.0,2128.4612805076604,1.0,0.7834326140829216,0.7834326140829216,0.21656738591707836,1
38.672691160558145,Travel_Rarely,1278.5441906195351,Research & Development,9.931281031607238,3.2585898710490953,Medical,2.5171797420981905,Male,44.603972192165386,2.4828202579018095,4.4828202579018095,Sales Executive,3.2585898710490953,Married,17180.195629256024,18744.878650839975,1.0,No,11.741410128950905,3.0,3.7414101289509047,0.0,20.672691160558145,0.5171797420981903,2.7414101289509047,19.931281031607238,13.189870902656335,13.44846077370543,8.0,3794.617080372617,0.9677647770021346,0.6532725467023726,0.41736932385435743,0.671743251777308,1
30.796673339878932,Travel_Rarely,456.45289538782686,Research & Development,11.6524949950908,2.101663330060533,Medical,1.0,Male,47.9149699705448,1.5508316650302665,1.0,Laboratory Technician,2.3475050049092,Divorced,2816.957623422524,4750.6492524726145,5.3475050049092,Yes,14.101663330060534,3.0,2.6524949950908,3.0,5.796673339878934,2.5508316650302665,3.0,2.898336669939467,2.4491683349697335,1.5508316650302665,1.3475050049092,2816.957623422524,0.5,0.8877079162575666,0.3368762512273,0.6631237487727,1
28.898231540820195,Travel_Frequently,408.98133073211034,Sales,1.0,3.0,Medical,1.898231540820194,Male,47.69469462246058,2.0,1.0,Sales Representative,2.898231540820194,Divorced,2779.2392343273195,21856.864470900015,5.491157704100971,Yes,18.592926163280776,3.0,2.796463081640388,2.898231540820194,4.592926163280776,2.898231540820194,3.0,2.796463081640388,1.7964630816403881,0.0,1.7964630816403881,2779.2392343273195,0.6407073836719224,0.5988210272134626,0.5988210272134626,0.0,1
30.811596744596663,Travel_Frequently,248.3472008292209,Sales,8.753613021613347,3.188403255403337,Life Sciences,1.188403255403337,Male,41.53613021613348,2.0,1.0,Research Scientist,1.811596744596663,Single,1406.4473131713762,20793.9618338972,1.0,No,13.130419532420023,3.0,3.0,0.18840325540333702,1.0,2.811596744596663,4.0,1.0,0.0,0.0,0.0,1406.4473131713762,1.0,0.0,0.0,0.0,1
26.0,Travel_Rarely,1174.1389755445864,Research & Development,18.07834423028668,2.960827884856659,Medical,2.558758172715011,Female,57.47006538172009,3.0,1.0,Laboratory Technician,2.0,Married,2256.093137046374,10391.698054244953,0.9608278848566594,Yes,11.96082788485666,3.0,3.4804139424283296,0.4804139424283297,5.51958605757167,2.5195860575716704,3.0,4.039172115143341,1.4804139424283296,0.5195860575716703,3.039172115143341,2256.093137046374,0.7212367467667231,0.42419317313322047,0.7359448076762227,0.10391721151433407,1
20.62777331262647,Travel_Rarely,875.3960206428557,Research & Development,9.744453374747057,2.3722266873735287,Medical,4.0,Male,90.78060690479558,2.313886656313236,1.0,Research Scientist,1.3138866563132356,Single,2559.8225079919057,20728.651992400562,1.0,Yes,17.511093250505887,3.313886656313236,1.0,0.0,1.0,2.0,3.0,1.0,0.0,0.0,0.0,2559.8225079919057,1.0,0.0,0.0,0.0,1
37.345331680633656,Travel_Rarely,968.2733415968318,Research & Development,3.0,3.0,Life Sciences,2.426000354149931,Male,88.5246665486167,3.0,1.0,Laboratory Technician,1.0,Single,2502.2233681580765,11763.286611693824,4.47533345138331,No,11.52466654861669,3.0,3.0,0.0,9.04933309723338,4.47533345138331,3.5246665486166897,3.9506669027666206,2.0,0.5246665486166897,2.9506669027666206,2502.2233681580765,0.45448337169957587,0.5399110796311173,0.7300444601844414,0.17488884953889655,1
24.67878772896746,Travel_Frequently,1456.1454527476096,Sales,1.0,1.3393938644837309,Technical Degree,1.0,Female,67.09090796725596,3.0,1.0,Sales Representative,2.1696969322418656,Single,3152.2787988531336,20915.63659679439,1.3393938644837309,Yes,15.830303067758134,3.0,2.339393864483731,0.16969693224186544,5.830303067758135,3.8303030677581344,3.1696969322418656,4.660606135516269,2.8303030677581344,1.0,3.660606135516269,3152.2787988531336,0.7937373824768981,0.6113131288161243,0.7773737423677513,0.22262625763224872,1
28.31596092735148,Travel_Rarely,139.49348710909578,Sales,24.31596092735148,3.1579804636757394,Marketing,3.0,Male,50.315960927351476,2.0,1.1579804636757394,Laboratory Technician,2.6840390726485213,Single,2765.452804438351,14529.964246030908,5.0,Yes,14.15798046367574,3.0,2.1579804636757394,0.0,6.473941391027218,4.157980463675739,2.8420195363242606,4.315960927351479,2.1579804636757394,0.0,2.6840390726485213,2236.534212051976,0.6666666666666666,0.5,0.6578447295224854,0.0,1
25.840742394088892,Travel_Frequently,1070.1243329778258,Sales,7.613580798029631,3.0,Marketing,2.0,Male,82.06790399014815,3.0,1.0,Sales Representative,3.3067903990148153,Single,1357.244025992596,13260.025788078965,1.0,No,13.346604800492592,3.0,3.3466048004925923,0.0,0.6533951995074075,3.0,2.3466048004925923,0.6533951995074075,0.0,0.0,0.0,1357.244025992596,0.6533951995074075,0.0,0.0,0.0,1
32.825194907471335,Travel_Rarely,619.4122559096356,Sales,8.844617695530076,3.941731635823779,Technical Degree,1.0,Female,76.7086581791189,3.0,1.9805772119412595,Sales Executive,1.0194227880587405,Single,8126.458758369005,18454.669540766703,0.019422788058740426,Yes,16.98057721194126,3.0,1.0194227880587405,0.0,6.0,3.0194227880587405,3.0,5.0,2.0194227880587405,0.019422788058740426,3.0194227880587405,4094.3252628665464,0.8333333333333334,0.40388455761174813,0.6038845576117481,0.003884557611748085,1
30.581743913429417,Travel_Rarely,359.9616769620002,Research & Development,27.902077772752218,1.9477179891786771,Medical,3.052282010821323,Male,72.15020423806911,2.0,1.0,Laboratory Technician,2.052282010821323,Single,3505.6638255188745,12119.0874846777,0.052282010821323,No,11.0,3.0,1.9477179891786771,0.0,5.947717989178677,2.0,3.947717989178677,5.0,4.0,1.0,3.8954359783573542,3505.6638255188745,0.8420470018035539,0.8,0.7790871956714709,0.2,1
26.0,Travel_Frequently,737.9694905654263,Research & Development,16.695044486250804,4.0,Life Sciences,1.6950444862508052,Male,54.035578321260466,3.0,1.0,Human Resources,2.695044486250805,Divorced,2628.776370940296,20176.843827371948,0.6099110274983897,Yes,11.60991102749839,3.0,2.6099110274983897,1.0,7.0851334587524155,2.0,2.304955513749195,5.780177945003221,5.475222431254026,0.6950444862508052,0.6099110274983897,2628.776370940296,0.7911372337189714,0.8983481620836017,0.20330367583279654,0.09929206946440072,1
33.38781740416881,Travel_Rarely,1258.862078328105,Sales,14.82100735192209,1.029832108012985,Medical,2.029832108012985,Male,56.23865686410388,2.970167891987015,3.0,Sales Executive,3.029832108012985,Single,13490.940056920177,24290.160673372866,6.8210073519220895,No,12.11932843205194,3.0,4.0,0.0,14.82100735192209,2.029832108012985,3.970167891987015,7.05966421602597,6.05966421602597,6.910503675961045,7.0,4496.980018973392,0.48257712427359206,0.8580899081908884,0.9933706426637811,0.9834266066594527,1
40.14696264569084,Travel_Rarely,660.4195360094707,Research & Development,18.260262376723137,3.2963874887930125,Medical,1.0,Male,70.03612511206988,3.0,2.7036125112069875,Sales Executive,4.0,Married,7278.229138959698,16149.712421551087,1.0,No,11.0,3.0,3.7036125112069875,0.7036125112069876,10.0,2.592774977586025,3.0,10.0,7.0,0.0,5.889162466379037,2703.5444670782913,1.0,0.7,0.5889162466379038,0.0,1
27.531922410129837,Travel_Frequently,346.0851264270129,Human Resources,7.617048837142733,3.0,Life Sciences,1.0,Male,56.48935919662339,2.489359196623388,1.0,Research Scientist,1.0,Married,2191.617755389347,9121.799247642475,4.978718393246776,Yes,14.510640803376612,3.0,3.021281606753224,2.021281606753224,4.978718393246776,2.510640803376612,3.0,2.489359196623388,2.0,1.510640803376612,0.9787183932467758,2191.617755389347,0.5,0.836880267792204,0.32623946441559193,0.6737605355844081,1
29.595911296718086,Travel_Rarely,377.6485447481622,Sales,2.34080041761569,2.702044351640958,Medical,1.851022175820479,Female,46.510221758204786,1.851022175820479,1.0,Sales Representative,3.148977824179521,Divorced,2890.578517101149,21016.639930772995,6.148977824179521,No,18.106133054922875,3.0,2.702044351640958,3.0,5.446933472538563,2.851022175820479,3.0,3.148977824179521,2.148977824179521,0.1489778241795211,2.148977824179521,2890.578517101149,0.5851022175820478,0.6790814853482934,0.6790814853482934,0.037244456044880275,1
22.15130782147521,Travel_Frequently,1360.73722456919,Research & Development,4.605231285900844,1.0,Medical,3.151307821475211,Male,98.09215307114873,2.0,1.0,Laboratory Technician,3.0,Single,3908.374243040145,10862.533710641494,4.394768714099156,Yes,15.243460892623943,3.0,2.697384357049578,0.0,4.1513078214752115,2.848692178524789,3.0,2.4539234644256336,2.302615642950422,1.0,2.0,3908.374243040145,0.5756539107376055,0.9697384357049578,0.9092153071148733,0.45460765355743665,1
28.50434602542381,Travel_Rarely,1187.9401910253753,Research & Development,15.026076152542867,1.0,Medical,3.0,Female,82.53042217796667,2.495653974576189,1.0,Laboratory Technician,4.0,Single,2451.4524007965997,18923.257872762057,1.0,Yes,12.008692050847621,3.0,3.495653974576189,0.0,2.513038076271433,3.495653974576189,2.0,2.513038076271433,2.008692050847622,0.0,0.504346025423811,2451.4524007965997,1.0,0.8739134936440472,0.12608650635595275,0.0,1
36.931912484974355,Travel_Rarely,910.0668379186725,Sales,13.551065636269236,2.241489060621794,Marketing,1.0,Male,65.27871557616665,1.0,2.0,Sales Executive,3.758510939378206,Single,5417.300028301552,19053.0644346198,6.482978121243588,No,13.758510939378207,3.0,3.5170218787564123,1.517021878756412,7.0,2.0,2.0,2.4829781212435877,2.241489060621794,1.7585109393782061,2.241489060621794,2708.650014150776,0.3547111601776554,0.9396277348445515,0.9396277348445515,0.8188832045336545,1
34.003872742361395,Travel_Rarely,297.80857068277044,Sales,6.0348546812525345,2.0,Medical,3.9883817729158215,Male,33.10069130139621,1.0,1.0038727423613927,Sales Executive,3.0038727423613927,Divorced,2362.9629011543425,12291.127148547912,0.023236454168356957,No,15.992254515277214,3.0,4.0,1.0038727423613927,3.015490969445571,2.9961272576386073,2.0,2.0,2.0,1.0038727423613927,0.007745484722785578,2352.429041931354,0.6651913362432789,1.0,0.003872742361392789,0.5019363711806963,1
36.91004352116637,Travel_Rarely,1204.372966397497,Sales,7.994760633584933,4.089956478833624,Marketing,2.455021760583188,Male,89.17467359125219,2.455021760583188,2.0,Sales Executive,1.4550217605831879,Divorced,5552.027168214103,8200.703130613896,4.544978239416812,No,12.089956478833624,3.0,1.5449782394168121,2.544978239416812,11.904804154751309,2.544978239416812,3.0,3.3650652817495637,2.0,1.5449782394168121,2.9100435211663758,2776.0135841070514,0.39313782320080715,0.7269869436500873,0.9089956478833624,0.6359825915334496,1
33.711898324548926,Travel_Rarely,385.6184829583926,Research & Development,15.34316522260799,2.7669618717058486,Life Sciences,4.0,Female,52.65683477739201,2.588987290568616,2.411012709431384,Sales Executive,1.0,Married,5496.592691554211,7527.948417191637,1.0,No,14.177974581137232,3.0,1.5889872905686162,0.4110127094313838,10.411012709431384,3.588987290568616,1.0,10.411012709431384,5.055063547156919,1.2330381282941514,8.822025418862768,2245.7648063790007,1.0,0.47561452130250037,0.8448377501197873,0.11209437529946831,1
34.9810633724372,Travel_Frequently,967.1524033357096,Human Resources,17.849417294704708,3.0,Medical,2.2452658431092996,Male,52.32010203815339,3.0,2.7547341568907004,Manufacturing Director,1.2452658431092996,Married,8700.370529358119,10581.368528735917,7.773670784453502,No,14.018936627562802,3.0,2.509468313781401,2.7547341568907004,10.018936627562802,2.0,3.0,3.490531686218599,2.0,0.24526584310929966,2.490531686218599,3098.584454501981,0.3810264761781323,0.6012624418375201,0.69936877908124,0.04905316862185993,1
32.40619979497036,Travel_Frequently,944.23918631534,Research & Development,14.593800205029634,3.765633367504939,Marketing,1.0,Male,67.89070030754445,3.0,3.0,Sales Executive,3.0,Divorced,8603.24983551818,19838.923244639864,2.9374665299802434,No,12.53126673500988,3.0,1.2343666324950608,2.765633367504939,11.640566427465426,2.7030998974851825,3.0,1.0,0.0,0.0,0.0,2867.7499451727267,0.09034960925020338,0.0,0.0,0.0,1
31.25393145960876,Travel_Rarely,320.3168348133489,Research & Development,4.8656870353545205,3.0,Technical Degree,3.59706110606356,Male,40.715648232274,3.0,1.0,Sales Representative,2.73137407070904,Single,2867.3861816867484,9668.179417602261,1.0,No,13.80587778787288,3.0,2.0,0.0,1.0,2.0,3.0,1.0,0.0,0.0,0.0,2867.3861816867484,1.0,0.0,0.0,0.0,1
43.680202319119346,Non-Travel,635.8905795160055,Research & Development,15.179886195495367,2.980012644944959,Technical Degree,1.019987355055041,Male,72.98001264494496,2.980012644944959,3.0,Healthcare Representative,3.9400379348348773,Single,7992.870592160951,14040.62174930533,1.0,No,11.01998735505504,3.0,3.9400379348348773,0.9800126449449591,10.0,2.0,2.980012644944959,10.0,7.0,0.0199873550550409,5.079949420220164,2664.2901973869834,1.0,0.7,0.5079949420220163,0.0019987355055040845,1
36.7461042320715,Travel_Rarely,911.351160618613,Human Resources,6.7616873037854965,4.0,Life Sciences,3.0,Male,67.82401959064148,2.7461042320715014,1.0,Human Resources,1.0,Single,2411.6969544166172,19417.588714775353,4.7616873037854965,No,22.253895767928498,4.0,3.4922084641430025,0.0,7.7616873037854965,3.2538957679284986,3.0,3.5077915358569975,2.2538957679284986,0.0,2.2538957679284986,2411.6969544166172,0.4467068405663213,0.6497402821381001,0.6497402821381001,0.0,1
31.320793610112162,Travel_Rarely,320.3443699814846,Sales,17.679206389887838,4.679206389887839,Human Resources,3.518809584831758,Female,85.79206389887838,3.8396031949439196,1.1603968050560804,Sales Executive,1.0,Married,3335.8196343727986,22298.908786941076,0.8019840252804028,No,16.679206389887838,3.0,3.0,0.0,2.6415872202243222,3.8396031949439196,3.0,1.3207936101121611,0.3207936101121611,0.0,0.3207936101121611,2908.8433393135124,0.5,0.10693120337072037,0.10693120337072037,0.0,1
36.450637033458975,Travel_Rarely,727.4804319361801,Research & Development,1.6358052904941394,2.6358052904941394,Life Sciences,1.0,Female,46.71610580988279,1.6358052904941394,1.3641947095058606,Laboratory Technician,1.3641947095058606,Single,4770.997457663603,15347.643832347498,3.456778838023442,No,20.086442323953115,3.6358052904941394,2.0,0.0,10.63580529049414,2.0,3.6358052904941394,0.6358052904941395,0.0,0.0,0.0,3544.571773402618,0.05780048095401268,0.0,0.0,0.0,1
28.34844403071483,Travel_Frequently,443.64589789915726,Sales,13.351273065778773,3.849858548246803,Life Sciences,2.3002829035063943,Male,68.4447662851317,2.0,1.0,Sales Representative,1.1501414517531972,Married,2046.2124477542814,13790.91021372029,1.0,No,17.249292741234015,3.0,2.849858548246803,0.8498585482468028,1.0,2.150141451753197,4.0,1.0,0.0,0.0,0.0,2046.2124477542814,1.0,0.0,0.0,0.0,1
37.444542272207094,Travel_Rarely,501.91694319839735,Research & Development,11.516311096409678,1.4967377807180644,Other,3.0,Male,74.06524438563872,2.5032622192819356,3.0,Healthcare Representative,4.0,Single,8579.260254963521,18293.449554777588,0.4967377807180643,Yes,13.986951122872258,3.0,2.4902133421541928,0.0,9.0,1.9934755614361286,3.0,8.496737780718064,7.496737780718064,5.509786657845807,7.0,2859.7534183211737,0.9440819756353405,0.8818991358433064,0.8267060490968549,0.6611267888575001,1
31.98468205976177,Travel_Frequently,131.8845737126489,Research & Development,21.98468205976177,4.0,Life Sciences,4.0,Female,79.03883658615996,3.0,1.0,Research Scientist,2.3769147425297787,Divorced,2162.212284221078,20030.239800002564,1.0,Yes,16.73851154482133,3.0,2.1307442275893367,0.6230852574702211,9.246170514940442,2.6230852574702213,2.3769147425297787,9.246170514940442,2.0,7.0,7.623085257470221,2162.212284221078,1.0,0.21884573712648894,0.8282686056897335,0.7659600799427113,1
37.29418410892584,Travel_Rarely,1127.2268349002902,Research & Development,10.732559900976508,2.0,Medical,1.0,Male,61.98952836638692,1.026744009902349,2.026744009902349,Laboratory Technician,2.026744009902349,Single,4793.153381981019,14513.36657664034,5.106976039609396,Yes,14.946511980195302,3.0,1.0802320297070476,0.0,15.213952079218792,2.0,1.0534880198046983,1.0,0.0,0.0,0.0,2372.591771443086,0.0660465157124093,0.0,0.0,0.0,1
42.85445295811988,Travel_Frequently,590.391731564325,Sales,4.572773520940062,4.0,Life Sciences,2.8931933802350156,Male,93.5534033098825,3.0,2.0,Laboratory Technician,2.1068066197649844,Divorced,6110.803374257604,10661.236434624414,5.660209929647476,No,14.23298345058754,3.0,3.5534033098824924,1.5534033098824922,11.553403309882492,3.0,2.5534033098824924,6.446596690117508,2.1068066197649844,0.0,3.679580140705047,3055.401687128802,0.5608995486523874,0.3405011821008901,0.5388305750979232,0.0,1
47.68355454129873,Travel_Rarely,1035.4531522466768,Sales,4.9855246788868,2.3309207798144667,Marketing,1.0,Male,85.66907922018554,1.6690792201855333,1.3309207798144667,Sales Representative,3.0,Married,3564.2420366459246,5689.299108566356,3.3164454587012666,No,13.669079220185534,3.0,2.6690792201855333,0.0,4.323683119257867,2.0,2.6690792201855333,3.3309207798144667,2.3309207798144667,0.33092077981446666,2.3309207798144667,2679.6907922018554,0.8581768086509428,0.6942433983178722,0.6942433983178722,0.08273019495361666,1
28.34036377813973,Travel_Rarely,939.5657892594951,Research & Development,1.0,2.65963622186027,Medical,1.34036377813973,Male,41.93672599674243,2.0,1.0,Laboratory Technician,1.65963622186027,Divorced,2501.7192334552947,6999.688660496187,1.0,No,13.63854488744108,3.0,2.02109133441919,1.65963622186027,1.0,1.65963622186027,3.0,1.0,0.0,0.0,0.0,2501.7192334552947,1.0,0.0,0.0,0.0,1
31.989606849183943,Travel_Frequently,237.32964177236434,Research & Development,5.0,2.0051965754080285,Medical,1.0051965754080285,Female,47.06755548030437,3.9948034245919715,1.0,Research Scientist,2.9948034245919715,Single,2431.9480342459196,15372.080760271352,2.984410273775915,No,14.015589726224086,3.0,1.0,0.0,7.979213698367886,2.0051965754080285,3.0,3.9948034245919715,1.0051965754080285,0.0051965754080284254,2.9948034245919715,2431.9480342459196,0.5012991438520071,0.25216523975334515,0.749566952049331,0.0017321918026761418,1
29.0,Travel_Rarely,346.2494097149536,Sales,7.9992129532714635,3.0,Human Resources,1.4167322538940446,Female,52.66614196884764,2.0,1.0,Human Resources,1.8334645077880893,Divorced,2528.7804980607307,11643.75235055222,4.833464507788089,Yes,16.66692901557618,3.0,3.5832677461059554,3.0,4.416732253894045,3.0,3.0,2.4167322538940446,2.0,1.1665354922119107,0.8334645077880893,2528.7804980607307,0.5416732253894044,0.8610892487019851,0.2778215025960298,0.5832677461059553,1
32.08007607099667,Travel_Rarely,1376.5397936537495,Research & Development,2.163158845688721,4.833834450615897,Medical,2.833834450615897,Female,97.7567650833146,3.9169172253079485,3.0,Healthcare Representative,2.166165549384103,Single,7490.200036136172,9358.377793015912,1.0,No,11.0,3.0,1.2492483240761545,0.0830827746920515,10.0,2.0,3.0,10.0,7.916917225307948,3.667668901231794,6.833834450615897,2496.7333453787237,1.0,0.7916917225307949,0.6833834450615897,0.3667668901231794,1
36.48882108551845,Travel_Rarely,1435.8186723264525,Sales,12.581010498127043,4.965084208177253,Marketing,2.0,Male,95.9301684163545,2.0349157918227467,2.0,Sales Executive,1.069831583645493,Divorced,6154.7399803427115,8853.423686831913,5.0698315836454935,No,12.965084208177254,3.0,2.069831583645493,2.9650842081772533,15.860336832709013,3.0,3.0,2.139663167290986,2.0349157918227467,1.930168416354507,1.9650842081772535,3077.3699901713558,0.13809342193352994,0.9825421040886267,0.9709035068143779,0.9650842081772535,1
48.09312230345757,Travel_Frequently,637.7334102356541,Sales,1.0,2.0931223034575726,Life Sciences,1.0465611517287863,Male,97.81375539308486,2.0465611517287865,2.9534388482712135,Laboratory Technician,3.0,Single,5443.717871378675,19059.378356438647,8.906877696542427,No,12.953438848271214,3.0,4.0,0.09312230345757255,22.48782733098335,2.0465611517287865,3.0,1.2328057586439314,0.13968345518635883,0.0,0.046561151728786276,1866.7831952647707,0.06473443883270677,0.023280575864393138,0.007760191954797713,0.0,1
42.39726660445496,Travel_Frequently,1041.577714963865,Research & Development,25.641880930162486,2.0,Life Sciences,1.4716238139675029,Male,74.83368074352737,2.0,2.0,Manufacturing Director,1.9432476279350055,Single,5053.690064394965,19308.177429852403,3.0,No,16.69863330222748,3.528376186032497,1.0,0.0,14.340514232389967,1.5283761860324971,3.0,2.585128558097492,1.5851285580974919,0.5283761860324973,2.0567523720649943,2526.8450321974824,0.1646282139524373,0.39628213952437297,0.8679059534918757,0.1320940465081243,1
40.308709768267335,Travel_Rarely,1185.8524256384908,Sales,11.467016045754942,3.0,Life Sciences,1.224274185977722,Female,81.8601613963119,1.0,2.0,Sales Executive,3.0,Married,5169.496215635532,12920.17077127317,6.87862907011139,Yes,12.551451628044555,3.0,2.224274185977722,0.22427418597772208,6.327177442066834,2.0,2.224274185977722,3.551451628044556,2.775725814022278,1.224274185977722,2.775725814022278,2584.748107817766,0.555408986715877,0.8060685464944305,0.8060685464944305,0.4182056394832916,1
40.98756915240112,Travel_Frequently,414.43991756993876,Research & Development,1.167357269311049,2.167357269311049,Medical,2.665285461377902,Male,91.97099468893595,3.0,1.0,Research Scientist,1.832642730688951,Married,2291.792819206685,11803.937823649201,1.8367863465552445,Yes,12.334714538622098,3.0,2.832642730688951,2.665285461377902,6.0,2.0,2.167357269311049,4.665285461377902,2.832642730688951,1.832642730688951,2.832642730688951,2291.792819206685,0.777547576896317,0.6111571512874032,0.6111571512874032,0.3888428487125968,1
39.03627652212912,Travel_Rarely,533.0025767851099,Research & Development,11.04815396407967,1.590369207184066,Other,3.0,Male,72.19261585631868,2.4096307928159337,3.0,Healthcare Representative,4.0,Single,8772.70278204228,17419.49382014393,0.590369207184066,Yes,14.361476828736265,3.0,2.771107621552198,0.0,9.0,2.180738414368132,3.0,8.590369207184066,7.590369207184066,5.228892378447802,7.0,2924.23426068076,0.9544854674648962,0.8831995723220009,0.8176029937459935,0.6208132580179715,1
27.60855366555515,Non-Travel,134.70715309003293,Research & Development,24.978615836112127,2.8042768327775747,Medical,2.8042768327775747,Male,55.67597184945034,1.8042768327775744,1.1957231672224256,Laboratory Technician,2.608553665555149,Single,2603.6218348011535,14682.281600594026,5.587169501667277,No,14.782892668889701,3.0,2.391446334444851,0.0,6.195723167222425,4.391446334444851,3.0,3.608553665555149,2.0,0.3914463344448511,2.8042768327775747,2117.3476258370374,0.5921054601057426,0.5978615836112128,0.7989307918056063,0.19572316722242555,1
21.01622257625674,Travel_Rarely,915.0961588500435,Research & Development,10.49188871187163,3.0,Medical,3.4918887118716295,Female,95.71349920342233,2.2540556440641852,1.0,Laboratory Technician,1.0,Single,2745.319828404714,17950.570942530037,1.2540556440641852,Yes,13.983777423743259,3.0,1.5081112881283703,0.0,1.7621669321925553,2.0,2.7459443559358148,0.7459443559358149,0.0,0.0,0.0,2745.319828404714,0.7459443559358149,0.0,0.0,0.0,1
55.71365079139234,Travel_Rarely,339.56555578874134,Research & Development,7.071587302151916,2.143174604303832,Medical,3.928412697848084,Male,72.9306349279749,2.928412697848084,1.071587302151916,Laboratory Technician,2.928412697848084,Married,2525.2701601992853,4674.020801601129,7.570476187088504,No,11.286349208607664,3.0,3.785238093544252,0.928412697848084,13.785238093544251,3.928412697848084,1.071587302151916,9.856825395696168,8.498888884936587,8.856825395696168,7.928412697848084,2348.413730232977,0.7152154195084665,0.8534682536012547,0.8053690476613937,0.8982103174462022,1
34.48253745124549,Travel_Rarely,555.0042612434441,Sales,25.447612353736485,3.5174625487545055,Medical,1.9650749024909893,Male,61.231647854801764,2.4825374512454945,2.0,Sales Executive,2.965074902490989,Single,5184.800465812031,10554.365110720673,0.48253745124549463,Yes,20.58731274377253,3.5174625487545055,3.4825374512454945,0.0,13.104775292527032,2.0,3.5174625487545055,12.587312743772527,8.03492509750901,8.552387646263515,8.552387646263515,2592.4002329060154,0.9676585907028434,0.6482537451245495,0.6827512483748498,0.6827512483748498,1
20.936427989561487,Travel_Rarely,501.17053498695185,Research & Development,1.9219643342032091,3.0,Life Sciences,3.078035665796791,Female,50.014463655358284,2.0,1.0,Sales Representative,3.0,Single,2175.568132533389,21078.036855190254,0.9219643342032092,No,13.07803566579679,3.0,4.0,0.0,2.1560713315935818,2.921964334203209,1.9219643342032091,2.078035665796791,2.0,0.07803566579679078,2.0,2175.568132533389,0.9804910835508023,0.9739881114010698,0.9739881114010698,0.026011888598930277,1
44.0,Travel_Rarely,1076.0129174240617,Human Resources,6.562674378891572,2.3973338842065406,Medical,1.6026661157934592,Male,83.84799008428226,2.3973338842065406,3.0,Human Resources,2.1920016526196227,Married,9487.075953946822,6994.275805542648,5.8213289263476735,No,12.807998347380378,3.0,4.0,1.0,18.437325621108428,1.3973338842065408,3.0,16.02666115793459,6.397333884206541,1.8079983473803776,5.602666115793459,3162.3586513156074,0.8995556473677568,0.4589335536826163,0.37946677684130814,0.09039991736901887,1
44.67938520346814,Travel_Rarely,1191.3825001419439,Research & Development,26.456923286952904,2.0,Life Sciences,1.3086153426094191,Male,82.4950788973573,2.0,2.0,Manufacturing Director,1.617230685218838,Single,4787.660239138572,20483.95753375826,3.0,Yes,17.83969260173407,3.691384657390581,1.0,0.0,16.296615888686972,1.6913846573905809,3.0,3.074153972171743,2.074153972171743,0.691384657390581,2.3827693147811617,2393.830119569286,0.17685384930429357,0.5185384930429358,0.8271538356523548,0.17284616434764524,1
23.15448575621259,Travel_Frequently,560.803940089969,Research & Development,7.738205697514964,3.0,Medical,3.369102848757482,Female,55.89269145372755,3.0,1.0,Laboratory Technician,3.369102848757482,Single,2354.2294089865045,19892.621864293127,0.6845514243787411,No,14.946345726863777,3.0,1.684551424378741,0.0,2.630897151242518,3.0,3.0,2.315448575621259,2.0,0.31544857562125894,2.0,2354.2294089865045,0.9211378560946852,0.8948504747929137,0.8948504747929137,0.10514952520708631,1
30.101455315306254,Travel_Rarely,524.0299398183884,Sales,13.0,3.3147015186589304,Marketing,1.1573507593294652,Male,62.2940303731786,2.0,1.1573507593294652,Sales Executive,1.0,Divorced,2932.775534692638,4022.5865270713875,4.157350759329465,Yes,14.68529848134107,3.0,3.6852984813410696,3.0,5.88820911195358,3.0,3.0,2.0,2.0,2.0,0.31470151865893015,2450.1807558291684,0.4409934652514506,1.0,0.15735075932946507,1.0,1
31.973513359588,Travel_Rarely,229.947026719176,Research & Development,5.757621375340802,4.0,Life Sciences,2.7841080157528006,Male,95.8370812965768,2.5947026719176005,1.5947026719176003,Laboratory Technician,1.0,Married,4136.592773002119,6759.204366192063,4.810594656164799,No,15.378810687670402,3.0,3.0,0.5947026719176003,11.0,2.5947026719176005,1.5947026719176003,7.810594656164799,3.4317839684943983,0.0,7.0,2546.9525309663736,0.7100540596513454,0.400188779734857,0.9099339270928001,0.0,1
34.23637353540899,Travel_Frequently,811.2736181868086,Sales,21.163517575092186,4.0,Other,1.7091206062269535,Male,39.05450585836406,2.2363735354089846,2.0,Sales Executive,2.4727470708179693,Single,4594.745276362638,8429.33481852795,0.7091206062269536,Yes,23.236373535408983,4.0,2.5272529291820307,0.0,15.290879393773047,2.0,4.0,14.054505858364061,9.0,9.054505858364061,9.290879393773047,2297.372638181319,0.9159081866693716,0.6515724077255967,0.6595038322603338,0.6380153290413352,1
45.173970810244136,Travel_Rarely,719.670206342668,Sales,28.40216909914632,2.195661801707356,Medical,3.195661801707356,Male,51.467242073535985,2.402169099146322,2.597830900853678,Healthcare Representative,1.0,Divorced,9172.530996469228,14481.851273266442,5.206507297438966,Yes,15.413014594877932,3.0,2.0,0.597830900853678,18.793492702561032,2.597830900853678,3.0,2.195661801707356,1.195661801707356,1.195661801707356,0.0,3504.78939859031,0.11333164096018827,0.398553933902452,0.0,0.398553933902452,1
42.6577022302453,Travel_Rarely,1195.622499700095,Sales,16.359106088044765,2.6677872212193376,Life Sciences,1.6677872212193376,Female,99.33557444243867,3.3355744424386753,3.6677872212193376,Sales Executive,2.3322127787806624,Single,10598.421559386685,17809.50900722941,5.661063893903312,Yes,15.003361663658012,3.0,4.0,0.0,22.33221277878066,2.0,2.3322127787806624,1.0,0.0,0.0,0.0,2798.5751367315665,0.04479799846090778,0.0,0.0,0.0,1
29.287225347960458,Travel_Rarely,732.5294324328373,Research & Development,2.0,3.5709248840131806,Medical,2.5709248840131806,Male,66.59560556736733,3.0,1.0,Research Scientist,3.4290751159868194,Married,4098.810423448699,18393.65657094996,6.0,No,15.283699536052723,3.0,3.5709248840131806,0.42907511598681936,5.858150231973639,2.5709248840131806,1.5709248840131806,2.0,2.0,2.0,1.4290751159868194,4098.810423448699,0.35096284388722065,1.0,0.7145375579934097,1.0,1
34.222344422781866,Travel_Frequently,716.340665366912,Research & Development,12.47261937404107,2.194413894304533,Medical,1.194413894304533,Male,65.80448630065865,1.388827788609066,1.805586105695467,Sales Executive,4.0,Married,5105.996929584812,21900.28106949229,6.0,Yes,13.805586105695467,3.0,3.805586105695467,1.805586105695467,7.0,2.0,1.805586105695467,2.0,2.0,2.0,2.0,2914.802722093142,0.2857142857142857,1.0,1.0,1.0,1
27.431091566947018,Travel_Rarely,1035.6249146668795,Research & Development,1.5689084330529806,3.0,Medical,1.2275633732211921,Male,47.04807035899073,2.227563373221192,1.0,Laboratory Technician,1.886218313389404,Married,2482.787221822457,6737.3010342416355,1.0,Yes,15.682690119663576,3.1137816866105963,1.2275633732211921,2.0,1.0,2.0,3.0,0.8862183133894039,0.0,0.0,0.0,2482.787221822457,0.8862183133894039,0.0,0.0,0.0,1
41.23238268940643,Travel_Rarely,279.2036297313573,Sales,23.60051853305104,2.4334197555085066,Life Sciences,3.5665802444914934,Male,73.80155559915312,3.0,2.0,Sales Executive,2.8668395110170133,Married,7576.764301102019,11990.562352097542,2.69974073347448,Yes,20.266320977965975,3.5665802444914934,4.0,0.5665802444914934,11.69974073347448,2.0,3.5665802444914934,9.433419755508506,7.0,4.733679022034027,7.0,3788.3821505510095,0.8256676170795405,0.7440673523493384,0.7440673523493384,0.49225391035311905,1
26.45387127892008,Travel_Rarely,675.8159268220097,Sales,12.457579244859646,2.36346781973002,Medical,2.63653218026998,Male,40.361613836760235,2.0,1.0,Sales Representative,2.36346781973002,Divorced,2553.6620462355177,20515.021980404614,2.8173390986500984,Yes,18.36346781973002,3.0,3.0,3.0,2.4538712789200785,2.36346781973002,3.0,1.7269356394600393,0.7269356394600393,0.0,0.7269356394600393,2553.6620462355177,0.8546128721079922,0.24231187982001307,0.24231187982001307,0.0,1
29.818495731444933,Travel_Rarely,497.6135737235505,Sales,25.212330487629956,3.606165243814978,Marketing,1.7876695123700446,Male,57.88014816959471,2.606165243814978,1.6061652438149778,Sales Executive,3.606165243814978,Single,4203.527060051955,17873.91110172814,2.575339024740089,Yes,12.181504268555067,3.0,2.606165243814978,0.0,8.424660975259911,4.0,3.0,7.636991462889866,5.030826219074889,0.0,6.030826219074889,2501.11197279759,0.8687217479383259,0.6212330487629956,0.7803082621907489,0.0,1
36.02549627794625,Travel_Rarely,572.7642524865104,Research & Development,5.4553815135940615,3.4936259305134376,Life Sciences,3.4936259305134376,Male,86.92351116616125,3.0,2.0,Laboratory Technician,1.5063740694865626,Married,5097.370331882098,6939.710530408083,4.0,No,13.961755583080624,3.0,1.9872518610268748,1.5063740694865626,8.97450372205375,2.4936259305134376,2.5063740694865624,5.987251861026875,1.5063740694865626,0.5063740694865626,5.480877791540312,2548.685165941049,0.675821356063888,0.2730676178679733,0.8987251861026875,0.10127481389731252,1
46.035477167629345,Travel_Frequently,985.6968348987649,Sales,8.15604252167568,3.0,Life Sciences,2.7588692919073368,Male,82.24113070809267,1.2411307080926632,4.0,Healthcare Representative,3.120565354046332,Divorced,12843.526373446464,22883.957636090097,7.0,No,11.0,3.0,3.120565354046332,0.36169606213899463,24.517738583814673,3.120565354046332,1.2411307080926632,22.39717322976834,5.241130708092664,13.638303937861005,9.397173229768342,3210.881593361616,0.9124216063170878,0.23806797134611002,0.41585326566905423,0.6089868728358607,1
46.48314292198805,Travel_Frequently,847.9413554312014,Sales,4.146661596115958,4.185097740947998,Other,4.0,Male,82.48078192758398,3.1850977409479975,1.8149022590520025,Human Resources,2.629804518104005,Married,4400.006803040148,18036.5548125833,2.444706777156007,No,14.555293222843993,3.0,3.8149022590520025,0.0,4.444706777156007,4.0,3.0,0.18509774094799758,0.0,0.0,0.0,2473.577862641215,0.09254887047399879,0.0,0.0,0.0,1
49.62808933544316,Travel_Rarely,857.324903620262,Sales,16.385171189872832,3.474382132911368,Life Sciences,1.525617867088632,Male,75.38517118987284,3.0,3.0,Sales Executive,2.0,Married,10060.322398297385,16189.610890620528,5.204942936709056,Yes,15.679325069620424,3.0,3.474382132911368,0.474382132911368,10.0,2.0,2.0,8.948764265822735,7.0,7.948764265822736,7.948764265822736,3353.440799432462,0.8948764265822736,0.7919831267405106,0.8868595533227842,0.8868595533227842,1
21.760005917624035,Travel_Frequently,426.27637923737245,Sales,18.741813340125788,3.250909628874912,Other,3.4981807422501756,Male,46.28365626837176,2.0,1.0,Sales Representative,1.7490903711250878,Single,2098.919952659008,11081.864251401228,1.0,No,14.254548144374562,3.0,2.250909628874912,0.2509096288749123,1.0,2.749090371125088,4.0,1.0,0.0,0.0,0.0,2098.919952659008,1.0,0.0,0.0,0.0,1
45.78564706554995,Travel_Frequently,679.3311374746316,Sales,22.142588262199794,2.4047843114833505,Life Sciences,1.5952156885166495,Female,75.3808627540666,3.5952156885166495,2.4047843114833505,Sales Executive,3.4047843114833505,Single,7036.963996455177,11851.274187701798,2.7856470655499486,Yes,11.59521568851665,3.0,4.0,0.4047843114833505,8.809568622966701,2.0,3.0,7.023921557416752,5.214352934450051,0.5952156885166495,3.809568622966701,2980.25379205856,0.7767941168062564,0.759521568851665,0.5595215688516649,0.11904313770332992,1
40.258179086427084,Non-Travel,1219.7902464413442,Research & Development,6.483641827145835,2.7418209135729175,Life Sciences,1.0,Male,78.67993990139581,2.7418209135729175,1.0,Laboratory Technician,1.0,Divorced,2150.767433900802,7716.168231284753,3.7745372592812467,No,14.774537259281246,3.0,1.7418209135729177,0.2581790864270823,8.709104567864589,2.7418209135729175,1.0,3.2254627407187533,1.4836418271458354,0.0,2.2254627407187533,2150.767433900802,0.3483641827145836,0.37091045678645884,0.5563656851796883,0.0,1
37.61877129707855,Travel_Rarely,592.9385895620082,Sales,18.9837769762995,2.1587485801947635,Marketing,2.6825028396104735,Male,71.65121734447955,2.1587485801947635,1.8412514198052368,Sales Executive,2.6825028396104735,Married,6007.099585122502,6631.647834519992,2.4762457405842895,Yes,12.158748580194763,3.0,1.3174971603895265,1.8412514198052368,7.682502839610473,5.8412514198052365,3.0,5.365005679220947,3.6825028396104735,0.8412514198052368,0.31749716038952647,3323.507555943796,0.683854758252182,0.719582860064921,0.15874858019476323,0.14020856996753944,1
38.51506728714534,Travel_Rarely,1051.9897968802109,Research & Development,8.727399069281981,2.0,Life Sciences,1.0,Female,73.87807194073544,1.3787668217863365,1.6212331782136635,Healthcare Representative,1.6212331782136635,Divorced,3765.6925858304817,16620.890683579033,5.3787668217863365,No,15.757533643572673,3.0,1.0,0.37876682178633647,11.212331782136635,2.0,1.0,1.0,0.0,0.0,0.0,2281.8771396671464,0.11716890957151152,0.0,0.0,0.0,1
43.36634100991099,Travel_Rarely,739.732555733819,Sales,8.059407503539639,2.376236998584144,Medical,3.188118499292072,Male,57.9802080226537,1.811881500707928,3.0,Sales Executive,4.0,Married,9765.920547947107,15894.055587351952,1.0,No,15.059407503539639,3.0,3.811881500707928,0.0,9.940592496460361,2.811881500707928,2.811881500707928,9.940592496460361,8.0,4.9405924964603605,7.188118499292072,3255.306849315703,1.0,0.8291687303834692,0.738959674749255,0.48176954351033174,1
48.77601151368188,Travel_Rarely,643.3485197497877,Research & Development,11.60328124941437,3.8103536184518756,Medical,3.0,Male,84.81035361845187,2.1896463815481244,2.0,Sales Executive,2.3792927630962493,Married,5106.371644709965,16940.05464651273,1.8103536184518754,Yes,15.568939144644373,3.0,1.568939144644374,0.0,10.810353618451876,2.8103536184518756,2.1896463815481244,8.379292763096249,2.948231907740623,7.0,7.0,2553.1858223549825,0.7789944676949431,0.33534087169665605,0.8418118832290782,0.8418118832290782,1
48.821272459482365,Travel_Frequently,933.4047734059028,Sales,3.6942343783260156,3.831610351354624,Technical Degree,3.831610351354624,Male,73.75924510824883,2.831610351354624,1.831610351354624,Research Scientist,3.0,Married,4342.219314953443,16970.799624654093,4.010337891872256,Yes,14.336779297290752,3.0,4.0,0.16838964864537598,5.168389648645376,4.0,3.0,0.16838964864537598,0.0,0.0,0.0,2376.2924443511124,0.028064941440895996,0.0,0.0,0.0,1
24.0,Travel_Frequently,1377.2264325764845,Research & Development,3.637524251808032,1.8791747506026775,Life Sciences,1.0,Female,58.922888372890625,3.0,1.0,Sales Representative,2.439587375301339,Married,3063.090389404777,18541.460123148354,1.0,Yes,16.0,3.0,2.8791747506026777,0.43958737530133873,6.0,4.0,3.0,5.439587375301339,3.0,1.0,3.1208252493973223,3063.090389404777,0.9065978958835564,0.5560412624698661,0.5948592248593753,0.18534708748995538,1
32.181798735756864,Travel_Rarely,965.7442878233007,Research & Development,14.818201264243138,3.803033544040523,Marketing,1.0,Male,68.22730189636471,3.0,3.0,Sales Executive,3.0,Divorced,8532.675702395532,19705.367214231293,2.787865823837908,No,12.606067088081046,3.0,1.196966455959477,2.803033544040523,11.37876519171634,2.590899367878431,3.0,1.0,0.0,0.0,0.0,2844.2252341318444,0.09188961651931565,0.0,0.0,0.0,1
28.740966857193126,Travel_Rarely,1284.9389485578563,Research & Development,10.888549714210313,1.740966857193125,Medical,2.6295165714034376,Male,82.70483428596563,3.0,1.0,Laboratory Technician,4.0,Single,1983.7267633925294,20385.326939254242,1.0,No,11.740966857193126,3.0,3.6295165714034376,0.0,1.0,3.6295165714034376,2.0,1.0,0.6295165714034375,0.0,0.0,1983.7267633925294,1.0,0.6295165714034375,0.0,0.0,1
29.092848089555243,Travel_Frequently,388.43784161360537,Research & Development,13.396487417890912,1.1856961791104887,Other,3.0,Female,84.74278471644196,3.046424044777622,3.0,Healthcare Representative,3.907151910444756,Single,7548.032627208794,22280.109797158068,0.046424044777622187,No,11.953575955222378,3.0,1.0,0.0,9.046424044777622,1.046424044777622,3.0,8.092848089555245,7.0464240447776225,6.860727865667133,7.0,2516.0108757362646,0.8940471160864024,0.8715181966416783,0.8668757921639161,0.8529485787306295,1
30.20595333020875,Travel_Rarely,402.27172168150844,Sales,21.040325838410784,1.4522324988282806,Life Sciences,4.0,Male,46.95967416158921,2.1507441662760938,2.8492558337239062,Sales Executive,1.0,Single,6865.22596871976,10231.908494076502,1.0,No,13.301488332552188,3.0,1.1507441662760935,0.8492558337239065,10.849255833723907,3.1507441662760938,1.0,10.849255833723907,7.246279168619532,2.5477675011717196,9.698511667447812,2394.2561849934505,1.0,0.6628638562274873,0.8926460909516989,0.2316152273792472,1
26.0,Travel_Rarely,1377.7481581620439,Research & Development,22.970288875452237,3.2255234582830847,Life Sciences,1.0,Male,47.323429625150744,1.4510469165661697,1.0,Laboratory Technician,2.7744765417169153,Divorced,2311.0418766626467,11374.845965901333,1.2255234582830847,Yes,12.225523458283085,3.0,3.2255234582830847,0.22552345828308484,1.9020938331323394,2.0,2.2255234582830847,1.4510469165661697,0.4510469165661697,0.0,1.2255234582830847,2311.0418766626467,0.9097906166867661,0.15034897218872323,0.9248255139056384,0.0,1
49.27868217518391,Travel_Rarely,415.2156827332856,Sales,27.001252242562337,3.0,Marketing,3.833542040427056,Male,40.220691703534925,2.0554859865243147,3.0,Manufacturing Director,1.1109719730486294,Divorced,10809.278294861402,16918.194601321073,4.110971973048629,No,12.88902802695137,3.0,2.0,1.0554859865243147,19.833542040427055,3.1109719730486294,3.0,2.8890280269513706,1.8890280269513706,1.8890280269513706,0.0,3603.0927649538007,0.1449409835816066,0.6296760089837902,0.0,0.6296760089837902,1
44.552492282067824,Travel_Rarely,1100.0301051071224,Human Resources,3.2099691282712923,2.2762461410339117,Medical,1.7237538589660883,Male,80.22640049967745,2.2762461410339117,3.0,Sales Executive,1.8287384231017345,Divorced,10375.36898956091,6099.522286523232,7.618769294830442,No,13.171261576898265,3.0,3.1712615768982655,1.0,25.104984564135645,1.0,3.2762461410339117,16.40880016655915,6.276246141033911,3.2762461410339117,5.1712615768982655,3458.456329853637,0.6721897510635516,0.49337229872373806,0.33551736099007434,0.266418016578577,1
33.80390608408529,Travel_Frequently,130.7475586974467,Research & Development,23.803906084085288,4.0,Life Sciences,4.0,Female,89.27197172297974,3.0,1.0,Research Scientist,2.149511739489339,Divorced,2077.618367090034,17967.921965428814,1.0,Yes,18.102929563063967,3.0,1.4485352184680167,0.8504882605106611,9.700976521021323,2.850488260510661,2.149511739489339,9.700976521021323,2.0,7.0,7.850488260510661,2077.618367090034,1.0,0.20747558697446697,0.8112133804617004,0.7261645544106343,1
32.91963267875583,Travel_Rarely,231.83926535751166,Research & Development,7.27141228600933,4.0,Technical Degree,3.3517796072534987,Male,94.51251424974184,2.783926535751166,1.7839265357511662,Laboratory Technician,1.0,Single,4701.23678268148,6501.859911378414,4.432146928497668,No,16.135706143004665,3.0,3.0,0.7839265357511662,11.0,2.783926535751166,1.7839265357511662,7.432146928497668,2.2964407854930027,0.0,7.0,2605.801152618613,0.6756497207725152,0.28004664396751355,0.9519836746113702,0.0,1
32.11016758895437,Travel_Rarely,740.8412296428187,Research & Development,4.0,1.888770948619296,Technical Degree,2.666843577071056,Male,42.66525138343155,3.0,1.444385474309648,Laboratory Technician,3.111229051380704,Single,6207.999326489847,6806.041254255687,1.0,No,16.333156422928944,3.0,2.444385474309648,0.555614525690352,7.444385474309648,3.888770948619296,3.555614525690352,7.444385474309648,7.0,5.888770948619296,6.444385474309648,4129.386270406468,1.0,0.944451815711294,0.8650783120412436,0.7857048083711935,1
33.57078050060942,Travel_Rarely,1099.97731752133,Research & Development,5.396249333875043,3.8254688332656195,Technical Degree,3.650937666531239,Male,34.967029834484464,1.3490623334687608,3.349062333468761,Sales Executive,3.8254688332656195,Married,11996.08751978591,24148.368918687884,1.0,No,11.174531166734381,3.0,3.1745311667343805,0.0,15.570780500609423,1.6509376665312392,2.1745311667343805,15.396249333875044,9.221718167140663,10.047187000406282,8.0,3543.867619418841,0.992411688402853,0.5906949989252238,0.5351623549642845,0.6496570584441966,1
49.23257024401788,Travel_Rarely,879.5988119916294,Sales,1.063952479665177,3.936047520334823,Life Sciences,2.063952479665177,Male,93.1686177643527,3.0,2.0,Manufacturing Director,2.936047520334823,Divorced,6608.217005587124,13832.785729250503,6.80814256100447,No,11.936047520334823,3.0,3.8081425610044697,2.0,11.680237601674115,2.936047520334823,3.0,5.9360475203348235,2.936047520334823,0.06395247966517681,1.1918574389955303,3304.108502793562,0.513704102785395,0.4936047520334823,0.2071699037879453,0.012790495933035356,1
26.158251040506265,Travel_Rarely,483.8823675772078,Research & Development,12.935345629873694,1.4316502081012525,Human Resources,3.136699583797495,Male,48.50369542177244,1.4316502081012525,1.0,Human Resources,2.136699583797495,Married,1884.780758989357,9471.640581136267,1.0,Yes,11.0,3.0,3.4316502081012525,1.0,1.0,1.5683497918987475,3.0,1.0,0.0,0.0,0.0,1884.780758989357,1.0,0.0,0.0,0.0,1
18.0,Travel_Frequently,677.4912727053068,Sales,3.3503707945021173,2.1751853972510586,Marketing,2.0,Male,69.82481460274894,3.0,1.0,Sales Representative,3.6496292054978827,Single,1623.1322877505772,16604.90409908178,1.0,Yes,12.350370794502117,3.0,3.1751853972510586,0.0,0.0,2.1751853972510586,3.8248146027489414,0.0,0.0,0.0,0.0,1623.1322877505772,0.0,0.0,0.0,0.0,1
44.35036390274601,Travel_Frequently,560.0218341647605,Sales,26.242961115070287,2.7570388849297123,Life Sciences,2.7570388849297123,Male,69.42961115070288,3.2429611150702877,2.378519442464856,Sales Executive,2.621480557535144,Single,7417.866936327717,12949.270075237648,3.2429611150702877,Yes,12.0,3.0,3.621480557535144,0.0,8.378519442464857,2.0,3.0,5.0,4.0,1.0,1.864441672605432,3135.224166534625,0.5987139276066072,0.8,0.3728883345210864,0.2,1
36.847950689134294,Travel_Frequently,749.8829459114495,Research & Development,4.169590137826859,2.276803287391047,Life Sciences,1.0,Male,84.48147507914021,2.276803287391047,1.0,Research Scientist,1.0,Divorced,2089.007786319582,18923.65413727649,6.0,No,16.16959013782686,3.0,1.276803287391047,1.0,5.276803287391047,2.0,1.5536065747820942,1.5536065747820942,0.5536065747820942,0.2768032873910471,0.5536065747820942,2089.007786319582,0.2830409862173141,0.18453552492736472,0.18453552492736472,0.09226776246368236,1
31.1866124335581,Non-Travel,1292.2526836805125,Sales,14.895393046976853,2.4552303476511574,Technical Degree,2.910460695302315,Male,78.3732248671162,2.4552303476511574,3.0,Healthcare Representative,1.0,Single,9113.498098979995,11434.52423704936,0.5447696523488427,Yes,16.552303476511575,3.4552303476511574,1.0,0.0,9.544769652348842,2.0,2.4552303476511574,9.089539304697686,7.0,2.365691042953472,8.089539304697686,3037.8326996599985,0.9494188502609825,0.7796653108389525,0.888619241308721,0.28209213906046293,1
32.805772808969785,Travel_Frequently,370.04373679390756,Research & Development,9.955381752824172,2.7462818127353477,Human Resources,1.5074363745293047,Male,66.90988205238006,2.2537181872646523,1.0,Human Resources,1.2537181872646523,Divorced,2336.7760273108524,5170.253815945016,3.238845438206043,Yes,14.238845438206043,3.0,3.7462818127353477,3.0,4.507436374529305,2.7462818127353477,2.7462818127353477,2.761154561793957,2.2537181872646523,2.0,0.761154561793957,2336.7760273108524,0.5845727290882174,0.898512725094139,0.15223091235879138,0.8477690876412086,1
20.152685345495268,Travel_Rarely,359.86581037776654,Sales,6.226512933482649,2.6157715515015774,Life Sciences,2.1921142242492113,Male,51.99496983047949,1.8078857757507887,1.0,Laboratory Technician,4.0,Single,1105.0738275879874,9010.270816676697,1.0,Yes,20.46308620600631,3.8078857757507887,3.1921142242492113,0.0,1.0,3.1921142242492113,2.1921142242492113,1.0,0.0,1.0,0.0,1105.0738275879874,1.0,0.0,0.0,1.0,1
48.66170430817744,Travel_Rarely,395.1449178207696,Sales,27.59851129245323,3.133829569182256,Marketing,4.0,Male,41.40893224528061,2.0,3.0,Sales Executive,1.133829569182256,Divorced,10618.45995823923,16672.855390399283,3.732340861635488,Yes,12.866170430817744,3.0,2.133829569182256,0.8661704308177439,18.527874738995184,2.866170430817744,3.0,3.267659138364512,2.267659138364512,1.866170430817744,0.0,3539.4866527464096,0.20427532527947057,0.6845106092243007,0.0,0.6042128677149472,1
32.28212929207689,Travel_Rarely,468.0897314533514,Human Resources,7.0339670057821415,3.0,Human Resources,3.6410646460384455,Female,36.87148283169243,2.8803548820128153,1.0,Sales Representative,2.8803548820128153,Married,2852.435741415846,10394.907452656658,1.0,No,12.880354882012815,3.0,1.8803548820128153,0.0,1.0,2.0,3.0,1.0,0.0,0.0,0.0,2852.435741415846,1.0,0.0,0.0,0.0,1
35.622468890181544,Travel_Rarely,307.5519230215633,Research & Development,9.540822963393849,4.0,Medical,4.0,Male,74.07119628121532,3.0,2.0,Manufacturing Director,1.0,Single,4733.247582474771,5550.359276513081,2.377531109818456,No,15.918354073212305,3.0,2.4591770366061523,0.45917703660615206,10.459177036606151,3.5408229633938477,1.459177036606152,8.622468890181544,2.081645926787696,0.0,7.540822963393848,2366.6237912373854,0.8330265321432174,0.22784360853331895,0.8918354073212305,0.0,1
31.14922459131001,Travel_Frequently,531.9534754786006,Sales,2.48497992175753,2.9626938521724977,Medical,1.9626938521724977,Male,92.69428482603742,2.9253877043449954,1.0373061478275023,Sales Executive,4.0,Divorced,3786.091961967649,21118.94035234057,6.0,Yes,13.037306147827502,3.0,3.0373061478275023,1.0373061478275023,7.0,2.0,1.0373061478275023,2.0,2.0,2.0,2.0,3684.6192398768426,0.2857142857142857,1.0,1.0,1.0,1
31.756553708254447,Non-Travel,675.9128436460147,Research & Development,13.75655370825445,4.0,Technical Degree,2.8782768541272246,Male,78.83052269769973,1.5608615729363877,1.0,Research Scientist,1.0,Married,2153.3239290154297,14465.608615729363,1.0,Yes,20.195692135318062,3.4391384270636123,2.5608615729363877,1.0,2.7565537082544487,2.0,3.5608615729363877,2.7565537082544487,0.8782768541272243,1.3174152811908364,0.0,2153.3239290154297,1.0,0.17565537082544488,0.0,0.2634830562381673,1
21.39701867669359,Travel_Rarely,375.65391226312425,Research & Development,18.40322976691528,3.0,Life Sciences,3.4007453308266027,Male,36.4007453308266,2.0,1.0,Sales Representative,2.0,Single,1949.213661503626,12406.940416956795,1.0,No,12.800248443608867,3.0,2.1997515563911323,0.0,1.0,3.0,4.0,1.0,0.0,0.0,0.0,1949.213661503626,1.0,0.0,0.0,0.0,1
19.870343273674475,Travel_Frequently,280.37107488446367,Research & Development,5.481373094697896,2.564828363162763,Life Sciences,1.5648283631627629,Female,46.12965672632553,2.0,1.0,Laboratory Technician,3.564828363162763,Single,1764.766402903112,16232.902689063887,1.0,No,21.129656726325525,4.0,3.0,0.0,1.4351716368372371,2.564828363162763,1.5648283631627629,1.4351716368372371,0.8703432736744741,1.4351716368372371,0.8703432736744741,1764.766402903112,1.0,0.43517163683723703,0.43517163683723703,1.0,1
27.7941219059052,Travel_Rarely,1491.1618647887722,Sales,2.5440857057109962,3.1029390470474,Technical Degree,1.0,Male,87.1618647887722,3.0,1.0,Laboratory Technician,2.8970609529526,Divorced,2853.824670782594,15585.694513276725,2.8970609529526,Yes,14.7941219059052,3.0,4.0,1.0,5.0,2.8970609529526,3.8970609529526,3.0,2.0,0.8970609529526002,2.0,2853.824670782594,0.6,0.6666666666666666,0.6666666666666666,0.29902031765086673,1
47.691623737432224,Travel_Rarely,1094.9873686813712,Sales,6.193846590777505,3.422905934358055,Life Sciences,2.577094065641945,Male,76.68717803074165,3.0,2.577094065641945,Sales Executive,2.422905934358055,Divorced,7066.17712246618,14114.189047983366,5.84581186871611,No,17.193846590777504,3.577094065641945,3.422905934358055,2.577094065641945,13.15418813128389,2.422905934358055,3.0,7.15418813128389,5.30837626256778,0.0,4.46256439385167,2829.610895215559,0.5412210046887104,0.7164102746157294,0.575441629829711,0.0,1
28.0,Travel_Rarely,1255.6327790957976,Research & Development,4.016357237660649,4.0,Technical Degree,3.0,Male,48.688476316880866,3.0,1.0,Research Scientist,3.0,Single,3749.5359464537764,12882.341383450977,2.639404603898919,No,14.311523683119136,3.0,3.327880920779784,0.0,2.9836427623393513,3.0,2.0,2.0,2.0,2.0,1.672119079220216,3749.5359464537764,0.8032714475321298,1.0,0.836059539610108,1.0,1
26.0,Travel_Rarely,1141.2314815094117,Research & Development,24.756468940755543,3.0,Technical Degree,1.4870621184889128,Male,52.38355906640022,1.0,1.0,Laboratory Technician,3.2435310592444564,Single,2304.4459597844893,13639.885554738596,1.0,No,13.461186355466738,3.0,2.7564689407555436,0.0,1.0,2.2435310592444564,1.7564689407555436,1.0,0.0,0.0,0.7564689407555436,2304.4459597844893,1.0,0.0,0.7564689407555436,0.0,1
18.0,Travel_Frequently,696.1893047300271,Sales,3.3994469940420657,2.199723497021033,Marketing,2.0,Female,69.80027650297896,3.0,1.0,Sales Representative,3.6005530059579343,Single,1630.7145605794992,16350.664847365078,1.0,Yes,12.399446994042066,3.0,3.199723497021033,0.0,0.0,2.199723497021033,3.800276502978967,0.0,0.0,0.0,0.0,1630.7145605794992,0.0,0.0,0.0,0.0,1
20.995500569422507,Travel_Rarely,1170.9988756604062,Research & Development,10.004499430577495,2.3363329537183297,Medical,4.0,Male,96.34083238429582,2.0,1.0,Laboratory Technician,1.6636670462816705,Single,3060.91676364262,19041.86727197847,1.0,Yes,13.67266590743666,3.0,1.0,0.0,2.327334092563341,2.0,3.0,2.327334092563341,1.327334092563341,0.33183352314083525,0.6636670462816705,3060.91676364262,1.0,0.2654668185126682,0.1327334092563341,0.06636670462816704,1
26.82211528130354,Travel_Rarely,913.4230777495717,Research & Development,19.45192314579764,1.7259615728988198,Medical,3.72596157289882,Female,73.65865326072006,2.72596157289882,1.0,Research Scientist,2.5480768542023604,Single,2214.0432609313843,9101.038183560726,0.2740384271011802,Yes,11.54807685420236,3.0,3.0,0.0,5.45192314579764,3.0,2.72596157289882,4.72596157289882,1.5480768542023604,0.7259615728988198,3.1778847186964594,2214.0432609313843,0.8790064045168634,0.3507211349056491,0.6492788650943508,0.14519231457976398,1
37.98904485256922,Travel_Rarely,1074.399577815218,Research & Development,1.0,2.2509129289525647,Life Sciences,2.2509129289525647,Female,91.74178363942691,3.0,1.7490870710474353,Sales Executive,3.7490870710474353,Single,5005.657624571658,19548.753794248812,5.992696568379483,Yes,11.752738786857694,3.0,1.752738786857694,0.0,7.749087071047436,0.2509129289525647,1.2509129289525647,6.0,3.4981741420948707,0.2509129289525647,5.0,2761.018216178018,0.7768835281020605,0.5830290236824784,0.8333333333333334,0.04181882149209411,1
31.913515803754617,Travel_Frequently,423.4267773907469,Research & Development,2.0,3.9135158037546156,Marketing,2.9135158037546156,Male,83.03781035494461,2.0864841962453844,1.9135158037546156,Sales Executive,2.172968392490769,Married,9372.095246222298,25744.498178167312,6.913515803754615,Yes,12.086484196245385,3.0,3.0,0.0864841962453845,7.0,2.9135158037546156,1.9135158037546156,2.0,2.0,2.0,2.0,4846.994712323809,0.2857142857142857,1.0,1.0,1.0,1
44.87432262167379,Travel_Rarely,1360.1686463032538,Research & Development,22.15529038070454,2.0,Life Sciences,1.0,Male,84.62296786502138,1.6561935518061492,2.0,Laboratory Technician,1.3438064481938508,Married,4453.496578959568,19846.77989944161,3.6876128963877015,No,18.280967759030748,3.6561935518061492,1.0,0.0,18.280967759030748,2.0,2.3123871036122985,2.968580655418448,1.9685806554184482,0.6561935518061494,1.9685806554184482,2226.748289479784,0.15415914024081992,0.49214516385461204,0.49214516385461204,0.16404838795153734,1
33.117143195103885,Travel_Frequently,372.92114839970367,Research & Development,2.0,1.8294285601632039,Life Sciences,3.170571439836796,Male,41.24085735689913,2.0,1.0,Laboratory Technician,1.5117143195103884,Divorced,2530.12656938954,6724.5180904496365,7.341142879673592,Yes,11.51171431951039,3.0,3.170571439836796,0.17057143983679612,7.147142800816019,2.170571439836796,2.0,0.17057143983679612,0.0,0.0,0.0,2530.12656938954,0.056857146612265375,0.0,0.0,0.0,1
46.733587754137794,Travel_Rarely,433.6186731623883,Research & Development,23.4772753518831,3.0,Marketing,3.2462125586471835,Male,44.52777456992065,2.251262480450939,3.0,Sales Executive,1.5025249609018778,Divorced,10651.482440756543,18090.30847045977,4.502524960901878,Yes,12.497475039098122,3.0,2.0,1.251262480450939,19.246212558647183,3.502524960901878,3.0,2.497475039098122,1.4974750390981222,1.4974750390981222,0.0,3550.494146918848,0.1270907738412379,0.49915834636604073,0.0,0.49915834636604073,1
39.89597680377472,Travel_Rarely,1285.3405713480172,Sales,17.44798840188736,4.0,Medical,1.59563741801024,Male,54.0872516397952,3.0,2.4043625819897603,Sales Executive,1.0,Single,6746.113447066358,9219.66852270005,3.61745032795904,No,15.382549672040959,3.0,2.5956374180102397,0.0,11.42617549193856,2.0,1.40436258198976,2.5956374180102397,1.40436258198976,1.40436258198976,2.0,2668.9266807616773,0.2524608169353813,0.6029083879931734,0.8014541939965867,0.6029083879931734,1
35.0,Travel_Rarely,852.2073228984395,Sales,12.722513269537966,3.951832448697469,Other,3.951832448697469,Male,38.3120424625215,3.0,2.0,Sales Executive,4.0,Single,4640.342423204718,10562.259722909192,2.903664897394938,Yes,23.710994692184812,3.951832448697469,1.1445026539075935,0.0,12.855497346092406,2.0,3.951832448697469,10.951832448697468,8.903664897394938,6.048167551302531,7.0,2320.171211602359,0.8535642386619279,0.8124892893915191,0.6394288441737974,0.5528986215649366,1
21.847664984001202,Travel_Frequently,1110.118873541757,Sales,11.645966790547531,3.0,Marketing,2.349787725818291,Male,60.60509458036101,3.349787725818291,1.0,Sales Representative,1.650212274181709,Single,1602.717059781005,8962.501695788646,1.0,Yes,15.049363177454874,3.0,4.0,0.0,0.3497877258182911,3.0,3.0,0.3497877258182911,0.0,0.0,0.0,1602.717059781005,0.3497877258182911,0.0,0.0,0.0,1
40.921596744915924,Travel_Rarely,1294.910133811427,Sales,7.48843399630249,2.8110542495378112,Marketing,1.0,Female,75.36376672642837,1.0,2.0,Sales Executive,2.8110542495378112,Single,5608.44564739198,9991.217804728498,7.6221084990756225,No,13.377891500924378,3.0,2.0,0.0,7.566837251386566,2.0,2.1889457504621888,3.244216998151245,2.4331627486134337,0.8110542495378112,2.4331627486134337,2804.22282369599,0.46345957116446357,0.6082906871533584,0.6082906871533584,0.2027635623844528,1
42.10814888888762,Travel_Frequently,494.2374239998443,Sales,11.93511066666743,3.0,Life Sciences,3.0,Male,44.82193155554589,2.956740444444953,4.0,Sales Executive,1.0432595555550468,Single,13740.220322666875,2916.733883994475,0.151408444442664,No,11.978370222222477,3.0,2.021629777777523,0.0,22.06488933333257,2.021629777777523,1.9783702222224766,21.043259555555046,8.913480888889907,13.021629777777523,13.913480888889907,3435.055080666719,0.9537982440404129,0.42400364941344226,0.6616510660226033,0.6188237083045806,1
31.39638650562238,Travel_Rarely,902.547215326882,Sales,6.012044981258728,3.3963865056223814,Other,3.7987955018741273,Female,42.462633902545385,1.4024089962517456,3.0,Sales Executive,4.0,Married,9827.17079383564,25232.128636401234,0.7987955018741272,No,11.201204498125874,3.0,2.5975910037482546,0.0,12.993977509370636,1.7987955018741273,2.2012044981258727,12.792773011244764,7.798795501874127,8.597591003748255,7.798795501874127,3275.7235979452134,0.9776439446526808,0.6325085083596399,0.6325085083596399,0.6895653299220776,1
41.05586391434162,Travel_Rarely,531.7771142629833,Research & Development,4.4794335557780816,2.2676487350598524,Medical,3.0,Male,88.02640186254605,3.0,1.0,Research Scientist,2.535297470119705,Divorced,2367.158981095626,14051.392063556788,2.0705949402394097,Yes,12.267648735059852,3.0,3.0,2.464702529880295,6.535297470119705,2.0,1.7323512649401476,5.0,3.2676487350598524,1.4647025298802951,3.2676487350598524,2367.158981095626,0.7775731801958641,0.6535297470119705,0.6535297470119705,0.29294050597605903,1
42.112523259015994,Travel_Rarely,539.6530466181686,Sales,15.361325576155645,2.3534069764530914,Life Sciences,3.0,Male,71.06813952906182,2.3534069764530914,2.6465930235469086,Sales Executive,4.0,Single,8273.933047619534,13559.245674448879,1.0,Yes,16.70681395290618,3.0,4.0,0.0,9.35340697645309,2.6465930235469086,3.0,9.35340697645309,7.646593023546909,5.060220929359274,7.0,3100.370141560148,1.0,0.8221342377810827,0.7502905684980928,0.5347595606491233,1
32.58755920216923,Travel_Rarely,1350.7841289623937,Sales,13.793779601084614,4.0,Life Sciences,1.9278382180832168,Male,47.443235638335665,3.0,2.0721617819167832,Sales Executive,1.0,Divorced,4681.485474612808,11102.914858313758,2.2886471276671325,Yes,16.711352872332867,3.0,2.9278382180832168,0.0,9.4329706915007,2.0,1.0721617819167832,2.9278382180832168,1.0721617819167832,1.0721617819167832,2.0,2215.0850210619783,0.31890097694997666,0.381441187944522,0.6907205939722609,0.381441187944522,1
36.753924963937955,Travel_Rarely,1074.6282356030551,Research & Development,5.183245441431984,3.204188639642004,Medical,3.795811360357996,Male,65.0994726485919,3.0,1.0,Research Scientist,1.4083772792840084,Single,2807.8851292118843,6767.761069118633,6.7958113603579955,No,20.183245441431982,3.795811360357996,4.0,0.0,7.387434081073987,2.204188639642004,1.204188639642004,2.0,2.0,2.0,1.795811360357996,2807.8851292118843,0.2806282959463006,1.0,0.897905680178998,1.0,1
45.040107566058275,Travel_Frequently,665.5512740794961,Research & Development,12.573082345864027,3.1733512610097123,Life Sciences,1.1733512610097123,Male,76.64037648120396,3.0,2.8266487389902877,Healthcare Representative,3.8266487389902877,Married,7761.310923737859,14106.203226981748,2.040107566058275,No,11.173351261009712,3.0,4.0,1.1733512610097123,10.346702522019426,2.1733512610097123,3.0,9.30659495596115,6.306594955961151,0.0,4.306594955961151,2781.488188591511,0.9133243694951438,0.6653297477980575,0.44221624633009593,0.0,1
30.65199769709252,Travel_Frequently,659.466703523206,Sales,3.1215981576740153,3.0,Medical,2.5911986182555116,Male,39.16560506639646,2.5303995394185037,1.0,Sales Representative,2.5303995394185037,Divorced,2731.2518825517186,8215.495083442822,1.0,No,13.939200921162993,3.0,1.5303995394185037,0.9392009211629924,1.0,2.0,3.0,1.0,0.0,0.0,0.0,2731.2518825517186,1.0,0.0,0.0,0.0,1
38.66242679849685,Travel_Frequently,901.6199441697983,Sales,1.944797766791929,3.055202233208071,Medical,2.944797766791929,Male,81.71762903170493,3.0,2.0,Manufacturing Director,2.055202233208071,Divorced,4958.393782798717,8017.445143639686,4.165606699624213,No,11.055202233208071,3.0,1.1656066996242136,2.0,7.276011166040356,2.055202233208071,3.0,5.055202233208071,2.055202233208071,0.9447977667919288,3.8343933003757864,2479.1968913993587,0.7024566643125562,0.4055202233208071,0.7650385856348882,0.18895955335838577,1
46.806731615760455,Travel_Rarely,600.854327602686,Research & Development,9.869576618326235,4.0,Medical,3.207730735369582,Male,77.93715499743422,2.207730735369582,1.7922692646304184,Research Scientist,2.207730735369582,Single,4411.909817013676,19395.13565442226,1.7922692646304184,No,14.584538529260836,3.0,1.623192206108745,0.0,10.376807793891254,2.792269264630418,2.207730735369582,8.0,2.0,7.0,7.0,2454.608598744227,0.7839265641917041,0.25,0.875,0.875,1
20.649632905285053,Travel_Rarely,1171.7800351469791,Research & Development,8.598531621140207,3.0,Life Sciences,3.350367094714948,Female,46.51101284144844,2.0,1.0,Laboratory Technician,2.0511012841448437,Single,1945.0543130195715,18142.676914155243,1.0,Yes,14.75183547357474,3.0,1.350367094714948,0.0,1.0,5.649632905285052,2.350367094714948,1.0,0.0,1.0,0.0,1945.0543130195715,1.0,0.0,0.0,1.0,1
34.05142957234173,Travel_Frequently,376.60419574766644,Research & Development,8.958856342126616,2.663238028510551,Human Resources,1.6735239429788975,Male,70.48076477404629,2.336761971489449,1.0,Human Resources,1.3367619714894488,Divorced,2337.357333800426,5829.2062437687755,2.989714085531654,Yes,13.989714085531654,3.0,3.663238028510551,3.0,4.673523942978898,2.663238028510551,2.663238028510551,3.010285914468346,2.336761971489449,2.0,1.0102859144683463,2337.357333800426,0.612253990496483,0.8652952114042205,0.20205718289366925,0.7979428171063307,1
44.0,Travel_Rarely,1069.264799356565,Research & Development,8.80156540429602,3.828795057756574,Life Sciences,2.6575901155131483,Male,94.80156540429601,3.0,1.0,Research Scientist,2.6575901155131483,Single,2837.7283631522737,11483.940593041485,1.5136148267302771,Yes,11.171204942243426,3.0,3.0,0.0,6.6848197689737034,4.0,3.171204942243426,5.486385173269722,3.6575901155131483,0.17120494224342575,2.0,2837.7283631522737,0.880156540429602,0.6666666666666666,0.39040164741447525,0.057068314081141915,1
38.689339763034745,Travel_Rarely,795.5179034707415,Research & Development,13.268098607363235,4.408512325920404,Human Resources,3.4085123259204044,Male,93.14041371855717,3.4085123259204044,1.0,Human Resources,2.182975348159191,Single,2944.170246518408,15184.418005244795,0.5914876740795956,No,13.451073955522427,3.0,3.0,0.0,4.365950696318382,4.0,3.0,3.957438370397978,2.3659506963183823,0.0,1.1829753481591911,2944.170246518408,0.7957438370397978,0.3943251160530637,0.19716255802653185,0.0,1
33.83533846318211,Travel_Rarely,278.5421077268244,Sales,25.544173078977643,3.145582692102236,Life Sciences,3.145582692102236,Male,79.19577116062622,3.0,1.8544173078977642,Research Scientist,3.854417307897764,Single,5315.252775702455,15266.507434034153,1.0,Yes,17.27208653948882,3.0,4.0,0.0,9.708834615795528,2.0,3.0,9.708834615795528,6.2720865394888206,7.0,7.0,2831.888870297604,1.0,0.6344877885539938,0.7254769711178912,0.7254769711178912,1
29.369043523988505,Travel_Rarely,1190.7884609659648,Sales,8.198179030822853,3.0,Technical Degree,3.40546290753144,Female,47.3144144486741,1.8018209691771467,2.0,Sales Executive,1.3963580616457065,Single,5329.963580616457,4337.300273036833,6.3963580616457065,No,16.207283876708587,3.0,2.8018209691771467,0.0,6.198179030822853,2.0,2.0,4.0,3.0,1.0,2.1981790308228533,2664.9817903082285,0.6477924732549664,0.75,0.5495447577057133,0.25,1
38.02125157356894,Travel_Frequently,929.5304661096418,Sales,1.2978748426431057,2.2978748426431057,Life Sciences,2.0,Male,94.0,3.0,1.7021251573568943,Laboratory Technician,4.0,Married,5316.526232357507,19956.195497914254,7.404250314713789,Yes,11.595749685286211,3.0,1.5957496852862116,0.2978748426431058,7.702125157356894,0.5957496852862116,1.0,4.808500629427577,3.4042503147137886,0.5957496852862116,4.106375472070683,3212.6081983375734,0.6117009659157009,0.7659582808810352,0.8829791404405176,0.2978748426431058,1
44.580095689547186,Travel_Rarely,1052.5966530774433,Research & Development,6.800956895471869,2.0,Medical,2.580095689547187,Male,83.74880388066016,2.2900478447735937,2.7099521552264063,Human Resources,1.2900478447735935,Married,10030.685553532288,4796.047446091921,7.5497607761320324,No,16.32038275818875,3.2900478447735937,4.0,1.0,20.809473707490472,1.2900478447735935,3.2900478447735937,16.809473707490472,6.290047844773594,3.0,6.290047844773594,3775.056361585612,0.7924291500960317,0.43857841472516135,0.43857841472516135,0.20317543820849213,1
32.01373519522897,Travel_Rarely,1048.250032411388,Human Resources,18.365382122200916,3.662088268257012,Human Resources,1.337911731742988,Male,60.87638324293932,3.0,3.0,Human Resources,2.324176536514024,Married,8765.524088088207,16478.13727561162,4.365382122200917,Yes,13.675823463485976,3.0,1.6758234634859763,3.0,10.337911731742988,2.0,3.0,1.6758234634859763,0.6758234634859763,0.0,0.6758234634859763,2921.8413626960687,0.15836657184651615,0.22527448782865878,0.22527448782865878,0.0,1
42.873420024603206,Travel_Frequently,587.9066110114326,Sales,11.475947985238076,3.0,Life Sciences,3.0,Male,50.63799218698438,2.650631990158717,4.0,Sales Executive,1.349368009841283,Married,13614.409747955233,6240.6125348615715,1.2227880344444906,Yes,11.82531599507936,3.0,2.1746840049206417,0.0,22.524052014761924,2.1746840049206417,1.8253159950793585,21.34936800984128,8.301263980317433,13.17468400492064,13.301263980317433,3403.602436988808,0.9485109161936506,0.3916816387124111,0.6261602307430396,0.6172392960153142,1
41.5258969800518,Travel_Rarely,642.1997767032567,Research & Development,5.506165947631382,3.5012331895262765,Life Sciences,3.4987668104737235,Male,59.06412585536637,2.4987668104737235,1.5012331895262763,Research Scientist,2.4987668104737235,Married,4513.556843424019,10968.26027885162,1.5012331895262763,No,13.50369956857883,3.0,1.0,0.0,9.004932758105106,2.5012331895262765,1.5012331895262763,7.5012331895262765,2.0,7.0,7.0,3275.2602486993533,0.8633000392201065,0.26781310037406153,0.9373458513092154,0.9373458513092154,1
45.69194846991644,Travel_Frequently,865.4537382038999,Sales,10.846974925905275,3.3845640671309205,Other,3.3845640671309205,Male,54.53625488662957,2.3845640671309205,1.3845640671309203,Sales Executive,3.0,Married,3318.0362777969385,16226.914607705852,6.692615597214479,Yes,15.230871865738159,3.0,4.0,0.6154359328690797,5.6154359328690795,4.0,3.0,0.6154359328690797,0.0,0.0,0.0,2408.926823099443,0.10257265547817995,0.0,0.0,0.0,1
26.560378797461475,Travel_Frequently,876.6087983665142,Research & Development,2.70691919830765,1.853459599153825,Technical Degree,1.4267297995769126,Female,61.14654040084618,3.0,1.0,Laboratory Technician,2.0,Single,2869.1507563300083,23573.516937812154,0.5732702004230875,Yes,16.42672979957691,3.0,1.5732702004230874,0.0,5.146540400846175,3.5732702004230874,3.0,4.146540400846175,2.5732702004230874,1.0,3.146540400846175,2869.1507563300083,0.797772516701924,0.6284486533051274,0.743102693389745,0.256897306610255,1
18.474997450714373,Travel_Rarely,517.8751402107094,Sales,2.525002549285626,2.0,Technical Degree,1.525002549285626,Male,61.45004588714127,2.525002549285626,1.0,Human Resources,4.0,Single,2041.622463460802,18428.074956662145,1.0,Yes,12.0,3.0,3.0,0.0,0.47499745071437394,2.474997450714374,4.0,0.47499745071437394,0.0,0.0,0.0,2041.622463460802,0.47499745071437394,0.0,0.0,0.0,1
43.1335713619334,Travel_Frequently,601.6262473178194,Sales,4.4332143190333,4.0,Life Sciences,2.858303579758325,Male,93.57084821012084,3.0,2.0,Laboratory Technician,2.141696420241675,Married,6134.912226386998,10801.615546842379,5.712544630362513,No,14.145758949395812,3.0,3.5708482101208374,1.5708482101208374,11.570848210120838,3.0,2.5708482101208374,6.429151789879162,2.141696420241675,0.0,3.5749107392749746,3067.456113193499,0.5585206986198857,0.3467315036145848,0.5242931582326354,0.0,1
55.0,Travel_Rarely,342.2799673535774,Research & Development,11.19196584958657,3.8356332590533246,Medical,1.4931002228400265,Male,83.84943281337327,3.8356332590533246,4.164366740946676,Sales Executive,2.6712665181066493,Single,14708.156591195308,11236.580285566264,5.835633259053324,Yes,16.342533036213297,3.0,3.1643667409466754,0.16436674094667547,24.0,2.0,2.1643667409466754,16.698865626746546,6.178166295266623,2.6712665181066493,7.342533036213299,3513.8311923758256,0.695786067781106,0.3736115812930529,0.4833389755166349,0.16481544172407053,1
34.38635311413557,Travel_Rarely,1128.522358994745,Research & Development,6.121202768120506,3.734849653984937,Technical Degree,3.4696993079698735,Female,36.50755588225608,1.5303006920301265,3.5303006920301265,Research Director,3.734849653984937,Married,12824.799914307754,23284.586901784416,1.0,No,11.265150346015064,3.0,3.265150346015063,0.0,16.38635311413557,1.4696993079698735,2.265150346015063,16.121202768120504,9.856052422105442,10.59090207609038,8.0,3583.951503053996,0.9884717240863016,0.6006984148198447,0.5163323956332335,0.6531876758187687,1
24.680863339903937,Travel_Rarely,1257.4867430824206,Human Resources,18.355642391277613,3.0,Medical,1.9939157114697417,Female,71.25220948626323,2.0,1.0,Research Scientist,1.6686947628434194,Married,2775.8667226278194,19130.929296439575,1.0,No,12.993915711469741,3.0,1.0,0.0,1.0,2.0,3.0,1.0,0.0,0.0,0.0,2775.8667226278194,1.0,0.0,0.0,0.0,1
26.227140140877143,Travel_Frequently,358.00875070210856,Research & Development,6.509143943649143,3.0,Marketing,2.7545719718245714,Female,57.73628408452629,3.0,1.0,Sales Representative,2.7545719718245714,Single,2384.6486873946837,22510.523400027327,0.3772859859122857,Yes,15.868142042263143,3.0,1.3772859859122857,0.0,3.2454280281754286,3.0,3.0,2.6227140140877143,2.0,0.6227140140877143,2.0,2384.6486873946837,0.8443214964780714,0.7924286619707619,0.7924286619707619,0.2075713380292381,1
29.198090698349947,Travel_Rarely,1395.2720762677209,Sales,14.08114558099003,4.0,Medical,1.6396181396699896,Male,45.63961813966999,3.0,1.6396181396699896,Sales Executive,1.3603818603300104,Divorced,3562.689739786181,12473.498803360468,2.0,No,15.55847255867996,3.0,3.36038186033001,0.3603818603300104,7.558472558679958,2.0,1.7207637206600208,3.0,1.3603818603300104,0.6396181396699896,2.0,2208.937947174648,0.4294351627546694,0.45346062011000343,0.6666666666666666,0.2132060465566632,1
28.528367320376223,Non-Travel,859.8241070795793,Research & Development,23.471632679623777,1.471632679623778,Life Sciences,3.056734640752444,Male,57.734082349842005,2.0,3.0,Sales Executive,1.0,Married,7989.682893958557,11724.657786791167,1.0,No,12.528367320376223,3.0,1.0,0.528367320376222,10.528367320376223,2.528367320376222,1.471632679623778,10.528367320376223,7.528367320376222,2.056734640752444,9.528367320376223,2663.227631319519,1.0,0.7144100178284424,0.9048033392761474,0.19126344624680197,1
36.2130975461321,Travel_Rarely,579.4114851623408,Research & Development,10.786902453867905,3.1311504089779842,Medical,1.0,Male,62.18035368080186,3.0,3.0,Sales Executive,3.0,Divorced,9800.519178258544,22104.661889539617,5.475398364088063,No,11.262300817955968,3.0,1.8688495910220158,2.1311504089779842,16.08194713715411,4.606548773066048,3.0,1.0,0.0,0.0,0.0,3266.8397260861816,0.0642238403696817,0.0,0.0,0.0,1
32.72144017999231,Travel_Rarely,736.3883427739248,Research & Development,24.54339677077574,3.8675815246159764,Marketing,1.0,Female,64.32418475384023,3.0,2.1324184753840236,Healthcare Representative,4.0,Married,5929.640020381679,20148.070672311835,1.0,No,11.0,3.0,3.1324184753840236,0.13241847538402363,10.0,3.7351630492319527,3.0,10.0,7.0,0.0,7.602744573847929,2788.7475774218833,1.0,0.7,0.7602744573847929,0.0,1
43.67611854810124,Travel_Rarely,1124.9617653472592,Sales,11.079604839662517,3.7840790320674964,Life Sciences,2.892039516033748,Male,93.19302741687746,3.0,1.0,Research Scientist,2.892039516033748,Single,2958.0239387291153,12002.985196200076,1.0,Yes,12.18756532362877,3.107960483966252,3.107960483966252,0.0,5.784079032067496,4.107960483966251,2.892039516033748,5.784079032067496,3.892039516033748,0.0,2.0,2958.0239387291153,1.0,0.6756633736638543,0.35132674732770863,0.0,1
29.583645013471155,Travel_Rarely,384.58096704816603,Human Resources,12.562266239896633,2.7081774932644223,Medical,1.0,Male,53.3735974393798,1.8540887466322111,1.0,Human Resources,1.437733760103367,Divorced,2491.5627748636375,3674.6931269489155,4.437733760103367,No,14.708177493264422,3.0,3.562266239896633,3.0,4.5836450134711555,2.854088746632211,3.0,2.2918225067355777,2.145911253367789,1.8540887466322111,0.43773376010336706,2491.5627748636375,0.5,0.9635221866580528,0.10943344002584177,0.8905665599741582,1
28.875125004474278,Travel_Rarely,575.7536602061358,Sales,11.035821432406522,3.8393035720677537,Life Sciences,2.1606964279322463,Male,72.2323392927453,2.3213928558644925,1.0,Sales Representative,1.0,Married,1963.5791431332696,12698.321882046985,1.0,Yes,18.48208928379674,3.1606964279322463,3.0,1.1606964279322463,1.0,2.0,3.8393035720677537,0.8393035720677537,0.0,0.0,0.0,1963.5791431332696,0.8393035720677537,0.0,0.0,0.0,1
30.521263136401615,Travel_Frequently,110.56378940920484,Sales,6.911298166805919,3.0,Marketing,1.826245621199462,Female,61.563789409204844,3.0,1.173754378800538,Sales Executive,1.826245621199462,Single,2926.2352072791614,25860.875924222022,0.8687718940026903,No,16.652491242398924,3.0,1.347508757601076,0.0,4.3475087576010765,3.0,3.0,3.0,2.0,0.826245621199462,2.0,2463.701050912129,0.7065614052998654,0.6666666666666666,0.6666666666666666,0.2754152070664873,1
46.0,Travel_Rarely,378.60774253466843,Sales,19.697195198508204,2.1184368001356177,Medical,3.8815631998643823,Female,65.76312639972876,3.0,2.1184368001356177,Sales Executive,2.0,Married,8735.079878181385,11217.326219629773,4.118436800135617,No,21.88156319986438,4.0,3.8815631998643823,1.2368736002712355,13.118436800135617,2.0,3.8815631998643823,8.881563199864383,7.0,2.6446895995931468,7.0,4223.165479725374,0.6779911560275627,0.7892924666798518,0.7892924666798518,0.29385439995479407,1
25.844098710746028,Travel_Rarely,330.9462453544303,Research & Development,24.94656647939672,2.1559012892539724,Medical,1.8440987107460276,Male,80.87081547104766,1.3118025785079448,1.8440987107460276,Sales Executive,1.0,Married,4822.764590679774,19877.173691333424,7.532296132238082,No,17.220493553730137,3.0,3.8440987107460276,0.1559012892539724,6.844098710746028,5.844098710746028,3.0,2.0,2.0,1.6881974214920552,2.0,2725.6013438312684,0.2931381566311415,1.0,1.0,0.8440987107460276,1
29.309171624500078,Travel_Rarely,942.8417117044876,Research & Development,1.0,3.0,Life Sciences,3.1030572081666925,Male,82.62968421216607,2.8969427918333075,1.0,Research Scientist,3.0,Single,2230.31165205471,18707.259277614066,0.0,Yes,14.0,3.0,4.0,0.0,6.690828375499922,1.1030572081666927,1.8969427918333073,5.690828375499922,2.0,1.0,4.690828375499922,2230.31165205471,0.8461010134107114,0.3676857360555642,0.8161571319722178,0.1838428680277821,1
50.79836351993998,Travel_Rarely,942.5208642516305,Research & Development,10.767855104288095,3.240327296012004,Life Sciences,1.759672703987996,Male,69.76785510428809,3.0,3.0,Manager,2.0,Married,9263.83378832885,18826.472683128763,7.077381631903968,Yes,17.317708927915973,3.0,3.240327296012004,0.24032729601200398,10.0,2.0,2.0,8.480654592024008,7.0,7.480654592024008,7.480654592024008,3087.9445961096167,0.8480654592024008,0.8329427231978993,0.8810081824003001,0.8810081824003001,1
29.0,Travel_Rarely,341.8019634524308,Sales,2.069284603241101,3.0,Human Resources,1.910892949729908,Male,48.71285640216073,2.0,1.0,Human Resources,2.821785899459816,Divorced,2758.565221624407,21707.33492124958,5.821785899459816,Yes,18.643571798919634,3.0,3.089107050270092,3.0,4.9108929497299085,3.0,3.0,2.910892949729908,2.0,0.1782141005401836,1.8217858994598164,2758.565221624407,0.5910892949729908,0.6963690167566972,0.6072619664866055,0.0891070502700918,1
32.192096042704826,Travel_Rarely,1167.3107395847828,Research & Development,12.403951978647587,4.0,Medical,2.3973653475682757,Male,48.38419208540965,3.0,2.0,Manufacturing Director,1.0,Divorced,4229.026346524317,10216.588966927422,1.8013173262158622,No,16.602634652431725,3.0,2.8013173262158624,0.0,9.198682673784138,2.3973653475682757,1.0,4.390778716488965,1.3973653475682757,0.8013173262158622,3.1920960427048275,2114.5131732621585,0.4657884491894252,0.32671057754052873,0.6931576898378851,0.26710577540528735,1
54.159918860462724,Travel_Frequently,294.2278759468233,Research & Development,8.577212405317669,2.175245822813074,Technical Degree,4.0,Female,74.10294987375688,3.0,1.0,Laboratory Technician,2.912377088593463,Divorced,2311.2235370841277,4800.366211069029,7.386639620154241,Yes,11.700983291252296,3.0,3.7371312657803886,1.0,13.649508354373852,3.912377088593463,1.087622911406537,10.0,8.38663962015424,8.824754177186925,8.0,2311.2235370841277,0.7393208318304392,0.838663962015424,0.8,0.8824754177186926,1
28.564677765276528,Travel_Rarely,1022.175814523119,Research & Development,3.8233888263826383,3.1882259217588427,Medical,1.0,Male,49.70564804397107,2.1882259217588427,1.3764518435176851,Sales Executive,2.1882259217588427,Divorced,3643.4772545879587,9388.971365468213,1.1882259217588427,No,14.623548156482315,3.0,1.0,2.1882259217588427,2.694033295829583,2.0,3.0,1.0,0.0,0.0,0.0,2619.402756272016,0.8305966704170417,0.0,0.0,0.0,1
31.701665071883596,Travel_Rarely,356.39893643143085,Sales,6.483811346418749,3.0,Other,4.0,Female,34.278214627453515,2.9072617908488283,1.0,Sales Representative,2.9072617908488283,Single,2783.3011073196444,9223.912352693484,1.0,Yes,13.0,3.0,2.0,0.0,1.0,2.0927382091511717,3.0927382091511717,1.0,0.0,0.0,0.0,2783.3011073196444,1.0,0.0,0.0,0.0,1
35.06314815065075,Travel_Rarely,171.34711646682644,Sales,18.652619050836673,3.2947354500929635,Marketing,1.884206350278891,Female,65.46317459888444,2.7052645499070365,2.2947354500929635,Sales Executive,1.2947354500929635,Single,6435.152646850473,23774.21290673804,4.115793649721109,No,14.115793649721109,3.0,3.0,0.0,6.884206350278891,2.7052645499070365,3.0,3.589470900185927,2.589470900185927,0.29473545009296365,1.4105290998140727,2770.8556262343345,0.5163741916718313,0.7059647266790618,0.47017636660469087,0.058947090018592746,1
29.412402044700475,Travel_Frequently,387.173696742626,Research & Development,25.82480408940095,4.381396932949288,Medical,3.0,Male,71.0,2.0,1.0,Research Scientist,2.0,Married,2738.3855538527714,16929.175603415624,3.968994888248814,No,14.968994888248814,3.0,2.0,0.0,6.0,2.0,4.0,2.6186030670507114,2.4124020447004746,1.0,1.6186030670507114,2738.3855538527714,0.43643384450845196,0.9587597955299526,0.5618603067050711,0.43813969329492886,1
36.97161206719717,Travel_Frequently,361.63159962575367,Sales,2.9013487455992277,3.0,Marketing,1.3662170848002573,Male,58.92973667840206,2.6337829151997427,2.0,Sales Executive,1.6337829151997427,Married,9486.471933443292,8007.07064587091,1.0,No,15.436480406398198,3.0,3.3662170848002573,0.3662170848002574,8.732434169600515,4.633782915199743,3.0,8.732434169600515,7.366217084800257,6.633782915199743,7.0,4743.235966721646,1.0,0.8475337186399807,0.810912010159955,0.7742903016799292,1
24.0,Travel_Rarely,1392.191650143088,Research & Development,3.079814280381809,1.6932714267939364,Technical Degree,1.0,Female,59.573550006221225,3.0,1.0,Laboratory Technician,2.346635713396968,Married,3092.463114566558,19266.85489265006,1.0,Yes,16.0,3.0,2.6932714267939364,0.3466357133969682,6.0,4.0,3.0,5.346635713396968,3.0,1.0,3.3067285732060636,3092.463114566558,0.8911059522328281,0.5653364286603032,0.6382366670814148,0.18844547622010105,1
24.81220704848828,Travel_Rarely,1440.419400880776,Sales,1.270735682829427,1.0,Marketing,1.5414713656588537,Male,68.22692070507682,3.0,1.0,Sales Representative,1.729264317170573,Single,3158.4115550644624,20448.841048401646,0.7292643171705732,No,14.646321585852865,3.0,2.0,0.27073568282942684,5.729264317170573,3.729264317170573,3.0,4.729264317170573,3.0,0.7292643171705732,3.458528634341146,3158.4115550644624,0.8243088105723525,0.640610352424414,0.718779295151172,0.14585286343411463,1
25.545599720583382,Travel_Rarely,796.4812361145978,Human Resources,18.181600419124926,2.1363999301458456,Human Resources,2.7272001397083083,Male,38.72799860291691,2.0,1.0,Sales Representative,1.8636000698541542,Married,2402.360805448624,16664.568692588826,1.4091997904375377,Yes,17.590800209562463,3.0,3.1363999301458456,3.0,1.4091997904375377,2.1363999301458456,3.0,1.1363999301458458,0.2727998602916917,0.2727998602916917,0.0,2402.360805448624,0.9318000349270771,0.13639993014584584,0.0,0.13639993014584584,1
21.195084892583413,Travel_Rarely,632.7603222454911,Sales,8.203276738277726,3.0,Marketing,3.601638369138863,Female,71.92627338875117,3.0,1.0,Sales Representative,4.0,Single,2303.878641718665,20351.26016054126,1.0,Yes,16.78853141602796,3.398361630861137,2.0,0.3983616308611372,2.398361630861137,2.601638369138863,3.0,2.398361630861137,2.0,0.0,2.0,2303.878641718665,1.0,0.8672127897129542,0.8672127897129542,0.0,1
28.804855779461686,Non-Travel,594.9481632757058,Sales,23.195144220538314,1.1951442205383151,Life Sciences,3.6097115589233697,Female,50.268893954534505,2.0,3.0,Sales Executive,1.0,Married,7606.469889666105,11394.80705510221,1.0,No,12.804855779461684,3.0,1.0,0.804855779461685,10.804855779461684,2.804855779461685,1.1951442205383151,10.804855779461684,7.804855779461685,2.6097115589233697,9.804855779461684,2535.489963222035,1.0,0.7219506121671369,0.907316870722379,0.23902054372520012,1
25.58753050673101,Travel_Rarely,411.76232034925073,Research & Development,12.17506101346202,3.287503389636779,Life Sciences,2.424993220726442,Male,95.54995932435865,3.0,1.0,Sales Representative,4.0,Single,2424.501762611125,23065.46347764415,1.0,Yes,21.862510168910337,4.0,2.287503389636779,0.7124966103632211,2.424993220726442,2.0,2.424993220726442,2.424993220726442,1.4249932207264422,0.0,1.712496610363221,2424.501762611125,1.0,0.47499774024214736,0.7625011298789263,0.0,1
29.367798835524617,Travel_Frequently,170.2422593882446,Research & Development,18.83899417762308,3.0,Life Sciences,1.0,Male,49.42245262006961,3.0,1.0,Research Scientist,2.6838994177623077,Married,2117.7754737993037,12140.697458289447,4.316100582237692,Yes,11.474150873356539,3.0,2.0,0.15805029111884605,6.841949708881154,2.0,3.0,4.683899417762308,2.0,0.15805029111884605,1.1580502911188462,2117.7754737993037,0.6804177947602473,0.442146744298359,0.2737568025221282,0.05268343037294868,1
38.515852592390715,Travel_Rarely,493.03921971655944,Sales,12.098872820233298,3.0,Medical,1.3498121367055496,Male,58.43471099749264,2.8833959544314833,3.0,Manufacturing Director,2.7667919088629667,Divorced,10141.982860728225,21874.89157918129,5.766791908862967,Yes,11.233208091137033,3.0,2.0,1.8833959544314833,17.34981213670555,4.766791908862967,3.0,1.2332080911370331,0.2332080911370331,0.2332080911370331,0.0,3380.660953576075,0.0694550747430118,0.07773603037901103,0.0,0.07773603037901103,1
25.762777408709667,Travel_Rarely,1429.7849701054831,Research & Development,14.932498339193504,3.881388704354834,Life Sciences,1.0,Female,46.186112956451666,3.0,1.0,Laboratory Technician,2.118611295645166,Married,2433.84759466597,14178.576664452257,1.8813887043548339,Yes,13.3558338869355,3.0,4.0,1.0,5.118611295645167,2.2372225912903323,3.0,3.355833886935499,2.118611295645166,0.11861129564516626,2.0,2433.84759466597,0.6474445182580665,0.6468981173924723,0.6271295681182778,0.019768549274194386,1
44.0,Travel_Rarely,1054.2092124998044,Research & Development,8.151015354929816,3.735859336418545,Life Sciences,2.4717186728370906,Male,94.15101535492981,3.0,1.0,Research Scientist,2.4717186728370906,Single,2784.383259104245,11841.09257014353,1.7924219907443641,Yes,11.264140663581454,3.0,3.0,0.0,7.056562654325819,4.0,3.264140663581455,5.207578009255636,3.4717186728370906,0.2641406635814547,2.0,2784.383259104245,0.8151015354929817,0.6666666666666666,0.42138022119381824,0.0880468878604849,1
28.790627551430866,Travel_Rarely,979.3008354679059,Research & Development,8.139832906418812,2.697656887857717,Medical,4.0,Female,82.25548086929662,3.0,1.0,Human Resources,1.302343112142283,Single,2503.107355919578,8051.994032058814,3.488284439288585,Yes,11.0,3.0,3.0,0.0,7.395313775715434,4.395313775715434,3.0,5.0,1.697656887857717,0.30234311214228304,4.0,2503.107355919578,0.6879881483629756,0.3395313775715434,0.8,0.06046862242845661,1
54.596229453479154,Travel_Rarely,439.72426700079257,Research & Development,18.667928395337107,3.6905663139526506,Life Sciences,3.6905663139526506,Female,90.28679576743181,2.381132627905301,3.3094336860473494,Healthcare Representative,3.6905663139526506,Married,11123.953992188244,9869.967867494086,2.8566021162840967,No,11.690566313952651,3.0,3.6905663139526506,0.6905663139526506,35.35849470928976,3.0,1.6905663139526506,34.73962733719506,8.452831569763253,14.690566313952651,7.237734744189398,3374.4151505037057,0.9752453051162121,0.23990977110715164,0.23812133233087562,0.44731330706541317,1
36.16025991351126,Travel_Rarely,742.9119017391158,Research & Development,1.5943228447873232,2.5943228447873232,Life Sciences,1.0,Male,45.88645689574646,1.5943228447873232,1.4056771552126768,Sales Executive,1.4056771552126768,Single,4899.136732451959,15138.821200659386,3.622708620850707,No,19.754582758298586,3.5943228447873232,2.0,0.0,10.594322844787323,2.0,3.5943228447873232,0.5943228447873232,0.0,0.0,0.0,3533.0189122732695,0.0540293495261203,0.0,0.0,0.0,1
44.141566569749735,Travel_Frequently,1156.0785484000005,Research & Development,26.26484520348205,2.0,Life Sciences,1.3470309593035903,Male,80.68954491273126,2.0,2.0,Manufacturing Director,1.6940619186071806,Married,4850.35452558346,20206.865690543204,3.0,No,17.570783284874867,3.6529690406964095,1.0,0.0,15.835628488356917,1.6529690406964097,3.0,2.9589071220892293,1.9589071220892291,0.6529690406964097,2.3059380813928194,2425.17726279173,0.17397267805223074,0.4897267805223073,0.8367577398258976,0.16324226017410243,1
29.61772550983052,Travel_Rarely,449.387609158645,Research & Development,23.455686225423694,4.382274490169478,Technical Degree,2.691137245084739,Female,71.0,1.691137245084739,1.308862754915261,Sales Executive,2.308862754915261,Married,3167.7407256444203,20303.901553890213,4.382274490169478,Yes,14.455686225423696,3.0,2.308862754915261,0.30886275491526094,5.382274490169478,2.0,3.691137245084739,2.0,2.0,1.308862754915261,1.308862754915261,2463.688075815083,0.38481045915254347,1.0,0.6544313774576305,0.6544313774576305,1
26.89568146207792,Travel_Rarely,808.1862046957402,Research & Development,3.0,3.0,Technical Degree,2.137408877246753,Male,89.86259112275324,3.0,1.0,Laboratory Technician,1.0,Married,3510.066734220987,9077.52551437091,5.0,Yes,12.241727415168832,3.0,3.0,0.6208637075844157,6.758272584831168,5.0,3.0,3.137408877246753,2.0,0.0,2.7582725848311687,3510.066734220987,0.44391475195454544,0.7725182245506494,0.9241727415168831,0.0,1
27.379807327280265,Travel_Frequently,316.6502693130391,Research & Development,12.86057801815921,3.655048168179934,Medical,2.0,Female,58.68990366364013,3.0,1.0,Laboratory Technician,2.655048168179934,Divorced,2630.960365649399,23814.224493419133,0.0,No,13.069710990920395,3.0,1.655048168179934,0.655048168179934,6.620192672719736,2.344951831820066,2.344951831820066,5.620192672719736,5.27524084089967,1.0,0.6899036636401319,2630.960365649399,0.8318810210224917,0.885016056059978,0.22996788788004396,0.20856225368001255,1
26.170895586321716,Travel_Frequently,413.6955177848364,Research & Development,17.213619482902146,3.957276103419571,Life Sciences,1.957276103419571,Female,57.57276103419571,3.0,1.0,Research Scientist,3.0,Married,2714.9811469825186,22326.544409435144,0.17089558632171675,Yes,11.0,3.0,2.0,0.9572761034195708,7.957276103419571,2.0,2.042723896580429,6.914552206839142,6.786380517097854,0.9572761034195708,0.04272389658042919,2714.9811469825186,0.8681336594781454,0.9743656620517425,0.008544779316085839,0.13675372905993868,1
45.484631067817624,Travel_Rarely,699.7361731483691,Research & Development,28.37628074434853,2.2474385113029376,Medical,3.2474385113029376,Male,50.664703074804464,2.376280744348531,2.623719255651469,Sales Executive,1.0,Divorced,9280.770207878792,14617.299145568484,5.128842233045594,Yes,15.257684466091188,3.0,2.0,0.6237192556514688,18.871157766954408,2.623719255651469,3.0,2.2474385113029376,1.2474385113029376,1.2474385113029376,0.0,3512.0769704658883,0.11569204977998686,0.41581283710097916,0.0,0.41581283710097916,1
43.146583325430015,Travel_Rarely,1091.3918332813973,Research & Development,9.573291662715008,3.939041666102144,Technical Degree,3.060958333897856,Female,95.51233332881715,3.0,1.0,Research Scientist,2.8780833322042882,Single,2918.992624842498,10687.624582051867,1.243833335591424,Yes,11.0,3.0,3.0,0.0,6.121916667795712,4.060958333897856,3.0,5.939041666102144,3.8780833322042882,0.0,2.1219166677957118,2918.992624842498,0.977140624788304,0.6504111109605717,0.3617805558189994,0.0,1
46.0,Travel_Rarely,516.4497432181579,Research & Development,13.486772258289474,2.0,Medical,3.3738976881907896,Male,64.74779537638157,2.3738976881907896,2.6261023118092104,Sales Executive,3.2522046236184208,Single,9359.888902083783,12566.285766722565,2.1216930645723684,No,18.24338612914474,3.3738976881907896,4.0,0.3738976881907895,10.495590752763158,2.6261023118092104,3.3738976881907896,9.0,7.626102311809211,3.6261023118092104,7.0,3676.1980948264254,0.884954557479757,0.8473447013121345,0.7777777777777778,0.40290025686769004,1
32.398778152930994,Travel_Rarely,946.3688701750666,Sales,7.057299172470981,3.867073949023001,Life Sciences,3.867073949023001,Male,38.912154650803956,1.2658521019539983,2.867073949023001,Sales Executive,4.0,Single,9790.268204168504,24174.35105196337,1.0,No,11.930482356838993,3.0,3.132926050976999,0.0,13.468295796092004,2.0,2.132926050976999,13.468295796092004,7.867073949023001,8.734147898046002,7.867073949023001,3392.2059237777175,1.0,0.5885190636970428,0.5885190636970428,0.6504529171986857,1
27.63204545151782,Travel_Rarely,377.90499993339205,Research & Development,14.512348461636615,4.088030301011879,Life Sciences,2.0880303010118793,Male,64.61621210708316,2.4559848494940604,1.0,Research Scientist,1.5440151505059396,Married,2316.1836358549936,16953.020754594545,5.45598484949406,No,15.08803030101188,3.0,2.0,0.45598484949406026,6.0,2.0,3.5440151505059396,2.4559848494940604,2.0,1.0,1.4559848494940604,2316.1836358549936,0.40933080824901,0.8480050501686466,0.5759974749156767,0.4240025250843233,1
24.906638737956015,Travel_Frequently,1360.4377377744372,Research & Development,11.079874320802062,3.453319368978007,Medical,1.0,Male,50.46680631021993,3.0,1.0,Laboratory Technician,2.546680631021993,Married,2653.4471637142824,14173.439832427735,1.4533193689780068,Yes,14.64004189306598,3.0,4.0,1.0,5.546680631021993,3.0933612620439863,3.0,4.6400418930659795,2.546680631021993,0.5466806310219932,2.0,2653.4471637142824,0.8186722524087973,0.5755532281630011,0.4844397896593356,0.09111343850366552,1
46.48507047955758,Travel_Frequently,882.6758161275361,Research & Development,9.034124618154099,3.497867211365369,Technical Degree,3.497867211365369,Male,59.40829008871086,2.497867211365369,1.4978672113653688,Sales Executive,3.0,Single,3577.6137812380603,16415.451039711974,6.0127967318077875,Yes,15.004265577269262,3.0,4.0,0.5021327886346312,5.502132788634631,4.0,3.0,0.5021327886346312,0.0,0.0,0.0,2400.655693570328,0.08368879810577186,0.0,0.0,0.0,1
30.31458734053095,Travel_Rarely,363.2352481073832,Sales,8.069043039393204,3.0,Other,4.0,Male,34.57544556988623,2.8081848100379245,1.0,Sales Representative,2.8081848100379245,Single,2710.974911327685,9302.876706399775,1.0,Yes,13.0,3.0,2.0,0.0,1.0,2.1918151899620755,3.1918151899620755,1.0,0.0,0.0,0.0,2710.974911327685,1.0,0.0,0.0,0.0,1
24.77380410004547,Travel_Rarely,823.4913440727628,Research & Development,3.9047835998181153,3.0,Life Sciences,1.0,Male,82.85694760163696,3.0,1.0,Laboratory Technician,1.4523917999090576,Married,3772.0056945520646,10475.406834583011,4.095216400181885,Yes,13.678587699863586,3.0,3.226195899954529,1.0,6.0,4.773804100045471,3.0,2.9047835998181153,2.226195899954529,0.22619589995452882,2.0,3772.0056945520646,0.4841305999696859,0.8869020500227356,0.8492027333636474,0.037699316659088135,1
31.12247013786904,Travel_Rarely,242.19978969379287,Research & Development,3.877529862130959,2.6258432873769864,Medical,1.6258432873769864,Female,52.14270903491671,3.0,1.0,Laboratory Technician,1.6258432873769864,Single,2528.634663097559,24147.555299581374,2.619096988361095,No,18.12247013786904,3.3741567126230136,1.0,0.0,7.367410413607123,3.0,3.3741567126230136,5.244940275738082,3.870783563115068,1.0,3.870783563115068,2528.634663097559,0.7284140358102107,0.7082396347358904,0.7082396347358904,0.2501873971948858,1
24.0,Travel_Rarely,1319.1392979313134,Sales,5.802262188895151,2.6007540629650503,Technical Degree,1.0,Female,56.397360779622325,3.0,1.0,Sales Representative,2.800377031482525,Single,2949.0808580515222,15725.857646310375,1.0,Yes,16.0,3.0,3.6007540629650503,0.8003770314825251,6.0,4.0,3.0,5.800377031482525,3.0,1.0,2.3992459370349497,2949.0808580515222,0.9667295052470876,0.5199622968517474,0.42649071864148824,0.17332076561724916,1
42.614470583495205,Travel_Rarely,809.7262437309982,Research & Development,16.807235291747602,3.0,Technical Degree,3.027537815464628,Male,39.48704203508992,2.0,1.0,Research Scientist,2.9449243690707436,Married,2436.0912520896673,15473.874654071307,8.917386553606114,Yes,16.110151261858512,3.027537815464628,3.972462184535372,0.9724621845353718,5.917386553606115,4.027537815464628,3.0,0.9724621845353718,0.0,0.0,0.0,2436.0912520896673,0.1620770307558953,0.0,0.0,0.0,1
37.16483850421617,Travel_Rarely,1147.4287016644307,Research & Development,13.967093075891066,1.8351614957838298,Medical,1.1648385042161702,Male,62.483546537945536,1.3296770084323406,2.0,Healthcare Representative,1.8351614957838298,Married,5089.533803993859,13882.869009233436,5.32967700843234,Yes,15.65935401686468,3.0,1.1648385042161702,0.0,15.329677008432341,2.0,1.3296770084323406,1.0,0.0,0.0,0.0,2544.7669019969294,0.0653738156532065,0.0,0.0,0.0,1
35.65640917623227,Travel_Rarely,946.7992964097618,Sales,5.305860420082954,3.4776558319668185,Medical,3.7388279159834092,Male,40.357506688530904,1.2611720840165908,3.0,Sales Executive,4.0,Single,10196.024602383042,22621.52182165333,1.0,No,12.305860420082954,3.0,3.2611720840165908,0.0,12.694139579917046,2.2611720840165908,2.2611720840165908,12.694139579917046,8.0,7.694139579917046,7.738827915983409,3398.674867461014,1.0,0.654340344132251,0.6253212236859631,0.5910372849173431,1
33.821922029485215,Travel_Rarely,1028.4960398437765,Sales,4.643844058970433,2.0,Life Sciences,1.0,Male,43.838378959220165,1.0,2.0,Sales Executive,2.0,Single,6021.53533325359,12961.39914717989,5.635615594102957,No,15.0,3.0,1.6356155941029566,0.0,11.821922029485217,2.0,2.2712311882059133,0.36438440589704324,0.0,0.0,0.0,3010.767666626795,0.02429229372646955,0.0,0.0,0.0,1
20.13751113361,Non-Travel,182.1621622804966,Research & Development,10.850014844813336,2.425007422406668,Life Sciences,3.0,Female,87.12503711203334,3.712503711203334,1.0,Sales Representative,2.287496288796666,Single,2482.5530134971073,22010.56903713876,1.0,No,14.137511133610001,3.0,4.0,0.0,0.7125037112033339,0.0,3.0,0.7125037112033339,0.0,0.0,0.0,2482.5530134971073,0.7125037112033339,0.0,0.0,0.0,1
33.21985881667387,Travel_Rarely,664.6471996212314,Sales,17.22517647915766,2.445035295831532,Medical,1.445035295831532,Female,64.34042354997838,1.0,2.0,Sales Executive,3.554964704168468,Married,5047.92390437242,23295.144945786822,4.664894112505404,Yes,12.664894112505404,3.0,3.554964704168468,1.554964704168468,5.664894112505404,2.0,2.445035295831532,2.0,2.0,2.0,2.0,2523.96195218621,0.3810789919638997,1.0,1.0,1.0,1
26.40788133194039,Travel_Rarely,1163.865202338989,Sales,8.407881331940391,3.0815762663880784,Technical Degree,3.8368474672238433,Male,38.65261013110463,2.0815762663880784,2.0,Sales Executive,1.0,Divorced,5236.83714083783,3753.156298446487,5.673694934447687,No,17.0,3.0,3.0,0.0,6.2447287991642355,2.0,1.9184237336119216,3.9184237336119216,2.8368474672238433,1.0,2.0,2618.418570418915,0.6394745778706405,0.7160098890049673,0.5135960443980131,0.25679802219900655,1
37.74115410142856,Travel_Rarely,1170.6815476514282,Sales,27.792052473333285,1.0431409830952398,Life Sciences,1.9568590169047602,Male,68.44692460857136,2.9137180338095203,2.0,Healthcare Representative,1.0431409830952398,Single,6675.674740951905,11388.210799594524,6.95685901690476,No,18.82743606761904,3.0,2.0,0.0,16.69801311833332,2.0,3.0,0.9568590169047602,0.0,0.0,0.0,3337.8373704759524,0.05628582452380942,0.0,0.0,0.0,1
27.795036004092992,Travel_Frequently,215.29863641339216,Research & Development,15.807445993860512,2.8074459938605125,Life Sciences,3.6024819979535043,Female,64.11809406753436,3.0,1.7950360040929916,Healthcare Representative,3.3975180020464957,Single,4444.795372557872,24587.42797637009,0.6024819979535042,Yes,12.602481997953504,3.0,2.8074459938605125,0.0,8.397518002046496,1.6024819979535043,3.0,8.0,3.987590010232479,7.0,7.0,2443.159726253083,0.9558313331059449,0.49844875127905985,0.875,0.875,1
37.028125679894515,Travel_Rarely,378.9908423396132,Research & Development,9.971874320105485,3.990624773368495,Life Sciences,3.9718743201054854,Male,58.140628399472575,3.0,1.990624773368495,Laboratory Technician,1.0,Single,4193.808911085309,4976.502750378122,1.0187504532630098,No,14.990624773368495,3.0,2.0,0.0,10.0,3.990624773368495,1.0,9.94374864021097,2.990624773368495,0.0,7.953123866842476,2107.0578259845747,0.9943748640210971,0.30187504532630094,0.7995312386684248,0.0,1
34.793683387046165,Travel_Rarely,971.134228025269,Research & Development,18.833162218007626,3.0,Human Resources,2.1984208467615414,Male,50.53999217693858,3.0,2.8015791532384586,Manufacturing Director,1.1984208467615416,Married,8939.045785749946,10763.127114565219,8.007895766192291,Yes,14.206316612953835,3.0,2.603158306476917,2.8015791532384586,10.206316612953835,2.0,3.0,3.396841693523083,2.0,0.1984208467615416,2.396841693523083,3140.237463754529,0.36034167259600536,0.6137544408635889,0.6931227795682056,0.03968416935230832,1
41.485969503767805,Travel_Rarely,932.8328061880992,Research & Development,12.0,3.0,Life Sciences,2.485969503767805,Female,46.570152481160974,3.0,4.514030496232195,Research Director,2.0280609924643898,Single,16732.69448169571,9557.583854379951,0.5140304962321948,Yes,12.0,3.0,3.0280609924643898,0.0,22.514030496232195,0.9719390075356105,2.514030496232195,21.514030496232195,12.08418297739317,14.02806099246439,10.91581702260683,3680.8373179810155,0.955561325091368,0.5587479828120493,0.5108998496266076,0.6513136025773455,1
30.117587167448335,Travel_Rarely,351.561848043859,Research & Development,27.235174334896673,3.323619248827496,Medical,3.0,Female,71.0,2.0,1.0,Research Scientist,2.0,Married,3067.354413614649,14585.14025540173,2.2060320813791594,No,13.20603208137916,3.0,2.0,0.0,6.0,2.0,4.0,3.676380751172504,3.1175871674483364,1.0,2.676380751172504,3067.354413614649,0.6127301251954174,0.8882412832551664,0.6676380751172505,0.33236192488274957,1
38.24981436491652,Travel_Rarely,292.26007492225835,Sales,3.249949372249958,3.0,Life Sciences,1.2500168759166805,Male,58.00013500733345,2.7499831240833195,2.0,Sales Executive,1.7499831240833195,Single,9444.756058454088,8499.178530492858,1.0,No,16.249881868583238,3.0,3.2500168759166805,0.25001687591668065,8.500033751833362,4.749983124083319,3.0,8.500033751833362,7.250016875916681,6.749983124083319,7.0,4722.378029227044,1.0,0.8562487343062489,0.8312470467145809,0.8062453591229128,1
26.557239762331164,Travel_Rarely,869.5645150948162,Research & Development,17.337754376119307,1.4446549702913956,Medical,3.5553450297086044,Male,83.2175906535893,2.0,1.0,Laboratory Technician,2.5553450297086044,Single,3762.225965151388,16613.45249541667,0.5553450297086043,Yes,11.0,3.0,1.4446549702913956,0.0,5.444654970291396,2.0,3.4446549702913956,5.0,4.0,1.0,2.889309940582791,3762.225965151388,0.9258908382847674,0.8,0.5778619881165583,0.2,1
33.30124807832952,Travel_Rarely,787.0302613471849,Sales,10.542485907749832,2.0,Life Sciences,1.433749359443174,Male,40.939989751090785,1.433749359443174,2.0,Sales Executive,2.433749359443174,Single,6379.759274616041,13600.060354134634,4.698751921670477,No,14.132501281113651,3.0,1.566250640556826,0.0,9.132501281113651,1.566250640556826,3.0,0.43374935944317417,0.0,0.0,0.43374935944317417,3189.8796373080204,0.05421866993039677,0.0,0.43374935944317417,0.0,1
40.76334068218792,Travel_Rarely,1127.7482635192148,Research & Development,9.51450110232819,3.838167034109396,Life Sciences,2.676334068218792,Female,89.36484839848524,3.0,1.0,Research Scientist,3.0,Married,2927.9083517054696,11366.845772006398,1.0,Yes,11.80916482945302,3.0,3.161832965890604,0.1618329658906038,6.0,4.0,3.0,6.0,3.838167034109396,0.1618329658906038,2.0,2927.9083517054696,1.0,0.6396945056848993,0.3333333333333333,0.0269721609817673,1
22.218871815644942,Travel_Frequently,1370.4075899720945,Research & Development,4.036478635940823,1.1094359078224705,Technical Degree,3.0,Male,97.21254683889964,2.0364786359408233,1.0,Laboratory Technician,3.0,Single,3877.475177918807,9203.781203678689,4.854085456236707,No,15.890564092177529,3.0,3.0,0.0,3.9270427281183533,3.0,2.9635213640591767,2.0,2.0,1.0364786359408233,2.0,3877.475177918807,0.5182393179704117,1.0,1.0,0.5182393179704117,1
31.236711105145005,Non-Travel,538.9003375534521,Research & Development,3.047342221029001,2.6508859263236664,Life Sciences,1.0,Male,70.26633479970067,2.6508859263236664,1.0,Research Scientist,1.0,Divorced,2064.6924147889617,17073.06732247682,6.0,Yes,15.047342221029002,3.0,1.6508859263236664,1.0,5.650885926323666,2.0,2.3017718526473328,2.3017718526473328,1.3017718526473328,0.6508859263236664,1.3017718526473328,2064.6924147889617,0.39526577789709993,0.43392395088244423,0.43392395088244423,0.21696197544122212,1
43.74779691074757,Travel_Frequently,885.7956109503856,Research & Development,4.515094662809253,1.8383648876030845,Life Sciences,1.4849053371907468,Male,88.8578657289172,2.0,1.0,Laboratory Technician,1.4849053371907468,Divorced,2151.126385684358,19176.26300844971,6.484905337190747,No,16.515094662809254,3.0,1.4849053371907468,1.0,4.676729775206169,2.1616351123969153,1.1616351123969155,1.0,0.0,0.0,0.0,2151.126385684358,0.22155134831958873,0.0,0.0,0.0,1
26.0,Travel_Rarely,1334.2113555411945,Research & Development,20.823052288185107,3.0353895423629784,Medical,1.0,Male,37.28311633890383,3.0,1.0,Laboratory Technician,2.9646104576370216,Divorced,2376.858441830548,19189.222106509053,1.0353895423629784,No,19.75227320345915,3.9646104576370216,3.0353895423629784,1.0,1.1415581694519141,0.07077908472595706,2.0353895423629784,1.070779084725957,1.0353895423629784,0.0,0.07077908472595706,2376.858441830548,0.9858441830548086,0.9882034858790072,0.023593028241985687,0.0,1
47.433195961476585,Travel_Rarely,697.5366659954952,Sales,26.920659384912398,3.9133608077046835,Life Sciences,1.0866391922953167,Male,85.9206593849124,3.0,3.0,Manager,2.0,Single,11554.166828619038,11244.077140399038,1.6931135383625335,Yes,12.606474346067216,3.0,3.9133608077046835,0.9133608077046833,10.0,2.0,2.0,9.826721615409367,7.0,8.826721615409367,8.826721615409367,3851.388942873012,0.9826721615409366,0.7151618586516804,0.8978340201926172,0.8978340201926172,1
32.106375366850486,Travel_Rarely,618.5242962071584,Sales,18.985822580387058,3.0,Life Sciences,1.9078020527624597,Female,72.29077126132556,1.0,2.0,Sales Executive,3.0,Single,4631.559784475944,23377.46360521287,3.4609897361877016,Yes,11.184395894475081,3.0,2.9078020527624595,0.9078020527624597,4.276593841712621,2.0,2.9078020527624595,2.1843958944750805,2.0921979472375405,1.9078020527624597,2.0921979472375405,2315.779892237972,0.5065855676598243,0.9769505131906149,0.9769505131906149,0.9308515395718449,1
24.501273864924684,Travel_Rarely,878.8834333423296,Research & Development,14.005944702981854,3.0,Life Sciences,1.999150756716878,Male,67.97367345822322,3.0,1.0,Sales Representative,3.499575378358439,Divorced,2326.0433114074394,22235.566917993856,1.0,No,20.49957537835844,4.0,2.500424621641561,1.0,1.999150756716878,0.999150756716878,2.499575378358439,1.999150756716878,1.499575378358439,0.0,0.999150756716878,2326.0433114074394,1.0,0.8334748738805203,0.33305025223895934,0.0,1
22.2541920651828,Travel_Rarely,287.0630708116024,Research & Development,10.275485910373652,3.0,Life Sciences,3.0,Male,89.21612995926075,3.84322599185215,1.0,Research Scientist,2.15677400814785,Single,2612.842702638715,24533.87524384243,0.8432259918521502,No,14.843225991852151,3.0,4.0,0.0,1.9406440488870988,0.1567740081478498,2.84322599185215,1.7838700407392492,0.3135480162956996,0.1567740081478498,0.783870040739249,2612.842702638715,0.9776037131217358,0.052258002715949936,0.13064500678987484,0.026129001357974968,1
44.6019583521063,Travel_Rarely,1199.7128533312696,Research & Development,10.19902082394685,3.0,Life Sciences,2.600326392017717,Female,68.81077093658465,1.7993472159645665,4.399673607982283,Sales Executive,3.0,Married,15577.44287515491,21012.97327466768,4.6019583521063,No,11.399673607982283,3.0,3.399673607982283,0.0,24.200652784035434,1.8009791760531502,1.7993472159645665,22.600326392017717,8.996736079822831,14.399673607982283,9.200652784035434,3503.7796853880413,0.9345967752480486,0.4030104701103489,0.4063473322384146,0.6379207974216294,1
36.38780486931891,Travel_Rarely,633.3603643935886,Research & Development,4.821341478691898,3.403048782670271,Life Sciences,3.403048782670271,Male,85.83658539204325,3.0,2.0,Manufacturing Director,1.596951217329729,Married,5052.896952291103,7070.594509041458,4.0,No,13.418292696021627,3.0,1.8060975653405422,1.596951217329729,8.612195130681084,2.403048782670271,2.596951217329729,5.806097565340542,1.596951217329729,0.5969512173297289,5.2091463480108136,2526.4484761455515,0.6828793156360827,0.296358884456216,0.8806097565340543,0.11939024346594579,1
31.32610453685676,Travel_Frequently,194.53374262726115,Research & Development,5.0,2.336947731571619,Medical,1.3369477315716192,Female,51.38032051043105,3.663052268428381,1.0,Laboratory Technician,2.663052268428381,Single,2428.6305226842837,18824.61504246584,1.989156805285143,Yes,15.010843194714857,3.0,1.0,0.0,6.652209073713523,2.336947731571619,3.0,3.663052268428381,1.3369477315716192,0.33694773157161906,2.663052268428381,2428.6305226842837,0.5842369328929048,0.39039488815484125,0.7219210223690318,0.11231591052387302,1
32.407655792845716,Travel_Rarely,1059.2679527496,Research & Development,4.3623607047517465,3.9547049119060316,Medical,3.909409823812063,Male,32.77001649759746,1.0905901761879366,3.090590176187937,Sales Executive,3.9547049119060316,Married,10814.22358061934,25380.247220288293,1.0,No,11.045295088093969,3.0,3.0452950880939684,0.0,14.407655792845715,1.9094098238120634,2.0452950880939684,14.362360704751747,8.317065616657779,9.27177052856381,8.0,3486.7021939668984,0.9980306483437406,0.5764286785558277,0.5620166050713832,0.6446218865491157,1
37.00071001162245,Travel_Rarely,1345.4960949360766,Sales,12.998579976755096,3.0,Marketing,1.0,Male,70.00071001162246,3.499881664729591,1.4998816647295912,Laboratory Technician,2.499644994188774,Single,3734.6286639214577,3995.344625789953,5.499408323647956,Yes,13.50011833527041,3.0,2.0,0.0,9.50011833527041,3.0,1.4998816647295912,4.499881664729592,2.0,0.0,3.499881664729591,2408.9424890585815,0.47775937006904756,0.4500118335270409,0.7749940832364796,0.0,1
26.91554532418654,Travel_Rarely,476.6165772085986,Research & Development,16.607623432491483,3.8692078108304946,Medical,2.1307921891695054,Female,58.0,3.0,1.0,Human Resources,3.1307921891695054,Divorced,2701.108382303301,22721.807947337296,0.6539609458475271,Yes,11.26158437833901,3.0,2.1307921891695054,1.0,8.0,2.0,1.8692078108304946,6.738415621660989,6.607623432491484,0.8692078108304946,0.5231687566780217,2701.108382303301,0.8423019527076236,0.973841562166099,0.10463375133560437,0.12417254440435636,1
41.926724194142494,Travel_Rarely,897.0886709786057,Human Resources,3.8885467739389297,3.2961822579796434,Human Resources,1.5923645159592865,Male,81.29926129252928,3.0,1.0,Human Resources,1.0,Divorced,2276.403327443883,17328.420494399215,4.0,No,14.961822579796433,3.2961822579796434,3.2961822579796434,0.0,9.11145322606107,3.7038177420203566,3.7038177420203566,3.0,2.0,0.7038177420203567,2.0,2276.403327443883,0.3380805760259541,0.6666666666666666,0.6666666666666666,0.23460591400678557,1
28.68285767530779,Travel_Rarely,410.96881156381403,Research & Development,16.82999440926819,3.0,Life Sciences,3.341428837653896,Female,62.97429583084804,2.341428837653896,1.0,Research Scientist,2.3171423246922083,Single,2242.7587388843003,11447.785973861743,5.0,Yes,12.975713487038313,3.0,2.341428837653896,0.0,6.682857675307792,4.341428837653896,3.0,4.341428837653896,2.0,0.0,3.341428837653896,2242.7587388843003,0.6524404650977543,0.4658571162346104,0.7670714418826948,0.0,1
25.495916399592854,Travel_Frequently,1365.1616318787267,Sales,4.75612540061072,3.0,Life Sciences,1.0,Female,68.8372266962339,3.0,1.0,Laboratory Technician,3.0,Married,2894.601519297659,14758.51299873928,1.7479581997964269,Yes,15.626020900101787,3.0,4.0,1.0,5.6260209001017865,3.6260209001017865,3.3739790998982135,4.87806270030536,2.6260209001017865,1.0,2.0,2894.601519297659,0.8504083600407146,0.5623298499830356,0.45799303329940444,0.22899651664970222,1
22.516738965727445,Travel_Rarely,1284.0775964524066,Research & Development,8.483261034272555,1.3221740228483705,Medical,4.0,Male,93.80543505712093,2.0,1.0,Research Scientist,2.6778259771516293,Single,3765.2501411318067,20213.72791659871,1.0,Yes,11.644348045696741,3.0,1.0,0.0,4.355651954303259,2.0,3.0,4.355651954303259,3.355651954303259,0.8389129885758148,1.6778259771516295,3765.2501411318067,1.0,0.6711303908606518,0.3355651954303259,0.16778259771516296,1
46.0,Travel_Rarely,582.5715397249273,Research & Development,11.542013537502136,2.0,Medical,3.2118344614585115,Female,64.42366892291702,2.2118344614585115,2.7881655385414885,Healthcare Representative,3.576331077082977,Single,9472.19871820925,13012.60789314326,1.635503384375534,No,17.271006768751068,3.2118344614585115,4.0,0.21183446145851137,9.847337845834046,2.7881655385414885,3.2118344614585115,9.0,7.788165538541489,3.7881655385414885,7.0,3472.5386398995292,0.9348201657050734,0.8653517265046098,0.7777777777777778,0.42090728206016537,1
43.85379509119398,Travel_Frequently,825.5395505516407,Sales,15.048468362985192,3.1219707273134256,Technical Degree,3.1219707273134256,Male,43.2447412744773,2.1219707273134256,1.1219707273134256,Research Scientist,3.0,Single,2716.434936275058,15789.95929024954,8.268175636119448,Yes,15.756058545373149,3.0,4.0,0.8780292726865745,5.878029272686574,4.0,3.0,0.8780292726865745,0.0,0.0,0.0,2428.09613690612,0.14633821211442907,0.0,0.0,0.0,1
47.57998524069025,Travel_Rarely,390.0348782356946,Sales,16.504929893278696,3.0,Marketing,2.184988930517689,Male,46.86504796775668,2.605003689827437,3.0,Sales Executive,2.815011069482311,Divorced,10395.407203110803,16222.997786103539,4.0,Yes,11.789992620345126,3.0,1.394996310172563,1.0,24.840029518619495,1.789992620345126,3.605003689827437,5.420014759309748,5.025018449137185,3.210007379654874,1.8150110694823112,3465.1357343702675,0.2105003689827437,0.8683345632758124,0.25928729564033015,0.6090472676354821,1
52.424020981805725,Travel_Rarely,626.5341955647075,Sales,15.903299431389108,3.4930928165277932,Life Sciences,3.4930928165277932,Female,87.91711379833352,1.9861856330555867,3.5069071834722068,Sales Executive,3.4930928165277932,Married,11642.12444943107,13957.471790691205,4.04144310083324,No,11.493092816527794,3.0,3.4930928165277932,0.49309281652779335,32.3963922479169,3.0,1.4930928165277932,31.382577880972487,7.465464082638967,14.493092816527794,8.027628733888827,3334.262206027318,0.9594474253222235,0.23347041793025414,0.2943583500757806,0.49346200483317876,1
31.603092894962064,Travel_Rarely,387.83687300749443,Research & Development,13.234384442658216,1.1531231114683567,Medical,3.0,Male,80.93753777063286,2.8468768885316433,3.0,Healthcare Representative,4.0,Single,7869.352348293625,21500.748877554357,0.15312311146835678,Yes,12.612492445873427,3.0,1.4593693344050704,0.0,9.0,1.3062462229367136,3.0,8.153123111468357,7.153123111468357,6.54063066559493,7.0,2623.117449431208,0.9059025679409285,0.877126709881505,0.8601130308294653,0.8090719936733464,1
27.996228343902803,Travel_Rarely,438.72764177357135,Research & Development,24.3327047239838,3.3327047239838006,Technical Degree,2.334590552032399,Male,72.98679920365981,1.665409447967601,1.0,Laboratory Technician,4.0,Single,2491.3806494126293,21483.93354945619,1.0,Yes,19.996228343902803,3.3327047239838006,2.3327047239838006,0.0,1.0,2.6672952760161994,1.0,1.0,0.0,0.0,0.33270472398380047,2491.3806494126293,1.0,0.0,0.33270472398380047,0.0,1
18.266605707049177,Travel_Rarely,321.9162036808189,Sales,11.732479898688487,1.0,Medical,3.2666057070491776,Male,72.00182878852468,3.0,1.0,Sales Representative,3.0,Single,1842.9472930857382,17092.25809830029,1.0,No,13.866239949344244,3.0,4.0,0.0,0.0,0.5332114140983553,2.7333942929508224,0.0,0.0,0.0,0.0,1842.9472930857382,0.0,0.0,0.0,0.0,1
19.04114932873648,Travel_Rarely,307.197231531121,Research & Development,1.9917701342527039,3.0,Medical,2.0,Male,47.115218120462146,2.008229865747296,1.0,Research Scientist,4.0,Married,1111.8017701050296,9189.802005186071,1.0082298657472961,Yes,21.950620805516223,3.991770134252704,2.9835402685054078,0.008229865747296117,1.0411493287364806,2.991770134252704,2.0,1.0082298657472961,0.0,1.0082298657472961,0.0,1111.8017701050296,0.994513422835136,0.0,0.0,1.0,1
42.48653730112639,Travel_Rarely,774.1170973065965,Sales,18.443957370141266,3.0,Life Sciences,3.0,Male,62.075140760987,3.0,2.534752664366171,Sales Executive,4.0,Single,6797.479655098121,9410.767665557385,1.0,No,18.0,3.0,2.3957420069014876,1.0695053287323417,9.46524733563383,2.534752664366171,3.534752664366171,9.46524733563383,7.534752664366171,7.0,7.0,2716.5736787059486,1.0,0.8010088366024989,0.7415918738951466,0.7415918738951466,1
32.95597556478961,Travel_Rarely,1042.5285228256218,Research & Development,19.783018326407788,3.0,Marketing,1.0,Female,62.04088393275067,3.7389938911974037,1.7389938911974034,Sales Executive,3.7389938911974037,Single,4476.088622878164,6449.549071323482,6.955975564789614,Yes,12.477987782394807,3.0,2.0,0.0,8.477987782394807,2.7389938911974037,2.2610061088025963,5.0,2.0,0.0,3.21698167359221,2516.2768234226496,0.5969850966353328,0.4,0.6433963347184422,0.0,1
18.0,Travel_Frequently,990.8251766809808,Sales,4.172769492601,2.5863847463005,Marketing,2.0,Male,69.4136152536995,3.0,1.0,Sales Representative,2.8272305073990003,Single,1750.1928866068545,12344.467643580523,1.0,Yes,13.172769492600999,3.0,3.5863847463005,0.0,0.0,2.5863847463005,3.4136152536995,0.0,0.0,0.0,0.0,1750.1928866068545,0.0,0.0,0.0,0.0,1
24.934898307508043,Travel_Rarely,1163.6211271513587,Research & Development,7.298826269368966,3.4112415256256705,Life Sciences,4.0,Male,96.76627542312299,2.4112415256256705,1.0,Research Scientist,1.4112415256256705,Single,2103.631478569816,20979.735514040032,1.0,No,13.76627542312299,3.0,1.0,0.0,1.0,2.0,3.0,1.0,0.0,0.0,0.0,2103.631478569816,1.0,0.0,0.0,0.0,1
24.697516142434637,Travel_Rarely,629.5627655497451,Research & Development,23.046274213651955,1.6975161424346377,Human Resources,2.9537257863480435,Male,54.51241928782681,1.0,1.0,Laboratory Technician,3.0,Single,1812.3834565583813,11226.825460859814,1.0,No,11.348758071217318,3.0,3.0,0.6512419287826812,1.0,2.0,2.651241928782681,1.0,0.0,0.0,0.34875807121731883,1812.3834565583813,1.0,0.0,0.34875807121731883,0.0,1
36.934990117199945,Travel_Rarely,969.4653877634507,Research & Development,16.816149284861513,1.3026915474769187,Medical,2.6053830949538375,Male,59.02691547476918,3.0,2.6973084525230813,Healthcare Representative,2.6973084525230813,Married,12192.192791618114,20448.81855041049,6.091925357569244,Yes,15.026915474769186,3.3026915474769187,4.0,0.3026915474769186,14.394616905046163,2.0,4.0,7.6053830949538375,6.302691547476918,5.789233810092325,7.0,4514.3683893358675,0.5349662978922278,0.8331197184542127,0.9327352116717958,0.7982056350153875,1
40.910524772680716,Travel_Frequently,414.0675364012901,Research & Development,1.1716375126288492,2.171637512628849,Life Sciences,2.6567249747423016,Male,91.79122446958833,3.0,1.0,Research Scientist,1.8283624873711508,Divorced,2290.508746211345,11822.145978723125,1.8581875631442464,Yes,12.343275025257698,3.0,2.828362487371151,2.6567249747423016,6.0,2.0,2.171637512628849,4.656724974742302,2.828362487371151,1.8283624873711508,2.828362487371151,2290.508746211345,0.7761208291237169,0.6114425008419233,0.6114425008419233,0.38855749915807675,1
43.85864130903813,Travel_Rarely,713.4862023465696,Research & Development,1.0,2.0,Life Sciences,1.0,Male,81.43456523615251,1.741165081814883,2.741165081814883,Laboratory Technician,2.741165081814883,Single,5731.462479222649,17444.10683973097,8.22349524544465,Yes,13.517669836370235,3.0,3.482330163629766,0.0,19.635146063593478,2.0,3.0,0.7411650818148828,0.0,0.0,0.0,2201.0296887370105,0.03222456877456012,0.0,0.0,0.0,1
21.0,Travel_Rarely,1255.6906710590401,Research & Development,9.764365108502629,2.8429100723350853,Marketing,2.9214550361675427,Female,35.60727518083771,2.0785449638324573,1.0,Sales Representative,1.0785449638324573,Single,1515.2022893203934,16261.185864002286,1.0,No,13.0,3.0,1.0785449638324573,0.0,1.0,5.764365108502628,2.0785449638324573,1.0,0.0,1.0,0.0,1515.2022893203934,1.0,0.0,0.0,1.0,1
49.29124264031286,Travel_Rarely,847.6415597600675,Sales,2.6537671726033296,3.8818737733854762,Medical,1.8818737733854765,Female,91.519349241095,3.0,2.1181262266145238,Healthcare Representative,3.1181262266145238,Married,6875.657783268154,14233.737279209387,6.291242640312859,No,11.881873773385477,3.0,4.0,1.8818737733854765,11.763747546770952,2.8818737733854762,3.0,6.472504906458094,3.472504906458094,0.0,1.4725049064580942,3280.7603856456326,0.5590631133072618,0.5236252453229047,0.2060420755381745,0.0,1
47.67519920544779,Travel_Rarely,1276.6259362088651,Sales,16.01279880817168,3.467519920544779,Life Sciences,1.0,Female,76.1171215096492,1.9350398410895577,2.467519920544779,Sales Executive,2.0649601589104423,Single,7731.286634619462,7784.422369693736,7.064960158910442,No,13.0,3.0,2.0,0.0,10.740159364358231,2.0,2.0,3.0649601589104423,2.532480079455221,1.4675199205447789,2.532480079455221,3051.5352956677557,0.3666103205232397,0.8668799801361947,0.8668799801361947,0.6006399404085841,1
30.28294314569992,Travel_Frequently,484.63344501704165,Research & Development,5.509698990050273,3.1792642135750198,Life Sciences,4.0,Female,36.22675584435035,3.0,1.0,Research Scientist,3.0,Single,3781.0434790582167,8014.662197202295,1.0,No,12.179264213575019,3.0,1.5377926407250584,0.0,7.17926421357502,2.0,1.358528427150039,7.17926421357502,2.0,7.0,7.0,3781.0434790582167,1.0,0.27931199237232074,0.9775919733031225,0.9775919733031225,1
30.027397236939855,Travel_Frequently,906.1780692646789,Research & Development,7.321917959890952,3.0547944738797073,Other,3.0,Female,92.21917789551883,3.5136986184699266,3.0,Manufacturing Director,2.9726027630601464,Single,7498.034247823718,15738.733040039495,0.5136986184699268,Yes,11.486301381530073,3.0,1.0,0.0,9.513698618469927,1.5136986184699268,3.0,9.027397236939853,7.513698618469927,5.458904144590219,7.0,2499.3447492745727,0.9459665131633251,0.8364726036147555,0.7851027417677627,0.6309931562267848,1
56.22642133206723,Travel_Rarely,370.4912724792266,Research & Development,2.0933462456806717,2.9066537543193283,Technical Degree,4.0,Male,50.06653754319328,3.0,1.093346245680672,Research Scientist,3.0,Married,2736.542291832974,25438.317570244002,4.0,No,23.439922525915968,3.9066537543193283,1.0,0.0,7.46673122840336,3.9066537543193283,2.9066537543193283,1.0,0.0,0.0,0.0,2492.0684743952943,0.1373008187094838,0.0,0.0,0.0,1
42.21114503710953,Non-Travel,1242.6285955329913,Sales,24.884458014843812,3.0,Marketing,2.442229007421906,Female,86.51201527363187,3.557770992578094,3.778885496289047,Sales Executive,1.778885496289047,Single,12676.59206131637,16963.759465700186,4.0,Yes,15.336656488867142,3.0,3.557770992578094,0.22111450371095287,21.557770992578096,2.221114503710953,2.221114503710953,1.4422290074219057,0.44222900742190574,0.44222900742190574,0.0,3369.1460839356496,0.06857106175159962,0.14740966914063525,0.0,0.14740966914063525,1
51.82111110037182,Travel_Frequently,791.7100740926888,Research & Development,8.178888899628173,1.8238518532837564,Life Sciences,3.588074073358122,Male,49.17340739380431,2.0,1.0,Laboratory Technician,3.588074073358122,Divorced,2403.479777818587,14291.472816392057,9.0,Yes,14.823851853283756,3.0,4.0,1.0,4.235777779925635,3.411925926641878,2.411925926641878,1.0,0.0,0.0,0.0,2403.479777818587,0.2646790122263536,0.0,0.0,0.0,1
31.2706231485119,Travel_Rarely,1070.7910978284724,Sales,16.631454013194432,3.9097922838293666,Human Resources,1.0902077161706332,Male,67.56439166339291,3.0,3.0,Sales Executive,2.8195845676587337,Divorced,8322.381604229264,18328.23856792154,2.631454013194432,No,13.180415432341267,3.0,1.1804154323412663,3.0,10.090207716170633,2.0,3.0,1.1804154323412663,0.18041543234126634,0.0,0.18041543234126634,2774.1272014097544,0.11558133279310936,0.06013847744708878,0.06013847744708878,0.0,1
31.16986752415444,Travel_Rarely,512.7857646256216,Research & Development,2.0,4.0,Marketing,3.0,Male,74.52880771738997,2.20753311896139,1.7924668810386102,Research Scientist,2.20753311896139,Single,8760.379517738322,24149.685036750845,6.79246688103861,Yes,13.037665594806949,3.0,3.20753311896139,0.0,6.58493376207722,3.0,2.0,2.0,2.0,2.0,1.7924668810386102,4834.8948225135655,0.30943235645273026,1.0,0.8962334405193051,1.0,1
27.982904174307535,Travel_Rarely,804.991557890163,Sales,22.643872232410047,2.6609680581025117,Technical Degree,3.3390319418974883,Male,53.13676660553972,3.6609680581025117,1.0,Human Resources,1.3390319418974883,Single,1449.356762585645,9369.613122058727,0.6609680581025118,Yes,14.96580834861507,3.0,3.6609680581025117,0.0,2.695159709487441,3.0,3.0,2.356127767589953,0.3390319418974882,0.3390319418974882,1.3561277675899528,1449.356762585645,0.9434946763504186,0.06780638837949764,0.27122555351799055,0.06780638837949764,1
30.958238096570845,Travel_Frequently,528.4297524310639,Research & Development,2.9916476193141697,2.6694507935619436,Life Sciences,1.0,Male,69.56086984464615,2.6694507935619436,1.0,Research Scientist,1.0,Married,2063.4856984184735,16981.226924249066,6.0,No,14.99164761931417,3.0,1.6694507935619436,1.0,5.669450793561944,2.0,2.338901587123887,2.338901587123887,1.338901587123887,0.6694507935619435,1.338901587123887,2063.4856984184735,0.400835238068583,0.44630052904129563,0.44630052904129563,0.22315026452064782,1
26.232936940753756,Travel_Frequently,1454.4740181077134,Research & Development,14.252972944346821,3.8835315296231214,Technical Degree,1.0,Male,50.47401810771329,3.0,1.0,Laboratory Technician,2.1164684703768786,Married,2435.427100122007,14362.506093080568,2.1164684703768786,No,13.232936940753756,3.0,4.0,1.0,5.0,2.1164684703768786,3.1164684703768786,3.0,2.0,0.11646847037687857,2.0,2435.427100122007,0.6,0.6666666666666666,0.6666666666666666,0.03882282345895954,1
22.52996661978674,Travel_Frequently,644.1359750581734,Research & Development,9.73501669010663,3.0,Medical,2.7350166901066295,Female,92.30757510547983,2.6324916549466852,1.0,Laboratory Technician,1.0,Single,2961.785226629504,17467.308156633084,1.6324916549466852,Yes,12.470033380213259,3.0,2.2649833098933705,0.0,2.8974749648400557,2.0,2.3675083450533148,0.36750834505331476,0.0,0.0,0.0,2961.785226629504,0.36750834505331476,0.0,0.0,0.0,1
28.0,Travel_Rarely,1138.7920532354096,Research & Development,3.3720149994599793,4.0,Technical Degree,3.0,Male,47.82935333261331,3.0,1.0,Research Scientist,3.0,Single,3951.64462850272,13998.12735926847,3.713308334233368,Yes,15.170646667386695,3.0,3.5426616668466737,0.0,3.6279850005400207,3.0,2.0,2.0,2.0,2.0,1.4573383331533263,3951.64462850272,0.6744029998919958,1.0,0.7286691665766631,1.0,1
51.86251719042425,Travel_Rarely,736.2680570297846,Research & Development,5.905670878820931,3.4420470173112956,Life Sciences,3.4420470173112956,Male,59.45560211712393,1.884094034622591,4.442047017311295,Sales Executive,2.5579529826887044,Single,15725.316679234274,24869.94908664614,7.0,Yes,11.442047017311296,3.0,3.4420470173112956,0.0,31.630705259669433,2.5579529826887044,1.884094034622591,26.536376138490365,9.420470173112955,13.557952982688704,9.11590596537741,3505.947325049909,0.8559031824898622,0.33518784472531016,0.35666490297163644,0.5249981103267534,1
40.354766444601786,Travel_Frequently,1136.9984010678033,Sales,2.753678828254221,2.246321171745779,Medical,4.0,Male,45.92642343491558,3.0,2.0,Sales Executive,3.0,Married,5175.188101204826,17713.094371244988,3.8768394141271108,Yes,17.507357656508443,3.0,1.3694817576186684,0.0,11.137875898889774,3.1231605858728892,2.1231605858728892,0.8768394141271105,0.0,0.0,0.0,2587.594050602413,0.0730699511772592,0.0,0.0,0.0,1
20.834769352061826,Travel_Rarely,410.08381127488116,Sales,3.167580496766617,3.0,Life Sciences,2.0,Male,54.0054829805997,2.1667972138238025,1.0,Sales Representative,4.0,Single,1098.4972585097003,10371.551515297733,1.0,No,20.498825075585778,3.8332027861761975,3.0,0.0,1.0,3.0,2.0,1.0,0.0,0.8332027861761976,0.0,1098.4972585097003,1.0,0.0,0.0,0.8332027861761976,1
27.71336700466108,Travel_Rarely,857.5468519870828,Research & Development,2.7691203685910146,3.0,Technical Degree,3.0,Female,85.80414562208682,3.160829124417365,1.0,Sales Representative,2.839170875582635,Single,2163.825563866626,20668.09698982437,0.16082912441736497,No,14.160829124417365,3.0,4.0,0.0,6.03502525349581,0.839170875582635,2.160829124417365,5.195854377913175,1.67834175116527,0.839170875582635,4.195854377913175,2163.825563866626,0.8801184463453378,0.2797236251942117,0.6993090629855292,0.13986181259710584,1
