CustomerID,recency_days,tenure_days,product_diversity,total_units,gross_spend,avg_unit_price,country,weekend_purchase_share,evening_purchase_share,frequency,avg_order_value,max_order_value,avg_basket_units,avg_products_per_order,return_count,return_value_rate,spend_first_half,spend_second_half,spend_trend_ratio,customer_segment
12346,225,0,1,74215,77183.6,1.04,United Kingdom,0.0,0.0,1,77183.6,77183.6,74215.0,1.0,1.0,0.5,77183.6,0.0,1.2955952353189625e-05,Future_Inactive
12347,29,237,82,1590,2790.86,2.797661290322581,Iceland,0.0,0.0,5,558.172,711.79,318.0,24.8,0.0,0.0,1823.43,967.4300000000001,0.5308123633134733,Future_High
12348,148,109,22,2124,1487.24,4.864642857142857,Finland,0.0,0.6071428571428571,3,495.74666666666667,892.8,708.0,8.0,0.0,0.0,1487.24,0.0,0.0006719346341987852,Future_Low
12350,210,0,17,197,334.4,3.841176470588235,Norway,0.0,0.0,1,334.4,334.4,197.0,17.0,0.0,0.0,334.4,0.0,0.0029815146094215863,Future_Inactive
12352,162,34,26,254,1561.81,27.449473684210524,Norway,0.0,0.0,5,312.36199999999997,840.3,50.8,7.2,10.0,0.3808336372718479,1561.81,0.0,0.0006398730491870413,Future_Mid
12353,104,0,4,20,89.0,6.074999999999999,Bahrain,0.0,0.0,1,89.0,89.0,20.0,4.0,0.0,0.0,0.0,89.0,90.0,Future_Inactive
12354,132,0,58,530,1079.4,4.5037931034482765,Spain,0.0,0.0,1,1079.4,1079.4,530.0,58.0,0.0,0.0,0.0,1079.4,1080.4,Future_Inactive
12355,114,0,13,240,459.4,4.203846153846154,Bahrain,0.0,0.0,1,459.4,459.4,240.0,13.0,0.0,0.0,0.0,459.4,460.4,Future_Inactive
12356,145,80,53,1586,2753.08,2.897719298245614,Portugal,0.0,0.0,2,1376.54,2271.62,793.0,28.5,0.0,0.0,2753.08,0.0,0.00036309765874629644,Future_Low
12358,50,0,12,100,484.86,7.719166666666666,Austria,0.0,0.0,1,484.86,484.86,100.0,12.0,0.0,0.0,0.0,484.86,485.86,Future_Mid
12359,89,141,135,965,3495.73,9.321608391608391,Cyprus,0.0,0.0,3,1165.243333333333,1838.9099999999999,321.6666666666667,47.666666666666664,2.0,0.010137249294215254,2386.41,1109.32,0.4650730289309335,Future_High
12360,12,88,63,674,1618.28,3.610133333333333,Austria,0.0,0.0,2,809.14,1083.58,337.0,37.5,0.0,0.0,0.0,1618.28,1619.28,Future_High
12361,187,0,10,91,189.9,3.335,Belgium,0.0,0.0,1,189.9,189.9,91.0,10.0,0.0,0.0,189.9,0.0,0.005238344683080147,Future_Inactive
12362,20,175,89,988,1747.35,2.97,Belgium,0.0,0.0,4,436.8375,495.24,247.0,26.25,5.0,0.012880264384374207,479.1,1268.25,2.643720058321183,Future_High
12363,9,132,23,408,552.0,2.3117391304347827,Unspecified,0.0,0.0,2,276.0,299.1,204.0,11.5,0.0,0.0,299.1,252.9,0.846051316227924,Future_Inactive
12364,12,0,34,555,623.92,2.041764705882353,Belgium,0.0,0.0,1,623.92,623.92,555.0,34.0,0.0,0.0,0.0,623.92,624.92,Future_Mid
12365,191,0,22,174,641.38,17.150454545454547,Cyprus,0.0,0.0,2,320.69,320.69,87.0,11.0,1.0,0.33333333333333337,641.38,0.0,0.0015567109810392602,Future_Inactive
12370,174,85,125,1972,2802.66,2.7595652173913043,Cyprus,0.0,0.0,3,934.2199999999999,1587.07,657.3333333333334,46.0,0.0,0.0,2802.66,0.0,0.00035667662983386003,Future_Mid
12372,112,83,32,592,914.9200000000001,2.9382051282051282,Denmark,0.0,0.0,2,457.46000000000004,515.7,296.0,19.5,0.0,0.0,399.22,515.7,1.2910399280395783,Future_Mid
12373,211,0,14,197,364.6,4.582142857142857,Austria,0.0,0.0,1,364.6,364.6,197.0,14.0,0.0,0.0,364.6,0.0,0.002735229759299781,Future_Inactive
12377,215,39,72,944,1628.12,2.718831168831169,Switzerland,0.0,0.0,2,814.06,1001.52,472.0,38.5,0.0,0.0,1628.12,0.0,0.0006138283244942055,Future_Inactive
12378,29,0,219,2529,4008.62,2.9974429223744297,Switzerland,0.0,0.0,1,4008.62,4008.62,2529.0,219.0,0.0,0.0,0.0,4008.62,4009.62,Future_Inactive
12379,70,0,20,211,459.84,3.1945,Belgium,0.0,0.0,1,459.84,459.84,211.0,20.0,1.0,0.00422269862924706,0.0,459.84,460.84,Future_Mid
12380,85,0,36,293,607.5500000000001,2.6244444444444444,Belgium,0.0,0.0,1,607.5500000000001,607.5500000000001,293.0,36.0,0.0,0.0,0.0,607.5500000000001,608.5500000000001,Future_High
12381,19,0,62,568,1268.74,3.956774193548387,Norway,0.0,0.0,1,1268.74,1268.74,568.0,62.0,4.0,0.0315627170652398,0.0,1268.74,1269.74,Future_Mid
12383,84,167,84,1532,1850.56,3.086969696969697,Belgium,0.0,0.0,5,370.11199999999997,651.16,306.4,19.8,1.0,0.00604250702273594,1751.11,99.45,0.05733087534458453,Future_Inactive
12384,21,0,14,62,292.69,7.795,Switzerland,0.0,0.0,1,292.69,292.69,62.0,14.0,0.0,0.0,0.0,292.69,293.69,Future_Low
12386,237,29,10,354,401.9,2.391,Australia,0.0,0.0,2,200.95,258.9,177.0,5.0,0.0,0.0,401.9,0.0,0.002482005460412013,Future_Inactive
12388,48,178,50,760,1668.3400000000001,2.8971428571428572,Australia,0.0,0.0,4,417.08500000000004,902.09,190.0,17.5,0.0,0.0,766.25,902.09,1.1770478983382209,Future_High
12393,145,86,33,522,1061.1000000000001,2.332051282051282,Australia,0.0,0.0,3,353.7,462.5,174.0,13.0,0.0,0.0,1061.1000000000001,0.0,0.000941530929291027,Future_Mid
12394,117,0,21,182,381.08,3.0152380952380953,Belgium,0.0,0.0,1,381.08,381.08,182.0,21.0,0.0,0.0,0.0,381.08,382.08,Future_Mid
12395,12,258,65,1629,1899.57,3.9976041666666666,Belgium,0.0,0.0,8,237.44625,346.1,203.625,12.0,2.0,0.00928354986257217,1237.93,661.64,0.5348486193731687,Future_High
12397,35,0,70,704,1214.81,3.5355714285714286,Belgium,0.0,0.0,1,1214.81,1214.81,704.0,70.0,0.0,0.0,0.0,1214.81,1215.81,Future_High
12399,19,142,47,1178,1108.65,2.1145762711864404,Belgium,0.0,0.0,4,277.1625,480.90000000000003,294.5,14.75,0.0,0.0,288.05,820.6,2.8424148071267945,Future_Inactive
12401,203,0,5,11,84.3,9.68,Belgium,0.0,0.0,1,84.3,84.3,11.0,5.0,0.0,0.0,84.3,0.0,0.011723329425556858,Future_Inactive
12402,223,0,11,94,225.6,3.290909090909091,Belgium,0.0,0.0,1,225.6,225.6,94.0,11.0,0.0,0.0,225.6,0.0,0.0044130626654898504,Future_Inactive
12405,48,0,54,857,1710.39,3.5442592592592597,Finland,0.0,0.0,1,1710.39,1710.39,857.0,54.0,0.0,0.0,0.0,1710.39,1711.39,Future_Inactive
12406,83,0,48,793,1621.25,3.043673469387755,Denmark,0.0,0.0,1,1621.25,1621.25,793.0,48.0,3.0,0.07663173482173369,0.0,1621.25,1622.25,Future_High
12407,34,130,50,1237,1407.3600000000001,3.0053125,Belgium,0.234375,0.0,4,351.84,719.06,309.25,16.0,0.0,0.0,226.3,1181.06,5.200439947206335,Future_Low
12408,75,84,58,734,1491.77,3.071076923076923,Belgium,0.0,0.0,3,497.25666666666666,762.89,244.66666666666666,21.666666666666668,7.0,0.020344770973567558,837.59,654.18,0.7812876375821318,Future_High
12409,82,0,64,3142,6207.08,3.71109375,Switzerland,0.0,0.0,1,6207.08,6207.08,3142.0,64.0,1.0,0.0007968409682503144,0.0,6207.08,6208.08,Future_High
12410,208,0,26,211,693.3299999999999,6.335384615384616,Switzerland,0.0,0.0,2,346.66499999999996,625.3299999999999,105.5,13.0,2.0,0.017361603220045922,693.3299999999999,0.0,0.001440237351115464,Future_Inactive
12412,37,31,34,599,890.74,2.512,Denmark,0.0,0.0,2,445.37,514.5,299.5,22.5,0.0,0.0,0.0,890.74,891.74,Future_Low
12413,136,100,25,205,563.9,5.079642857142857,France,0.14285714285714285,0.0,2,281.95,479.25,102.5,14.0,2.0,0.10185553874333042,479.25,84.65,0.17834461218115566,Future_Low
12414,117,93,16,300,562.41,8.57,Austria,0.0,0.0,3,187.47,242.8,100.0,6.0,0.0,0.0,153.76,408.65000000000003,2.6470018092530374,Future_Inactive
12415,13,223,377,63865,99146.16,2.972301184433164,Australia,0.0,0.0,13,7626.627692307693,22775.93,4912.692307692308,45.46153846153846,60.0,0.007531143357393418,38192.74,60953.42,1.5959269765149997,Future_High
12417,6,250,132,1229,2816.52,5.1708783783783785,Belgium,0.1554054054054054,0.14189189189189189,7,402.36,562.69,175.57142857142858,21.142857142857142,5.0,0.017562707761426224,1024.78,1791.74,1.747684688724678,Future_Mid
12418,12,0,34,407,668.58,3.5644117647058824,Switzerland,0.0,0.0,1,668.58,668.58,407.0,34.0,0.0,0.0,0.0,668.58,669.58,Future_Inactive
12421,14,204,25,407,628.56,4.3075,Spain,0.3888888888888889,0.0,3,209.51999999999998,239.35,135.66666666666666,12.0,1.0,0.0012235234296791829,157.45,471.11,2.9795519091195963,Future_Low
12422,68,156,31,288,655.86,3.633225806451613,Switzerland,0.0,0.0,2,327.93,417.36,144.0,15.5,0.0,0.0,238.5,417.36,1.7468058455114823,Future_Low
12423,0,252,86,1136,1650.67,3.073888888888889,Belgium,0.0,0.0,7,235.81,347.35,162.28571428571428,15.428571428571429,0.0,0.0,1032.95,617.72,0.5984041781517482,Future_Low
12424,62,0,30,740,1760.96,2.780666666666667,Australia,0.0,0.0,2,880.4800000000001,1466.3200000000002,370.0,15.0,0.0,0.0,0.0,1760.96,1761.96,Future_Inactive
12426,94,0,30,258,582.73,3.9363333333333332,Germany,1.0,0.0,1,582.73,582.73,258.0,30.0,0.0,0.0,0.0,582.73,583.73,Future_Inactive
12427,271,0,10,79,303.5,4.925,Germany,0.0,0.0,1,303.5,303.5,79.0,10.0,3.0,0.15799694825912056,303.5,0.0,0.003284072249589491,Future_Mid
12428,20,163,252,3386,7548.12,4.559784946236559,Finland,0.035842293906810034,0.0,8,943.515,2474.62,423.25,34.875,6.0,0.010391510584237314,6310.54,1237.58,0.19624053717476242,Future_Mid
12429,72,193,62,1045,2844.88,4.327428571428571,Denmark,0.0,0.0,3,948.2933333333334,1281.5,348.3333333333333,23.333333333333332,0.0,0.0,1281.5,1563.38,1.2197894736842105,Future_Mid
12431,19,254,134,2098,4807.07,3.806304347826087,Australia,0.16304347826086957,0.0,11,437.00636363636363,640.1,190.72727272727272,16.727272727272727,4.0,0.014567057458493316,2143.78,2663.29,1.2422206473391209,Future_High
12432,70,1,75,1427,4016.66,13.785657894736843,Norway,0.0,0.0,3,1338.8866666666665,2862.06,475.6666666666667,25.333333333333332,0.0,0.0,0.0,4016.66,4017.66,Future_High
12433,266,7,79,3582,3787.12,1.6246938775510205,Norway,0.0,0.0,2,1893.56,1919.1399999999999,1791.0,73.5,0.0,0.0,3787.12,0.0,0.0002639831895504894,Future_High
12434,160,0,16,77,286.25,5.35625,Australia,0.0,0.0,1,286.25,286.25,77.0,16.0,4.0,0.1251528117359413,286.25,0.0,0.0034812880765883376,Future_Mid
12435,167,0,19,879,3978.9900000000002,6.4321052631578945,Denmark,0.0,0.0,1,3978.9900000000002,3978.9900000000002,879.0,19.0,0.0,0.0,3978.9900000000002,0.0,0.0002512569127058108,Future_High
12437,77,153,58,1643,2476.73,4.00465909090909,France,0.0,0.0,9,275.1922222222222,501.64,182.55555555555554,9.777777777777779,1.0,0.021627664449254982,1130.6699999999998,1346.06,1.1903293362906149,Future_High
12438,40,0,49,586,890.0699999999999,3.4414285714285713,Norway,0.0,0.0,1,890.0699999999999,890.0699999999999,586.0,49.0,0.0,0.0,0.0,890.0699999999999,891.0699999999999,Future_High
12441,266,0,11,121,173.55,3.700909090909091,France,0.0,0.0,1,173.55,173.55,121.0,11.0,0.0,0.0,173.55,0.0,0.005729017473503294,Future_Inactive
12444,21,49,96,650,2627.27,6.062857142857143,Norway,0.0,0.0,2,1313.635,1870.2,325.0,52.5,0.0,0.0,0.0,2627.27,2628.27,Future_High
12447,143,0,26,190,476.49,3.5742307692307693,Belgium,1.0,0.0,1,476.49,476.49,190.0,26.0,0.0,0.0,476.49,0.0,0.0020942846970617183,Future_Inactive
12449,29,57,71,657,1636.88,3.824252873563218,Belgium,0.5517241379310345,0.0,2,818.44,858.9300000000001,328.5,43.5,0.0,0.0,0.0,1636.88,1637.88,Future_High
12450,56,17,7,128,197.88,1.6175,Spain,0.75,0.0,2,98.94,101.88,64.0,4.0,0.0,0.0,0.0,197.88,198.88,Future_Inactive
12451,118,106,162,4105,5307.82,2.193025641025641,Switzerland,0.0,0.0,2,2653.91,2919.5099999999998,2052.5,97.5,1.0,0.01885460144699824,2919.5099999999998,2388.31,0.8181139595481611,Future_High
12453,34,0,43,473,707.09,2.393255813953488,Austria,0.0,0.0,1,707.09,707.09,473.0,43.0,0.0,0.0,0.0,707.09,708.09,Future_Inactive
12455,27,169,67,1766,2176.36,3.4056338028169018,Cyprus,0.0,0.0,5,435.27200000000005,1683.9,353.2,14.2,0.0,0.0,1698.9,477.46000000000004,0.28146361550679455,Future_Low
12456,31,123,77,1073,2265.4,3.8198837209302323,Switzerland,0.5232558139534884,0.0,2,1132.7,1325.23,536.5,43.0,4.0,0.011842707901681532,940.1700000000001,1325.23,1.4091290627623063,Future_Mid
12457,133,5,23,397,1067.25,7.199199999999999,Switzerland,0.0,0.88,3,355.75,669.25,132.33333333333334,8.333333333333334,3.0,0.18023657731008524,888.25,179.0,0.20241776778183862,Future_High
12458,184,0,19,270,441.92,3.8873684210526314,Switzerland,0.0,0.0,1,441.92,441.92,270.0,19.0,0.0,0.0,441.92,0.0,0.0022577440621331167,Future_Mid
12461,54,0,34,282,626.88,3.2076470588235293,Switzerland,0.0,0.0,1,626.88,626.88,282.0,34.0,0.0,0.0,0.0,626.88,627.88,Future_Low
12462,203,0,40,287,762.11,4.59825,Spain,0.0,0.0,1,762.11,762.11,287.0,40.0,4.0,0.026567549271308326,762.11,0.0,0.0013104270681815204,Future_Mid
12463,75,66,51,577,985.79,2.9331147540983604,Belgium,0.0,0.0,3,328.59666666666664,350.57,192.33333333333334,20.333333333333332,3.0,0.011432124269196443,350.57,635.22,1.80965383849589,Future_Low
12464,6,203,6,81,780.55,11.254761904761905,Belgium,0.0,0.0,6,130.09166666666667,213.89999999999998,13.5,3.5,0.0,0.0,363.84999999999997,416.7,1.1448540496094286,Future_Mid
12465,69,0,26,294,440.94,2.858461538461538,Belgium,0.0,0.0,1,440.94,440.94,294.0,26.0,0.0,0.0,0.0,440.94,441.94,Future_Low
12468,87,128,36,366,729.5400000000001,3.5149999999999997,Germany,0.6842105263157895,0.0,2,364.77000000000004,508.95000000000005,183.0,19.0,2.0,0.00748258598171528,220.59,508.95000000000005,2.3013222618349207,Future_Inactive
12471,7,257,108,4340,11081.0,3.603206106870229,Germany,0.0,0.0,19,583.2105263157895,1947.01,228.42105263157896,13.789473684210526,44.0,0.05910463374622572,7480.72,3600.2799999999997,0.48134386210657437,Future_High
12472,38,230,180,3088,4927.6,2.444016064257028,Germany,0.4538152610441767,0.0,5,985.5200000000001,1631.3,617.6,49.8,45.0,0.05720195080138598,3048.84,1878.76,0.6163470870603047,Future_High
12473,14,77,60,853,1175.75,2.6946875,Germany,0.0,0.0,2,587.875,661.6899999999999,426.5,32.0,8.0,0.06106004583895672,0.0,1175.75,1176.75,Future_High
12474,37,191,144,2484,3896.38,3.046515837104072,Germany,0.004524886877828055,0.0,12,324.6983333333333,806.47,207.0,18.416666666666668,25.0,0.03246008293809441,1951.05,1945.33,0.9970697471888528,Future_High
12476,41,220,91,1132,3191.67,5.08931623931624,Germany,0.0,0.0,6,531.945,1411.67,188.66666666666666,19.5,15.0,0.039339387244647646,722.23,2469.44,3.4158428162548566,Future_High
12477,0,200,156,2518,8834.03,4.268090452261307,Germany,0.0,0.0,3,2944.6766666666663,4257.0599999999995,839.3333333333334,66.33333333333333,5.0,0.001079879415349892,4576.97,4257.0599999999995,0.9301196818677272,Future_High
12480,43,192,97,1096,2144.95,3.265263157894737,Germany,0.0,0.0,3,714.9833333333332,816.25,365.3333333333333,38.0,0.0,0.0,1587.27,557.6800000000001,0.35175379500966464,Future_High
12481,79,186,112,2351,4085.2599999999998,3.3958974358974356,Germany,0.0,0.0,8,510.6575,1001.21,293.875,19.5,1.0,0.0013347283607775648,2226.77,1858.49,0.8346867046418616,Future_High
12483,83,155,31,629,1314.6100000000001,5.482820512820513,Sweden,0.0,0.0,5,262.92199999999997,547.56,125.8,7.8,3.0,0.041557002354896795,547.56,767.0500000000001,1.4001203150065629,Future_High
12484,0,235,222,1857,3658.65,2.9844285714285714,Spain,0.42857142857142855,0.0,4,914.6625,1241.99,464.25,69.25,3.0,0.00987781280868165,1138.67,2519.98,2.2120262883115287,Future_Mid
12489,236,0,15,105,334.93,5.908,France,0.0,0.0,1,334.93,334.93,105.0,15.0,0.0,0.0,334.93,0.0,0.0029768106450748667,Future_Inactive
12490,0,229,74,1360,2516.77,2.725609756097561,France,0.1951219512195122,0.0,5,503.354,864.22,272.0,24.6,0.0,0.0,864.22,1652.55,1.911132428746446,Future_High
12492,5,0,9,69,126.39000000000001,4.2155555555555555,Germany,0.0,0.0,1,126.39000000000001,126.39000000000001,69.0,9.0,0.0,0.0,0.0,126.39000000000001,127.39000000000001,Future_Low
12493,65,31,20,207,433.74,4.309090909090909,France,0.0,0.0,2,216.87,232.5,103.5,11.0,1.0,0.03760899953404779,0.0,433.74,434.74,Future_Inactive
12494,61,204,42,364,868.86,4.238235294117647,France,0.0,0.0,5,173.772,403.09000000000003,72.8,10.2,5.0,0.0533334786066833,312.55,556.3100000000001,1.777419869239356,Future_Low
12500,6,227,20,1270,1773.8400000000001,5.6571875,Germany,0.0,0.0,6,295.64000000000004,378.0,211.66666666666666,5.333333333333333,0.0,0.0,1210.2,563.64,0.46618229854689563,Future_High
12501,236,0,149,1783,2169.39,2.4126845637583894,Germany,0.0,0.0,1,2169.39,2169.39,1783.0,149.0,11.0,0.03544084300386822,2169.39,0.0,0.0004607466860794604,Future_Inactive
12502,27,181,81,586,2631.52,6.410925925925926,Spain,0.0,0.0,4,657.88,788.87,146.5,27.0,0.0,0.0,1320.05,1311.47,0.9935051663449529,Future_High
12506,132,0,23,23,73.5,3.1956521739130435,France,0.0,0.0,1,73.5,73.5,23.0,23.0,0.0,0.0,0.0,73.5,74.5,Future_Inactive
12507,34,164,19,894,1304.81,4.862857142857143,Spain,0.0,0.0,3,434.93666666666667,811.9,298.0,7.0,1.0,0.034589659356595345,446.16,858.65,1.9224662313265943,Future_Inactive
12509,184,0,7,55,176.5,5.564285714285715,France,0.0,0.0,1,176.5,176.5,55.0,7.0,0.0,0.0,176.5,0.0,0.005633802816901409,Future_Inactive
12510,42,182,29,353,982.5699999999999,4.263333333333334,Spain,0.0,0.0,2,491.28499999999997,681.05,176.5,16.5,0.0,0.0,681.05,301.52,0.4435451946338245,Future_Inactive
12513,12,0,35,462,612.29,2.180571428571428,France,0.0,0.0,1,612.29,612.29,462.0,35.0,0.0,0.0,0.0,612.29,613.29,Future_Inactive
12514,167,0,51,440,1017.68,3.296862745098039,Italy,0.0,0.0,1,1017.68,1017.68,440.0,51.0,0.0,0.0,1017.68,0.0,0.0009816625436839831,Future_Inactive
12515,253,0,16,131,383.7,6.78125,Italy,0.0,0.0,1,383.7,383.7,131.0,16.0,0.0,0.0,383.7,0.0,0.0025994281258123215,Future_Inactive
12516,80,0,13,345,583.2,2.8623076923076924,Germany,1.0,0.0,1,583.2,583.2,345.0,13.0,0.0,0.0,0.0,583.2,584.2,Future_Mid
12517,26,63,173,834,1521.45,2.254945054945055,Germany,0.0,0.0,2,760.725,771.75,417.0,87.5,0.0,0.0,0.0,1521.45,1522.45,Future_Mid
12518,10,0,18,187,324.83,2.842777777777778,Germany,1.0,0.0,1,324.83,324.83,187.0,18.0,0.0,0.0,0.0,324.83,325.83,Future_High
12520,42,131,104,1099,2045.85,3.414628099173554,Germany,0.0,0.0,4,511.4625,987.42,274.75,30.25,3.0,0.024671052631578948,1233.96,811.89,0.6582318455658482,Future_Mid
12521,42,0,38,309,599.68,2.995789473684211,Germany,0.0,0.0,1,599.68,599.68,309.0,38.0,0.0,0.0,0.0,599.68,600.68,Future_Inactive
12523,7,224,49,560,1017.75,4.523333333333333,France,0.12698412698412698,0.0,7,145.39285714285714,204.75,80.0,9.0,0.0,0.0,500.19,517.56,1.0346575151140285,Future_Mid
12524,62,171,92,2290,3122.48,2.9003448275862067,Germany,0.28448275862068967,0.0,6,520.4133333333333,1094.33,381.6666666666667,19.333333333333332,0.0,0.0,1338.17,1784.31,1.3331466505372729,Future_High
12527,194,30,15,221,284.92,2.4526666666666666,Germany,0.0,0.0,2,142.46,152.4,110.5,7.5,0.0,0.0,284.92,0.0,0.003497481813094572,Future_Low
12528,14,198,46,503,1287.37,5.492153846153847,Germany,0.0,0.0,4,321.8425,493.53000000000003,125.75,16.25,3.0,0.008624871974556627,771.66,515.71,0.6687417492817023,Future_Mid
12530,23,213,39,600,1221.65,4.270652173913043,Germany,0.0,0.0,3,407.2166666666667,417.6,200.0,15.333333333333334,2.0,0.030667301436165993,387.40000000000003,834.25,2.150489186405767,Future_Mid
12534,30,0,63,651,1089.18,3.035396825396825,Germany,0.0,0.0,1,1089.18,1089.18,651.0,63.0,0.0,0.0,0.0,1089.18,1090.18,Future_Inactive
12535,86,0,18,115,371.45,3.9111111111111114,France,0.0,0.0,1,371.45,371.45,115.0,18.0,0.0,0.0,0.0,371.45,372.45,Future_Low
12539,162,71,125,1621,4517.69,4.344304347826087,Spain,0.0,0.0,3,1505.8966666666665,1715.85,540.3333333333334,76.66666666666667,1.0,0.27526092717781553,4517.69,0.0,0.00022130307677667644,Future_High
12540,7,253,197,4190,8786.869999999999,3.8171476510067115,Spain,0.0,0.0,10,878.6869999999999,1380.11,419.0,29.8,1.0,0.007421573622123292,3457.93,5328.94,1.5409216144877174,Future_High
12541,73,107,27,419,536.14,3.567142857142857,Spain,0.39285714285714285,0.0,2,268.07,312.4,209.5,14.0,0.0,0.0,312.4,223.74,0.7171027440970007,Future_Mid
12545,159,0,34,346,628.15,3.389705882352941,Spain,0.0,0.0,1,628.15,628.15,346.0,34.0,0.0,0.0,628.15,0.0,0.0015894460780418024,Future_Low
12547,97,82,7,134,207.79999999999998,7.95,Spain,0.0,0.0,2,103.9,159.4,67.0,4.0,0.0,0.0,159.4,48.4,0.3079800498753117,Future_Inactive
12548,66,0,5,49,95.19999999999999,6.720000000000001,Spain,1.0,0.0,1,95.19999999999999,95.19999999999999,49.0,5.0,0.0,0.0,0.0,95.19999999999999,96.19999999999999,Future_Inactive
12551,257,0,10,100,168.0,1.6800000000000002,Spain,0.0,0.0,1,168.0,168.0,100.0,10.0,0.0,0.0,168.0,0.0,0.005917159763313609,Future_Inactive
12553,10,219,81,1351,2419.59,3.1580740740740745,France,0.16296296296296298,0.0,7,345.6557142857143,700.31,193.0,19.285714285714285,3.0,0.014780792299329364,1381.77,1037.82,0.7512601517244372,Future_High
12556,51,0,60,163,308.75,2.742153846153846,Spain,0.0,0.0,1,308.75,308.75,163.0,60.0,0.0,0.0,0.0,308.75,309.75,Future_Low
12557,58,213,15,3464,9000.960000000001,2.038965517241379,Spain,0.0,0.0,4,2250.2400000000002,4146.34,866.0,7.25,0.0,0.0,4854.62,4146.34,0.8541319131233499,Future_High
12559,210,8,21,283,561.71,3.5490476190476192,Germany,0.0,0.0,2,280.855,486.11,141.5,10.5,1.0,0.043425690979377055,561.71,0.0,0.001777114321764319,Future_Inactive
12560,12,30,77,820,1436.31,2.6803896103896103,Germany,0.0,0.0,2,718.155,1292.31,410.0,38.5,6.0,0.02220664020749798,0.0,1436.31,1437.31,Future_Mid
12561,202,0,16,177,238.85,2.964375,Germany,0.0,0.0,1,238.85,238.85,177.0,16.0,0.0,0.0,238.85,0.0,0.004169272461955389,Future_Inactive
12562,26,71,53,776,1605.23,2.8885897435897436,France,0.0,0.0,3,535.0766666666667,650.0,258.6666666666667,26.0,0.0,0.0,0.0,1605.23,1606.23,Future_High
12564,161,0,21,133,456.9,5.576190476190476,France,0.0,0.0,1,456.9,456.9,133.0,21.0,0.0,0.0,456.9,0.0,0.0021838829438742087,Future_Inactive
12565,188,0,9,80,145.92,2.351111111111111,Saudi Arabia,0.0,0.0,1,145.92,145.92,80.0,9.0,1.0,0.0918030746250078,145.92,0.0,0.006806425265450586,Future_Inactive
12567,8,261,236,3024,6958.16,3.557269841269841,France,0.3111111111111111,0.0,8,869.77,1650.1,378.0,39.375,17.0,0.03952515701566706,3179.11,3779.05,1.1886538515963285,Future_High
12569,7,145,45,788,1883.02,4.6981012658227845,Germany,0.0,0.0,12,156.91833333333332,348.68,65.66666666666667,6.583333333333333,2.0,0.021665489006193108,796.4,1086.6200000000001,1.3639578630549287,Future_High
12571,21,0,14,197,248.35,1.5071428571428573,France,0.0,0.0,1,248.35,248.35,197.0,14.0,0.0,0.0,0.0,248.35,249.35,Future_Low
12573,127,0,26,84,160.54000000000002,2.0964285714285715,France,0.0,0.0,1,160.54000000000002,160.54000000000002,84.0,26.0,0.0,0.0,0.0,160.54000000000002,161.54000000000002,Future_Inactive
12574,215,0,11,61,218.45,5.2,France,0.0,0.0,1,218.45,218.45,61.0,11.0,0.0,0.0,218.45,0.0,0.00455684666210982,Future_Inactive
12576,49,154,42,463,660.85,2.141086956521739,Poland,0.0,0.0,3,220.28333333333333,266.85,154.33333333333334,15.333333333333334,1.0,0.013214872330894432,266.85,394.0,1.4747059921597907,Future_Mid
12577,259,0,67,134,195.89,1.7570149253731344,France,0.0,0.0,1,195.89,195.89,134.0,67.0,0.0,0.0,195.89,0.0,0.005078978109604348,Future_Low
12578,230,0,70,748,1608.66,2.8657142857142857,Italy,0.0,0.0,1,1608.66,1608.66,748.0,70.0,6.0,0.02494226607912426,1608.66,0.0,0.0006212492079072599,Future_High
12580,146,0,24,238,415.7,2.6075,Germany,0.0,0.0,1,415.7,415.7,238.0,24.0,0.0,0.0,415.7,0.0,0.0023998080153587713,Future_Inactive
12582,138,49,21,300,511.36,5.2318181818181815,Finland,0.0,0.0,2,255.68,306.2,150.0,11.0,0.0,0.0,511.36,0.0,0.0019517526739011631,Future_Inactive
12583,6,267,84,3463,4232.21,3.0371917808219178,France,0.0958904109589041,0.0,9,470.24555555555554,855.86,384.77777777777777,16.22222222222222,1.0,0.004235084854630713,2620.43,1611.78,0.6152290925182058,Future_High
12584,27,153,27,138,782.59,8.256470588235294,Italy,0.0,0.0,4,195.6475,463.63,34.5,8.5,8.0,0.10753914402034463,463.63,318.96000000000004,0.6886339668123024,Future_High
12585,134,117,77,1279,2040.1,3.4639080459770115,Germany,0.0,0.0,2,1020.05,1262.85,639.5,43.5,10.0,0.02731490090064318,1262.85,777.25,0.6157771887486648,Future_Inactive
12589,44,0,10,83,131.5,5.139,France,0.0,0.0,1,131.5,131.5,83.0,10.0,0.0,0.0,0.0,131.5,132.5,Future_Mid
12590,111,0,68,4283,9864.26,10.54735294117647,Germany,0.0,0.0,2,4932.13,9341.26,2141.5,34.0,2.0,0.0002918778896417807,0.0,9864.26,9865.26,Future_Inactive
12591,217,0,26,228,452.84999999999997,3.7807692307692307,Italy,0.0,0.0,1,452.84999999999997,452.84999999999997,228.0,26.0,0.0,0.0,452.84999999999997,0.0,0.0022033711578715435,Future_Inactive
12592,113,0,9,165,231.8,3.2666666666666666,Germany,0.0,0.0,1,231.8,231.8,165.0,9.0,0.0,0.0,0.0,231.8,232.8,Future_Low
12593,8,110,14,206,418.09999999999997,2.6523809523809527,France,0.0,0.0,3,139.36666666666667,236.0,68.66666666666667,7.0,0.0,0.0,0.0,418.09999999999997,419.09999999999997,Future_Inactive
12594,21,201,46,1440,2529.9,3.1429032258064518,Italy,0.0,0.0,8,316.2375,721.95,180.0,11.625,1.0,0.007064641469445425,922.5,1607.4,1.7416350839198702,Future_Mid
12596,142,0,15,156,269.95,4.225333333333333,Spain,0.0,0.0,1,269.95,269.95,156.0,15.0,0.0,0.0,269.95,0.0,0.0036907178446207787,Future_Low
12597,83,85,72,675,1428.81,4.7052564102564105,Spain,0.0,0.0,2,714.405,912.66,337.5,39.0,0.0,0.0,516.15,912.66,1.7667214541235619,Future_High
12598,61,122,45,971,1584.3799999999999,2.7295238095238097,France,0.0,0.0,4,396.095,720.86,242.75,15.75,1.0,0.012712022831790027,720.86,863.52,1.1976283489873383,Future_High
12599,26,177,25,749,857.04,3.235625,France,0.3125,0.0,6,142.84,201.86,124.83333333333333,8.0,0.0,0.0,312.46000000000004,544.58,1.7405091558731576,Future_Low
12600,12,258,26,544,1936.5600000000002,5.66530612244898,Germany,0.24489795918367346,0.0,8,242.07,427.94000000000005,68.0,6.125,1.0,0.009209233791748525,826.82,1109.74,1.3417651180208257,Future_Mid
12601,89,142,21,245,577.0600000000001,6.511071428571428,Germany,0.0,0.0,5,115.41199999999999,144.26,49.0,5.6,1.0,0.012830162857533871,368.36,208.7,0.5677387914230019,Future_Inactive
12604,161,0,10,137,178.5,3.3299999999999996,France,0.0,0.0,1,178.5,178.5,137.0,10.0,0.0,0.0,178.5,0.0,0.005571030640668524,Future_Low
12609,86,132,42,518,800.73,3.3904651162790698,Germany,0.0,0.0,2,400.365,512.8,259.0,21.5,0.0,0.0,287.93,512.8,1.7782853978472293,Future_Low
12610,6,19,68,625,1256.25,5.092777777777778,Italy,0.0,0.0,2,628.125,946.75,312.5,36.0,2.0,0.00911026975863701,0.0,1256.25,1257.25,Future_Mid
12613,97,64,65,759,1462.52,2.874864864864865,Germany,0.0,0.0,4,365.63,803.66,189.75,18.5,0.0,0.0,821.66,640.86,0.7802251233802543,Future_High
12614,177,0,20,76,315.6,5.61,Germany,0.0,0.0,1,315.6,315.6,76.0,20.0,0.0,0.0,315.6,0.0,0.0031585596967782688,Future_Inactive
12615,68,0,31,413,634.74,2.7145161290322584,France,0.0,0.0,1,634.74,634.74,413.0,31.0,0.0,0.0,0.0,634.74,635.74,Future_High
12616,197,0,11,98,255.6,4.109090909090909,France,0.0,0.0,1,255.6,255.6,98.0,11.0,3.0,0.09297374024130589,255.6,0.0,0.0038971161340607945,Future_Mid
12619,16,137,28,1756,2087.46,13.29974358974359,Germany,0.0,0.0,5,417.492,688.0,351.2,7.8,1.0,0.15731044672485206,205.98,1881.48,9.094985022707508,Future_High
12620,104,0,33,434,561.66,2.326969696969697,France,0.0,0.0,1,561.66,561.66,434.0,33.0,0.0,0.0,0.0,561.66,562.66,Future_Mid
12621,0,265,208,5439,10195.04,2.886965317919075,Germany,0.0,0.0,15,679.6693333333333,1209.8,362.6,23.066666666666666,2.0,0.0021288486892654147,3878.89,6316.15,1.6281776029732802,Future_High
12622,132,0,11,69,180.1,5.739090909090909,Germany,0.0,0.0,1,180.1,180.1,69.0,11.0,0.0,0.0,0.0,180.1,181.1,Future_Inactive
12623,176,0,18,191,305.1,2.628888888888889,Germany,0.0,0.0,1,305.1,305.1,191.0,18.0,0.0,0.0,305.1,0.0,0.0032669062397909176,Future_Inactive
12624,6,71,36,355,641.13,3.8721052631578945,France,0.0,0.0,2,320.565,341.19,177.5,19.0,0.0,0.0,0.0,641.13,642.13,Future_Inactive
12625,111,107,73,1612,2683.82,2.1713953488372093,Germany,0.0,0.0,2,1341.9099999999999,1716.62,806.0,43.0,5.0,0.02524225298911859,1716.62,967.2,0.5636869621918702,Future_Inactive
12626,12,214,170,2337,4774.0,2.947233009708738,Germany,0.0,0.0,6,795.6666666666666,1159.06,389.5,34.333333333333336,13.0,0.04636915142035864,1274.1,3499.9,2.7455885812877425,Future_High
12627,8,31,92,1016,1908.57,3.0590384615384614,Germany,0.0,0.0,4,477.1425,768.02,254.0,26.0,0.0,0.0,0.0,1908.57,1909.57,Future_High
12633,29,158,66,1068,1948.75,3.148488372093023,Germany,0.0,0.0,3,649.5833333333334,1012.82,356.0,28.666666666666668,2.0,0.011840170376755743,1012.82,935.9300000000001,0.924158134580103,Future_Low
12635,54,0,40,399,683.64,2.278,Germany,0.0,0.0,1,683.64,683.64,399.0,40.0,0.0,0.0,0.0,683.64,684.64,Future_High
12637,57,166,138,1404,3049.5,3.033841807909605,France,0.0,0.0,5,609.9,1516.68,280.8,35.4,4.0,0.022016259641133365,2387.15,662.35,0.27776730942361244,Future_High
12639,138,0,22,201,486.1,4.918181818181818,Sweden,0.0,0.0,1,486.1,486.1,201.0,22.0,0.0,0.0,486.1,0.0,0.0020529665366454527,Future_Inactive
12641,15,0,10,72,185.9,6.964999999999999,Sweden,0.0,0.0,1,185.9,185.9,72.0,10.0,0.0,0.0,0.0,185.9,186.9,Future_Inactive
12642,7,0,24,277,366.45,2.55375,Germany,0.0,0.0,1,366.45,366.45,277.0,24.0,0.0,0.0,0.0,366.45,367.45,Future_Mid
12643,28,204,11,1808,3344.64,5.187916666666666,France,0.0,0.0,6,557.44,1202.22,301.3333333333333,4.0,0.0,0.0,871.1999999999999,2473.44,2.837009860123825,Future_Inactive
12644,29,0,31,325,477.91,2.8045161290322578,Germany,0.0,0.0,1,477.91,477.91,325.0,31.0,0.0,0.0,0.0,477.91,478.91,Future_Inactive
12645,9,206,52,825,1310.8600000000001,2.5259322033898304,Germany,0.0,0.0,3,436.9533333333334,511.96000000000004,275.0,19.666666666666668,0.0,0.0,369.29999999999995,941.5600000000001,2.5453956251687826,Future_Mid
12647,26,242,63,1039,2886.71,5.441521739130435,Germany,0.1956521739130435,0.0,9,320.74555555555554,596.8,115.44444444444444,10.222222222222221,6.0,0.01799558444827715,2009.06,877.65,0.43712625493766355,Future_Mid
12648,54,0,21,160,318.05,3.1723809523809527,Germany,0.0,0.0,1,318.05,318.05,160.0,21.0,0.0,0.0,0.0,318.05,319.05,Future_Inactive
12649,7,105,28,586,623.51,2.6970967741935485,Germany,0.0,0.0,3,207.83666666666667,375.0,195.33333333333334,10.333333333333334,2.0,0.03077831838460462,0.0,623.51,624.51,Future_Inactive
12651,234,0,9,78,114.0,2.244444444444445,France,1.0,0.0,1,114.0,114.0,78.0,9.0,0.0,0.0,114.0,0.0,0.008695652173913044,Future_Inactive
12652,231,0,48,505,919.98,2.8972916666666664,France,0.0,0.0,1,919.98,919.98,505.0,48.0,3.0,0.005889154231006126,919.98,0.0,0.0010857999087928076,Future_Inactive
12653,48,147,37,919,2209.85,2.5909302325581396,Israel,0.0,0.0,2,1104.925,1430.75,459.5,21.5,0.0,0.0,779.1,1430.75,1.8353416228688628,Future_Inactive
12654,97,97,19,151,337.75,3.8045454545454547,Germany,0.0,0.0,3,112.58333333333333,166.6,50.333333333333336,7.333333333333333,0.0,0.0,166.6,171.15,1.027147971360382,Future_Low
12656,16,117,51,1280,2820.67,4.602608695652174,France,0.0,0.0,3,940.2233333333334,1161.07,426.6666666666667,23.0,3.0,0.02081149197047858,0.0,2820.67,2821.67,Future_High
12662,7,266,96,1400,2653.66,3.070127388535032,Germany,0.19745222929936307,0.0,7,379.0942857142857,493.68,200.0,22.428571428571427,2.0,0.012172605309787221,1344.4,1309.26,0.9738813735691987,Future_High
12664,43,179,10,505,1957.48,9.143888888888888,Finland,0.0,0.0,3,652.4933333333333,661.58,168.33333333333334,6.0,0.0,0.0,661.58,1295.9,1.9573485465906004,Future_High
12665,224,0,3,37,63.0,6.833333333333333,Germany,0.0,0.0,1,63.0,63.0,37.0,3.0,1.0,0.019455252918287938,63.0,0.0,0.015625,Future_Inactive
12668,159,96,104,1334,2924.4700000000003,3.351219512195122,Germany,0.1951219512195122,0.0,3,974.8233333333333,1444.8,444.6666666666667,41.0,2.0,0.011759656942421608,2924.4700000000003,0.0,0.0003418254160869877,Future_Mid
12669,50,105,98,1115,2744.0299999999997,13.741386138613862,France,0.0,0.0,3,914.6766666666666,1136.3,371.6666666666667,33.666666666666664,1.0,0.29283591859455255,2272.6,471.43,0.2077894088669951,Future_Inactive
12670,99,32,28,488,1026.3899999999999,3.2937142857142856,France,0.0,0.0,2,513.1949999999999,633.05,244.0,17.5,0.0,0.0,0.0,1026.3899999999999,1027.3899999999999,Future_High
12672,229,0,10,78,225.89999999999998,3.79,France,0.0,0.0,1,225.89999999999998,225.89999999999998,78.0,10.0,0.0,0.0,225.89999999999998,0.0,0.004407227853680036,Future_Inactive
12673,226,0,23,171,220.9,2.635217391304348,Germany,0.0,0.0,1,220.9,220.9,171.0,23.0,0.0,0.0,220.9,0.0,0.004506534474988734,Future_Mid
12674,70,37,30,494,976.8,3.690810810810811,France,0.0,0.0,2,488.4,586.74,247.0,18.5,1.0,0.029797377830750895,0.0,976.8,977.8,Future_High
12676,23,187,21,494,998.0500000000001,7.111999999999999,Sweden,0.0,0.16666666666666666,4,249.5125,509.5,123.5,7.5,0.0,0.0,707.4,290.65000000000003,0.41170242800677587,Future_Low
12678,0,253,78,5195,8282.26,8.675806451612903,France,0.1935483870967742,0.0,9,920.2511111111112,3243.13,577.2222222222222,10.333333333333334,2.0,0.004830302578804824,3951.84,4330.42,1.095774177553354,Future_High
12679,105,77,43,407,906.38,3.5018181818181815,France,0.0,0.0,2,453.19,794.06,203.5,22.0,3.0,0.03947521804096945,794.06,112.32000000000001,0.1425301235126909,Future_Low
12680,13,0,20,230,311.78,2.6665,France,0.0,0.0,1,311.78,311.78,230.0,20.0,0.0,0.0,0.0,311.78,312.78,Future_Mid
12681,51,216,219,5419,9866.58,3.124831223628692,France,0.16244725738396623,0.0,15,657.772,1238.06,361.26666666666665,31.6,5.0,0.004288995547518034,6515.34,3351.24,0.5144360177645734,Future_High
12682,0,270,149,3531,8219.92,3.786,France,0.028169014084507043,0.0,20,410.996,835.11,176.55,17.75,0.0,0.0,3977.09,4242.83,1.0668009019403784,Future_High
12683,5,260,151,3769,6217.88,2.647611336032389,France,0.0,0.0,11,565.2618181818182,1130.95,342.6363636363636,22.454545454545453,3.0,0.011407666269716978,3403.3,2814.58,0.8270657697617718,Future_High
12684,70,42,37,1274,1379.48,2.481379310344827,France,0.0,0.0,4,344.87,489.1,318.5,14.5,0.0,0.0,0.0,1379.48,1380.48,Future_Mid
12686,271,0,7,107,89.14,3.2585714285714285,France,0.0,0.0,1,89.14,89.14,107.0,7.0,0.0,0.0,89.14,0.0,0.011093854004881295,Future_Inactive
12688,13,0,171,3028,4873.8099999999995,4.124736842105263,Israel,0.0,0.0,1,4873.8099999999995,4873.8099999999995,3028.0,171.0,0.0,0.0,0.0,4873.8099999999995,4874.8099999999995,Future_Inactive
12689,27,0,34,281,511.03,2.7305882352941175,France,0.0,0.0,1,511.03,511.03,281.0,34.0,0.0,0.0,0.0,511.03,512.03,Future_Mid
12690,105,0,16,106,389.01,5.5268749999999995,France,0.0,0.0,1,389.01,389.01,106.0,16.0,0.0,0.0,0.0,389.01,390.01,Future_Inactive
12691,45,212,16,198,556.3,5.004761904761905,France,0.2857142857142857,0.0,4,139.075,190.2,49.5,5.25,0.0,0.0,406.2,150.1,0.3710707269155206,Future_Mid
12693,27,192,35,255,855.91,5.44025641025641,Germany,0.28205128205128205,0.0,4,213.97750000000002,239.85,63.75,9.75,2.0,0.02832459187612106,401.9,454.01,1.12933730454207,Future_Inactive
12694,83,0,20,323,439.5,3.0935,France,0.0,0.0,1,439.5,439.5,323.0,20.0,0.0,0.0,0.0,439.5,440.5,Future_Mid
12695,7,102,17,172,333.90000000000003,4.312105263157895,France,0.0,0.0,2,166.95,244.65,86.0,9.5,0.0,0.0,0.0,333.90000000000003,334.90000000000003,Future_Low
12697,31,37,27,359,733.91,4.815172413793103,Sweden,0.3448275862068966,0.0,2,366.955,390.5,179.5,14.5,1.0,0.01330985063389844,0.0,733.91,734.91,Future_Low
12700,56,58,110,1376,2149.05,2.3672131147540982,France,0.5081967213114754,0.0,2,1074.525,1092.43,688.0,61.0,1.0,0.01647559552412988,0.0,2149.05,2150.05,Future_High
12701,142,0,21,246,337.08,3.977142857142857,Germany,0.0,0.0,1,337.08,337.08,246.0,21.0,0.0,0.0,337.08,0.0,0.002957879791765263,Future_Mid
12704,5,63,40,465,1100.92,5.3576,Finland,0.0,0.0,3,366.97333333333336,410.55,155.0,16.666666666666668,0.0,0.0,0.0,1100.92,1101.92,Future_High
12705,58,198,177,2599,4162.52,2.5533980582524274,Germany,0.25728155339805825,0.0,4,1040.63,1321.25,649.75,51.5,11.0,0.010777424207496902,2179.25,1983.27,0.9101112257768604,Future_High
12707,191,0,33,256,603.42,3.236666666666667,France,0.0,0.0,1,603.42,603.42,256.0,33.0,0.0,0.0,603.42,0.0,0.0016544786737698952,Future_Inactive
12708,1,266,71,989,2031.77,4.2371428571428575,Germany,0.0,0.0,7,290.2528571428571,403.83,141.28571428571428,17.0,13.0,0.04010563812799411,763.72,1268.05,1.659496286222408,Future_Mid
12709,35,231,75,2565,6439.11,3.420583333333333,Germany,0.0,0.0,10,643.911,1225.26,256.5,12.0,36.0,0.055093880006750265,3651.79,2787.32,0.7633398032736621,Future_High
12710,61,39,47,447,790.36,3.1445833333333333,Germany,0.9166666666666666,0.0,2,395.18,718.96,223.5,24.0,2.0,0.022811290661589247,0.0,790.36,791.36,Future_Low
12712,6,264,54,943,3913.08,6.336666666666667,Germany,0.0,0.0,11,355.73454545454547,776.0500000000001,85.72727272727273,10.363636363636363,8.0,0.032033998090328454,1555.43,2357.65,1.515423115719949,Future_Mid
12714,6,187,167,2258,3389.7,2.4213612565445026,France,0.0,0.0,4,847.425,1114.52,564.5,47.75,0.0,0.0,968.3,2421.4,2.4991230785102654,Future_High
12715,6,0,20,192,343.36,3.467,Sweden,0.0,0.0,1,343.36,343.36,192.0,20.0,0.0,0.0,0.0,343.36,344.36,Future_Inactive
12716,33,0,45,503,677.9,2.3177777777777777,France,0.0,0.0,1,677.9,677.9,503.0,45.0,0.0,0.0,0.0,677.9,678.9,Future_Mid
12717,51,94,49,506,1030.98,4.670000000000001,Greece,0.0,0.0,2,515.49,609.74,253.0,27.5,1.0,0.04625432477936687,609.74,421.24,0.691358024691358,Future_Inactive
12720,24,244,159,2747,3314.5,2.522037037037037,Germany,0.16666666666666666,0.0,15,220.96666666666667,498.32,183.13333333333333,14.4,2.0,0.007173987928529707,1896.8899999999999,1417.6100000000001,0.7474669237943191,Future_High
12721,83,171,88,1133,1698.91,3.485294117647059,France,0.0,0.0,4,424.7275,591.09,283.25,25.5,3.0,0.015729464792649153,1107.82,591.09,0.5339820710304649,Future_Mid
12722,14,35,48,559,929.65,3.1426,France,0.04,0.0,3,309.8833333333334,580.08,186.33333333333334,16.666666666666668,4.0,0.09120680385160565,0.0,929.65,930.65,Future_Low
12724,73,158,15,178,280.36,3.268333333333333,France,0.3888888888888889,0.0,2,140.18,154.9,89.0,9.0,0.0,0.0,154.9,125.46000000000001,0.8111610006414368,Future_Mid
12725,271,0,24,164,427.8,4.104166666666667,Italy,0.0,0.0,1,427.8,427.8,164.0,24.0,0.0,0.0,427.8,0.0,0.0023320895522388058,Future_Inactive
12726,84,172,40,1942,1467.32,2.324477611940299,France,0.22388059701492538,0.0,5,293.464,401.58000000000004,388.4,13.4,0.0,0.0,887.88,579.4399999999999,0.6530015300153,Future_High
12727,87,133,90,1608,2800.4,2.856605504587156,France,0.28440366972477066,0.0,5,560.08,919.66,321.6,21.8,2.0,0.011646784781534551,2007.32,793.08,0.3953951561504143,Future_High
12728,157,74,29,256,617.31,5.288181818181818,France,0.24242424242424243,0.0,3,205.76999999999998,252.54,85.33333333333333,11.0,0.0,0.0,617.31,0.0,0.0016173117044848055,Future_Low
12729,13,0,26,233,453.01,3.701538461538462,France,0.0,0.0,1,453.01,453.01,233.0,26.0,0.0,0.0,0.0,453.01,454.01,Future_Inactive
12731,44,220,84,5439,11324.25,3.171005586592179,France,0.0,0.0,8,1415.53125,3174.4300000000003,679.875,22.375,2.0,0.0075370828860016215,6848.79,4475.46,0.6535178450726227,Future_High
12732,79,0,12,111,236.26000000000002,3.5225000000000004,France,0.0,0.0,1,236.26000000000002,236.26000000000002,111.0,12.0,0.0,0.0,0.0,236.26000000000002,237.26000000000002,Future_Inactive
12733,134,0,22,137,383.95,3.372727272727273,USA,0.0,0.0,1,383.95,383.95,137.0,22.0,0.0,0.0,0.0,383.95,384.95,Future_Inactive
12734,252,0,4,88,110.39999999999999,1.185,France,0.0,0.0,1,110.39999999999999,110.39999999999999,88.0,4.0,0.0,0.0,110.39999999999999,0.0,0.008976660682226212,Future_Inactive
12735,215,21,38,368,779.5699999999999,5.416279069767441,France,0.0,0.0,2,389.78499999999997,459.8,184.0,21.5,0.0,0.0,779.5699999999999,0.0,0.0012811150825678672,Future_Inactive
12736,232,0,4,173,234.0,5.58,France,0.0,0.0,1,234.0,234.0,173.0,4.0,0.0,0.0,234.0,0.0,0.00425531914893617,Future_Inactive
12738,272,0,11,148,155.35,3.95,Germany,0.0,1.0,1,155.35,155.35,148.0,11.0,0.0,0.0,155.35,0.0,0.0063959066197633516,Future_Inactive
12743,34,0,114,315,540.13,3.069618320610687,Unspecified,0.0,0.0,2,270.065,344.8,157.5,64.5,0.0,0.0,0.0,540.13,541.13,Future_Inactive
12744,44,173,163,4640,14211.970000000001,35.70515957446809,Singapore,0.0,0.0,5,2842.3940000000002,4037.77,928.0,37.0,5.0,0.2999998522372026,10262.65,3949.32,0.38488451963969933,Future_High
12747,9,259,34,862,2769.4,4.622571428571429,United Kingdom,0.1,0.0,8,346.17499999999995,442.96,107.75,8.75,0.0,0.0,1320.09,1449.31,1.0978131694282751,Future_High
12748,1,271,1139,8521,13339.05,2.825159268929504,United Kingdom,0.21514360313315928,0.08616187989556136,127,105.03188976377952,837.7,67.09448818897638,14.700787401574804,29.0,0.033810354031593895,6207.23,7131.82,1.1489297271525056,Future_High
12749,30,82,113,1080,2755.23,4.7505468749999995,United Kingdom,0.0,0.0,3,918.41,1866.43,360.0,42.666666666666664,32.0,0.074777276680625,0.0,2755.23,2756.23,Future_High
12750,28,0,15,137,275.88,4.62,Poland,0.0,0.0,1,275.88,275.88,137.0,15.0,0.0,0.0,0.0,275.88,276.88,Future_Inactive
12753,35,226,114,9211,16620.91,2.186867469879518,Japan,0.2891566265060241,0.0,5,3324.182,5735.24,1842.2,33.2,25.0,0.017058599497556382,12940.51,3680.4,0.28446448675618224,Future_High
12754,135,72,49,6481,3010.74,1.125079365079365,Japan,0.0,0.0,3,1003.5799999999999,2949.12,2160.3333333333335,21.0,2.0,0.020056243408975515,61.62,2949.12,47.11146598530821,Future_Inactive
12755,180,85,4,1491,3811.95,5.0249999999999995,Japan,0.0,0.0,2,1905.975,3794.3999999999996,745.5,2.0,2.0,0.296779013780508,3811.95,0.0,0.00026226412620149756,Future_Inactive
12757,42,68,89,918,5281.08,31.4472131147541,Portugal,0.0,0.6311475409836066,7,754.4399999999999,1241.98,131.14285714285714,17.142857142857142,6.0,0.4073181242761333,0.0,5281.08,5282.08,Future_High
12758,16,159,84,2135,2791.59,1.700618556701031,Portugal,0.0,0.0,2,1395.795,1570.19,1067.5,48.5,0.0,0.0,1570.19,1221.4,0.7780090250065238,Future_Inactive
12759,71,104,60,630,1082.52,3.057272727272727,Netherlands,0.0,0.0,2,541.26,637.72,315.0,33.0,0.0,0.0,444.8,637.72,1.4327501121579185,Future_Mid
12763,38,230,16,316,494.08,1.7716666666666667,Japan,1.0,0.0,2,247.04,320.08,158.0,9.0,0.0,0.0,320.08,174.0,0.5450355051700511,Future_Inactive
12764,216,0,45,386,1693.88,5.387555555555555,Lebanon,0.0,0.0,1,1693.88,1693.88,386.0,45.0,0.0,0.0,1693.88,0.0,0.0005900122722552628,Future_Inactive
12766,49,216,161,2495,4952.1900000000005,3.2044933920704843,Portugal,0.15418502202643172,0.0,5,990.4380000000001,1206.29,499.0,45.4,0.0,0.0,4015.71,936.48,0.23339499241916892,Future_High
12769,138,0,32,356,1143.6,4.45625,Brazil,0.0,0.0,1,1143.6,1143.6,356.0,32.0,0.0,0.0,1143.6,0.0,0.0008736676568233445,Future_Inactive
12770,110,0,12,743,1351.45,2.625,Japan,0.0,0.0,1,1351.45,1351.45,743.0,12.0,0.0,0.0,0.0,1351.45,1352.45,Future_Inactive
12775,89,121,36,740,1164.68,3.9563461538461535,Netherlands,0.0,0.0,4,291.17,419.8,185.0,13.0,1.0,0.029012572114582982,450.16,714.52,1.5859562017909388,Future_Low
12778,83,129,25,458,492.06,4.101612903225806,Netherlands,0.0,0.0,4,123.015,155.65,114.5,7.75,0.0,0.0,408.06,84.0,0.20779347772942844,Future_Low
12779,89,181,68,1385,2999.41,3.882019230769231,Poland,0.0,0.0,7,428.4871428571428,752.2099999999999,197.85714285714286,14.857142857142858,7.0,0.030167716986073703,2222.2,777.2099999999999,0.35004048218783734,Future_High
12781,184,0,15,346,549.26,1.926,Czech Republic,0.0,0.0,1,549.26,549.26,346.0,15.0,2.0,0.09478055935527466,549.26,0.0,0.0018173227201686475,Future_Low
12782,49,207,73,958,2078.67,3.6970786516853935,Portugal,0.0,0.0,4,519.6675,683.9300000000001,239.5,22.25,4.0,0.026962883905124354,1562.95,515.72,0.33039419418779375,Future_Low
12785,264,0,14,131,311.95,4.828571428571428,Portugal,0.0,0.0,1,311.95,311.95,131.0,14.0,0.0,0.0,311.95,0.0,0.003195398625978591,Future_Inactive
12787,92,0,8,65,158.1,4.085,Netherlands,0.0,0.0,1,158.1,158.1,65.0,8.0,0.0,0.0,0.0,158.1,159.1,Future_Low
12790,92,0,21,166,324.92,3.948571428571429,Netherlands,0.0,0.0,1,324.92,324.92,166.0,21.0,0.0,0.0,0.0,324.92,325.92,Future_Inactive
12791,273,0,2,97,192.60000000000002,8.425,Netherlands,0.0,0.0,1,192.60000000000002,192.60000000000002,97.0,2.0,0.0,0.0,192.60000000000002,0.0,0.005165289256198346,Future_Inactive
12792,156,0,25,217,400.53999999999996,3.5096,Portugal,0.0,0.0,1,400.53999999999996,400.53999999999996,217.0,25.0,0.0,0.0,400.53999999999996,0.0,0.0024904119141305973,Future_Inactive
12793,234,36,21,295,545.48,3.91,Portugal,0.7083333333333334,0.0,2,272.74,413.68,147.5,12.0,0.0,0.0,545.48,0.0,0.0018298931342409603,Future_Inactive
12797,265,0,13,118,254.03,5.143846153846154,Portugal,0.0,0.0,1,254.03,254.03,118.0,13.0,4.0,0.19067796610169493,254.03,0.0,0.003921107320707368,Future_Inactive
12798,70,0,6,2256,1607.04,0.7999999999999999,Japan,0.0,0.0,1,1607.04,1607.04,2256.0,6.0,0.0,0.0,0.0,1607.04,1608.04,Future_High
12802,86,0,25,314,427.58,2.52,Netherlands,0.0,0.0,1,427.58,427.58,314.0,25.0,1.0,0.03389217768539021,0.0,427.58,428.58,Future_Inactive
12808,84,184,16,108,281.35,4.5,Portugal,0.0,0.0,2,140.675,151.95000000000002,54.0,8.0,0.0,0.0,129.4,151.95000000000002,1.1729294478527608,Future_Low
12809,77,0,25,220,489.31,4.4092,Portugal,0.0,0.0,1,489.31,489.31,220.0,25.0,1.0,0.010014971877149679,0.0,489.31,490.31,Future_Inactive
12811,160,23,27,230,514.85,4.12258064516129,Portugal,0.0,0.0,3,171.61666666666667,247.60000000000002,76.66666666666667,10.333333333333334,0.0,0.0,514.85,0.0,0.0019385480275273819,Future_Inactive
12814,1,0,2,49,125.92,20.895,Poland,0.0,0.0,1,125.92,125.92,49.0,2.0,0.0,0.0,0.0,125.92,126.92,Future_Inactive
12815,47,50,38,379,1063.46,5.401489361702128,Poland,0.0,0.0,2,531.73,615.36,189.5,23.5,0.0,0.0,0.0,1063.46,1064.46,Future_Inactive
12816,76,0,15,77,318.65000000000003,8.7,Poland,0.0,0.0,1,318.65000000000003,318.65000000000003,77.0,15.0,0.0,0.0,0.0,318.65000000000003,319.65000000000003,Future_Low
12817,181,0,4,53,166.04,12.0725,Austria,0.0,0.0,1,166.04,166.04,53.0,4.0,0.0,0.0,166.04,0.0,0.0059865900383141765,Future_Inactive
12818,161,0,14,929,1542.08,6.755,Austria,0.0,0.0,1,1542.08,1542.08,929.0,14.0,2.0,0.015450621855606916,1542.08,0.0,0.0006480545402701092,Future_Inactive
12820,226,0,11,146,170.46,1.6263636363636365,United Kingdom,0.0,0.0,1,170.46,170.46,146.0,11.0,0.0,0.0,170.46,0.0,0.005832264084917765,Future_Mid
12821,114,0,6,70,92.72,2.4983333333333335,United Kingdom,0.0,0.0,1,92.72,92.72,70.0,6.0,0.0,0.0,0.0,92.72,93.72,Future_Inactive
12823,27,169,1,160,1224.0,7.65,United Kingdom,0.0,0.0,4,306.0,459.0,40.0,1.0,0.0,0.0,994.5,229.5,0.23154193872425916,Future_Mid
12826,78,186,50,721,818.62,1.5548214285714284,United Kingdom,0.0,0.0,4,204.655,329.38,180.25,14.0,3.0,0.007997867235403891,697.1,121.52,0.1755049419853889,Future_Mid
12828,12,17,19,132,338.2,3.407142857142857,United Kingdom,0.0,0.0,2,169.1,227.0,66.0,10.5,0.0,0.0,0.0,338.2,339.2,Future_Mid
12829,236,23,9,376,293.0,10.368181818181817,United Kingdom,0.0,0.0,2,146.5,207.25,188.0,5.5,1.0,0.11998798618411174,293.0,0.0,0.003401360544217687,Future_Inactive
12830,34,37,13,6344,5204.0,1.2003703703703703,United Kingdom,0.0,0.0,4,1301.0,2221.84,1586.0,6.75,1.0,0.012568687574000424,0.0,5204.0,5205.0,Future_High
12831,162,0,9,135,215.05,3.066666666666667,United Kingdom,0.0,0.0,1,215.05,215.05,135.0,9.0,0.0,0.0,215.05,0.0,0.004628558204119416,Future_Inactive
12833,45,0,24,156,417.38,5.44125,United Kingdom,1.0,0.0,1,417.38,417.38,156.0,24.0,0.0,0.0,0.0,417.38,418.38,Future_Inactive
12834,182,0,18,110,312.38,4.893888888888889,United Kingdom,0.0,0.0,1,312.38,312.38,110.0,18.0,0.0,0.0,312.38,0.0,0.003191014104282341,Future_Inactive
12836,37,174,110,858,2112.53,4.76,United Kingdom,0.0,0.0,3,704.1766666666667,846.69,286.0,41.666666666666664,0.0,0.0,846.69,1265.84,1.494461418678998,Future_Mid
12837,73,0,12,24,134.1,6.745833333333334,United Kingdom,1.0,0.0,1,134.1,134.1,24.0,12.0,0.0,0.0,0.0,134.1,135.1,Future_Inactive
12838,273,0,59,228,390.79,1.9733898305084747,United Kingdom,0.0,0.0,1,390.79,390.79,228.0,59.0,0.0,0.0,390.79,0.0,0.002552387758748309,Future_Low
12839,13,253,66,1785,2683.81,1.966751592356688,United Kingdom,0.0,0.0,8,335.47625,402.61,223.125,19.5,1.0,0.0012280851918976148,1089.01,1594.8,1.4640232658415977,Future_High
12840,43,82,67,1511,2726.77,2.035486725663717,United Kingdom,0.0,0.0,4,681.6925,854.0699999999999,377.75,28.25,3.0,0.004563259554552855,0.0,2726.77,2727.77,Future_Inactive
12841,6,265,167,1805,2829.91,2.4395904436860065,United Kingdom,0.378839590443686,0.05802047781569966,17,166.46529411764706,294.25,106.17647058823529,17.235294117647058,0.0,0.0,1823.64,1006.27,0.552037662223781,Future_High
12842,208,0,14,157,310.73,7.485,United Kingdom,0.0,0.0,1,310.73,310.73,157.0,14.0,0.0,0.0,310.73,0.0,0.0032079042761364,Future_Mid
12843,59,104,68,780,1692.31,3.4500980392156864,United Kingdom,0.1568627450980392,0.0,7,241.75857142857143,444.45,111.42857142857143,14.142857142857142,5.0,0.012545147945221467,93.4,1598.91,16.948199152542372,Future_Low
12844,30,0,27,77,174.88,2.367857142857143,United Kingdom,0.0,0.0,1,174.88,174.88,77.0,27.0,0.0,0.0,0.0,174.88,175.88,Future_Low
12845,167,22,26,204,354.09,2.7903703703703706,United Kingdom,0.0,0.0,4,88.5225,208.79999999999998,51.0,6.75,0.0,0.0,354.09,0.0,0.0028161874454363683,Future_Inactive
12849,168,0,33,489,668.8499999999999,2.350882352941176,United Kingdom,0.0,0.0,1,668.8499999999999,668.8499999999999,489.0,33.0,0.0,0.0,668.8499999999999,0.0,0.0014928715384041205,Future_Low
12852,194,0,17,149,311.55,3.65,United Kingdom,0.0,0.0,1,311.55,311.55,149.0,17.0,3.0,0.03649296428019174,311.55,0.0,0.003199488081906895,Future_Inactive
12853,34,181,66,800,1957.1000000000001,4.250512820512821,United Kingdom,0.0,0.0,6,326.18333333333334,897.8,133.33333333333334,13.0,6.0,0.03709717097170972,885.0,1072.1,1.2111738148984197,Future_Inactive
12854,141,77,71,422,810.37,2.545526315789474,United Kingdom,0.0,0.0,2,405.185,420.46999999999997,211.0,37.5,5.0,0.04179870406281039,810.37,0.0,0.0012324833306629527,Future_Mid
12855,272,0,3,30,38.1,1.55,United Kingdom,0.0,0.0,1,38.1,38.1,30.0,3.0,0.0,0.0,38.1,0.0,0.02557544757033248,Future_Inactive
12857,110,91,37,343,1106.4,4.142391304347826,United Kingdom,0.0,0.0,2,553.2,801.6,171.5,23.0,0.0,0.0,801.6,304.8,0.3810117119362073,Future_Inactive
12864,38,0,3,216,147.12,0.6566666666666666,United Kingdom,1.0,0.0,1,147.12,147.12,216.0,3.0,0.0,0.0,0.0,147.12,148.12,Future_Inactive
12865,23,0,58,550,981.38,2.9927586206896555,Austria,0.0,0.0,1,981.38,981.38,550.0,58.0,1.0,0.020129001337939573,0.0,981.38,982.38,Future_Mid
12866,183,0,26,171,559.12,4.4157692307692304,Belgium,0.0,0.0,1,559.12,559.12,171.0,26.0,0.0,0.0,559.12,0.0,0.0017853317146325786,Future_Inactive
12867,65,194,186,2594,2343.3,1.3234604105571848,United Kingdom,0.0,0.0,5,468.66,613.91,518.8,66.6,4.0,0.0035083242967404475,1278.1399999999999,1065.16,0.8334975061369359,Future_High
12868,85,187,72,928,1607.0600000000002,2.611682242990654,United Kingdom,0.0,0.0,6,267.84333333333336,437.52000000000004,154.66666666666666,17.833333333333332,0.0,0.0,921.48,685.58,0.744276298673142,Future_Inactive
12871,107,0,4,80,132.0,1.475,United Kingdom,0.0,0.0,1,132.0,132.0,80.0,4.0,0.0,0.0,0.0,132.0,133.0,Future_Low
12872,226,38,58,319,599.97,2.4956060606060606,United Kingdom,0.0,0.0,2,299.985,378.53000000000003,159.5,33.0,0.0,0.0,599.97,0.0,0.0016639765712098773,Future_Inactive
12873,182,0,4,128,374.0,4.0375,United Kingdom,0.0,0.0,1,374.0,374.0,128.0,4.0,0.0,0.0,374.0,0.0,0.0026666666666666666,Future_Inactive
12875,43,219,1,2019,343.2300000000001,0.17,United Kingdom,0.5,0.0,2,171.61500000000004,293.76000000000005,1009.5,1.0,0.0,0.0,293.76000000000005,49.470000000000006,0.1712240466820464,Future_Inactive
12876,96,0,34,651,726.43,2.2811764705882354,Belgium,0.0,0.0,1,726.43,726.43,651.0,34.0,0.0,0.0,0.0,726.43,727.43,Future_High
12877,24,233,41,705,1059.23,2.0756164383561644,United Kingdom,0.2465753424657534,0.0,9,117.69222222222223,276.79,78.33333333333333,8.11111111111111,0.0,0.0,499.72,559.51,1.1194080524045373,Future_Mid
12878,136,29,38,547,854.99,2.0325531914893618,United Kingdom,0.5957446808510638,0.0,2,427.495,539.81,273.5,23.5,0.0,0.0,315.18,539.81,1.710449743816813,Future_Inactive
12881,175,0,7,21,298.0,32.971428571428575,United Kingdom,0.0,0.0,1,298.0,298.0,21.0,7.0,0.0,0.0,298.0,0.0,0.0033444816053511705,Future_Inactive
12885,23,0,39,346,645.35,4.188461538461539,United Kingdom,0.0,0.0,1,645.35,645.35,346.0,39.0,1.0,0.02559263173788313,0.0,645.35,646.35,Future_Mid
12886,119,0,47,416,775.0,3.8691489361702125,United Kingdom,0.0,0.0,1,775.0,775.0,416.0,47.0,4.0,0.034039211775996815,0.0,775.0,776.0,Future_Mid
12888,114,41,4,76,354.12,5.896,United Kingdom,0.0,0.0,2,177.06,272.76,38.0,2.5,2.0,0.10228914746368543,272.76,81.36,0.3008474576271187,Future_Inactive
12891,85,107,2,950,331.0,0.3666666666666667,United Kingdom,0.3333333333333333,0.0,3,110.33333333333333,204.00000000000003,316.6666666666667,1.0,0.0,0.0,42.0,289.0,6.744186046511628,Future_Inactive
12897,104,97,3,110,216.5,2.7,United Kingdom,0.0,0.0,2,108.25,128.8,55.0,2.0,0.0,0.0,128.8,87.7,0.6833590138674884,Future_Inactive
12901,8,162,29,12420,11639.470000000001,1.5598888888888887,United Kingdom,0.0,0.03333333333333333,19,612.6036842105264,2843.6,653.6842105263158,4.7368421052631575,8.0,0.08313883280779462,3274.3199999999997,8365.15,2.5543000378588965,Future_High
12902,164,0,10,66,138.68,5.619,United Kingdom,1.0,0.0,1,138.68,138.68,66.0,10.0,0.0,0.0,138.68,0.0,0.00715922107674685,Future_Inactive
12904,72,0,32,165,244.69,3.1,United Kingdom,0.0,0.0,1,244.69,244.69,165.0,32.0,0.0,0.0,0.0,244.69,245.69,Future_Low
12908,76,136,1,1200,750.0,0.625,United Kingdom,0.0,0.0,2,375.0,432.0,600.0,1.0,1.0,0.34210526315789475,318.0,432.0,1.3573667711598747,Future_Inactive
12909,101,51,55,786,1528.37,8.53876923076923,United Kingdom,0.3384615384615385,0.0,3,509.45666666666665,624.92,262.0,21.333333333333332,3.0,0.02702410206134376,903.45,624.92,0.6920448891591574,Future_Mid
12910,34,107,26,830,1486.9,2.1630555555555557,United Kingdom,0.0,0.0,4,371.725,720.22,207.5,9.0,0.0,0.0,720.22,766.6800000000001,1.0644186239982252,Future_High
12913,182,85,12,345,866.39,3.68,United Kingdom,0.0,0.0,3,288.7966666666667,417.62,115.0,5.0,0.0,0.0,866.39,0.0,0.0011528839391738435,Future_High
12915,48,223,19,93,363.65,6.788636363636363,United Kingdom,0.0,0.0,2,181.825,199.65,46.5,11.0,0.0,0.0,199.65,164.0,0.822327435833541,Future_Inactive
12916,38,181,53,1083,2944.95,4.12378640776699,United Kingdom,1.0,0.0,4,736.2375,807.05,270.75,24.25,2.0,0.008016842105263157,1456.83,1488.12,1.0214634079419411,Future_Inactive
12917,28,0,2,120,594.0,4.95,United Kingdom,0.0,0.0,1,594.0,594.0,120.0,2.0,0.0,0.0,0.0,594.0,595.0,Future_Inactive
12919,16,53,12,203,441.65,2.7125,United Kingdom,0.0,0.0,3,147.21666666666667,206.2,67.66666666666667,5.333333333333333,1.0,0.03475030051360507,0.0,441.65,442.65,Future_Mid
12921,30,242,168,5441,8924.55,2.2033962264150944,United Kingdom,0.09433962264150944,0.0,22,405.6613636363636,678.15,247.3181818181818,19.272727272727273,18.0,0.016329207402427066,4237.25,4687.3,1.1061876953931458,Future_High
12922,61,0,28,370,405.38,1.627857142857143,United Kingdom,0.0,0.0,1,405.38,405.38,370.0,28.0,0.0,0.0,0.0,405.38,406.38,Future_Inactive
12924,98,129,10,285,655.27,3.8213333333333335,United Kingdom,0.13333333333333333,0.0,3,218.42333333333332,367.28000000000003,95.0,4.333333333333333,1.0,0.005690267366696003,287.99,367.28000000000003,1.2743693553410154,Future_Low
12928,47,211,42,690,1136.14,1.9633333333333332,United Kingdom,0.0,0.0,3,378.71333333333337,392.34000000000003,230.0,18.0,0.0,0.0,780.04,356.1,0.45721089828946027,Future_Mid
12929,211,0,8,37,117.85,7.11875,United Kingdom,0.0,0.0,1,117.85,117.85,37.0,8.0,1.0,0.09762633996937213,117.85,0.0,0.008413967185527976,Future_Inactive
12930,71,0,14,108,221.56,3.4935714285714288,United Kingdom,0.0,0.0,1,221.56,221.56,108.0,14.0,2.0,0.025938626571704915,0.0,221.56,222.56,Future_Low
12931,1,256,27,21384,32530.7,1.8075,United Kingdom,0.0,0.4,11,2957.336363636364,18841.48,1944.0,5.454545454545454,17.0,0.1882271767108811,3423.9,29106.8,8.498875879587725,Future_High
12933,71,112,48,378,357.49,3.008979591836735,United Kingdom,0.0,0.0,2,178.745,246.73999999999998,189.0,24.0,1.0,0.00348441768411663,110.75,246.73999999999998,2.216912751677852,Future_Low
12935,9,209,58,1268,1535.34,2.134673913043478,United Kingdom,0.0,0.0,4,383.835,434.6,317.0,23.0,1.0,0.0027604751914470736,431.63,1103.71,2.5534752559924185,Future_Mid
12937,97,69,27,268,428.23,2.2950000000000004,United Kingdom,0.0,0.0,2,214.115,217.43,134.0,14.0,0.0,0.0,217.43,210.8,0.9696470265073479,Future_High
12939,38,196,20,3208,7990.08,2.44,United Kingdom,0.3548387096774194,0.0,4,1997.52,3376.08,802.0,7.75,0.0,0.0,7228.32,761.76,0.10550923185029851,Future_High
12942,31,234,68,198,675.6,4.314857142857143,United Kingdom,0.6571428571428571,0.0,3,225.20000000000002,279.08,66.0,23.333333333333332,0.0,0.0,258.75,416.85,1.6086621751684314,Future_Inactive
12944,254,0,14,145,286.95,3.3285714285714287,United Kingdom,0.0,0.0,1,286.95,286.95,145.0,14.0,0.0,0.0,286.95,0.0,0.0034728251432540372,Future_Low
12945,188,0,23,165,462.95,4.95,United Kingdom,0.0,0.0,1,462.95,462.95,165.0,23.0,0.0,0.0,462.95,0.0,0.0021554046772281495,Future_Inactive
12947,43,229,83,1165,1603.99,3.270309278350515,United Kingdom,0.0,0.0,6,267.33166666666665,429.57,194.16666666666666,16.166666666666668,6.0,0.10923590401457219,605.7,998.29,1.647090819185759,Future_Inactive
12948,5,159,64,799,1423.96,2.921294117647059,United Kingdom,0.29411764705882354,0.0,4,355.99,537.7,199.75,21.25,2.0,0.0078385741459438,528.96,895.0,1.6906936372556418,Future_Mid
12949,14,138,144,2048,3449.42,2.7332960893854747,United Kingdom,0.0,0.0,7,492.7742857142857,1534.3,292.57142857142856,25.571428571428573,4.0,0.0069667954468249265,1534.3,1915.12,1.2480427278056405,Future_Mid
12951,73,157,39,331,751.78,3.063111111111111,United Kingdom,0.15555555555555556,0.2,5,150.35600000000002,188.69,66.2,9.0,2.0,0.0284318540153532,461.28000000000003,290.5,0.6305702171843903,Future_Low
12955,43,124,42,1102,1346.9199999999998,1.98484375,United Kingdom,0.0,0.0,5,269.384,473.82,220.4,12.8,3.0,0.01671752493028281,473.82,873.0999999999999,1.8409081336085251,Future_High
12956,206,0,19,34,108.07,4.365263157894737,United Kingdom,1.0,0.0,1,108.07,108.07,34.0,19.0,0.0,0.0,108.07,0.0,0.009168423947923353,Future_Inactive
12957,86,153,97,1248,1715.29,2.9950925925925924,United Kingdom,0.0,0.0,4,428.8225,586.52,312.0,27.0,4.0,0.009155816398442646,744.1899999999999,971.1,1.304499523611428,Future_High
12962,13,0,11,78,170.54000000000002,3.210909090909091,United Kingdom,0.0,0.0,1,170.54000000000002,170.54000000000002,78.0,11.0,0.0,0.0,0.0,170.54000000000002,171.54000000000002,Future_Low
12963,265,0,16,172,365.8,2.840625,United Kingdom,0.0,0.0,1,365.8,365.8,172.0,16.0,1.0,0.04090194022024121,365.8,0.0,0.0027262813522355507,Future_High
12967,258,13,19,438,1660.9,6.476315789473684,United Kingdom,0.0,0.21052631578947367,2,830.45,1368.4,219.0,9.5,1.0,0.017712984593547622,1660.9,0.0,0.0006017209218364523,Future_Inactive
12968,12,0,5,73,135.95,3.29,United Kingdom,0.0,0.0,1,135.95,135.95,73.0,5.0,0.0,0.0,0.0,135.95,136.95,Future_Inactive
12970,222,0,8,8,23.8,2.975,United Kingdom,0.0,0.0,2,11.899999999999999,17.2,4.0,4.0,0.0,0.0,23.8,0.0,0.04032258064516129,Future_Mid
12971,7,264,80,5668,7854.76,2.4816504854368935,United Kingdom,0.05339805825242718,0.0,61,128.7665573770492,411.08000000000004,92.91803278688525,3.377049180327869,3.0,0.03199862959845509,3184.41,4670.35,1.466483121482007,Future_High
12974,97,0,8,24,144.8,7.7,United Kingdom,0.0,0.0,1,144.8,144.8,24.0,8.0,0.0,0.0,0.0,144.8,145.8,Future_Inactive
12976,111,0,22,561,738.6,1.5345454545454544,United Kingdom,0.0,0.0,1,738.6,738.6,561.0,22.0,0.0,0.0,0.0,738.6,739.6,Future_Inactive
12977,56,0,9,12,39.239999999999995,4.23,United Kingdom,0.0,0.0,1,39.239999999999995,39.239999999999995,12.0,9.0,0.0,0.0,0.0,39.239999999999995,40.239999999999995,Future_Inactive
12980,57,200,6,886,7374.900000000001,15.904500000000002,United Kingdom,0.15,0.0,9,819.4333333333334,1077.1200000000001,98.44444444444444,2.2222222222222223,4.0,0.03693517930877779,3673.7400000000002,3701.16,1.0074617523960878,Future_Inactive
12981,33,0,11,134,187.18,1.5372727272727273,United Kingdom,0.0,0.0,1,187.18,187.18,134.0,11.0,0.0,0.0,0.0,187.18,188.18,Future_Low
12982,142,0,28,288,390.54,1.8478571428571429,United Kingdom,0.0,0.0,1,390.54,390.54,288.0,28.0,6.0,0.03302961275626424,390.54,0.0,0.0025540174694794913,Future_Inactive
12987,97,0,14,108,304.3,7.903571428571429,United Kingdom,0.0,0.0,1,304.3,304.3,108.0,14.0,2.0,0.043081761006289306,0.0,304.3,305.3,Future_Low
12988,192,0,75,126,505.82,4.281807228915662,United Kingdom,1.0,0.0,1,505.82,505.82,126.0,75.0,0.0,0.0,505.82,0.0,0.001973087092064244,Future_Inactive
12989,57,206,14,2046,4469.14,4.095,United Kingdom,0.038461538461538464,0.0,8,558.6425,1141.2,255.75,3.25,2.0,0.0014076828200132278,2629.06,1840.08,0.7000144483395816,Future_High
12990,85,124,5,130,263.9,2.0242857142857145,United Kingdom,0.0,0.0,2,131.95,166.4,65.0,3.5,0.0,0.0,97.5,166.4,1.699492385786802,Future_Low
12991,12,0,22,361,303.56,1.3163636363636364,United Kingdom,0.0,0.0,1,303.56,303.56,361.0,22.0,0.0,0.0,0.0,303.56,304.56,Future_Low
12993,20,177,23,204,372.4,2.1470833333333332,United Kingdom,0.0,0.0,3,124.13333333333333,197.1,68.0,8.0,0.0,0.0,102.89999999999999,269.5,2.6034648700673726,Future_Low
12994,20,148,38,303,645.47,4.207560975609756,United Kingdom,0.0,0.0,2,322.735,352.6,151.5,20.5,12.0,0.10060334136859558,352.6,292.87,0.8310803167420814,Future_Low
12997,136,80,30,300,608.47,3.1796969696969697,United Kingdom,0.5454545454545454,0.0,2,304.235,305.55,150.0,16.5,6.0,0.03976833367525683,305.55,302.92,0.9914206491600065,Future_Mid
12999,96,49,25,342,455.88,2.549285714285714,United Kingdom,0.0,0.0,3,151.96,320.28000000000003,114.0,9.333333333333334,0.0,0.0,320.28000000000003,135.6,0.42517430278884455,Future_Inactive
13000,6,258,30,379,534.85,3.0125806451612904,United Kingdom,0.0,0.0,3,178.28333333333333,256.78,126.33333333333333,10.333333333333334,0.0,0.0,458.53000000000003,76.32000000000001,0.16825887319652688,Future_Inactive
13001,58,168,154,4864,8582.57,2.376354515050167,United Kingdom,0.03678929765886288,0.0,11,780.2336363636364,1820.67,442.1818181818182,26.454545454545453,3.0,0.002429252383050095,6046.92,2535.65,0.41942519080940227,Future_High
13002,218,0,7,73,120.94999999999999,2.8214285714285716,United Kingdom,0.0,0.0,1,120.94999999999999,120.94999999999999,73.0,7.0,0.0,0.0,120.94999999999999,0.0,0.008200082000820008,Future_Inactive
13003,5,109,4,103,149.05,2.25,United Kingdom,0.0,0.0,3,49.68333333333334,60.0,34.333333333333336,2.0,0.0,0.0,0.0,149.05,150.05,Future_Inactive
13004,14,243,193,3275,3785.09,1.899296296296296,United Kingdom,0.0,0.0,12,315.4241666666667,451.78,272.9166666666667,22.5,3.0,0.009576914925072415,2043.82,1741.27,0.8520407664244286,Future_High
13005,73,72,21,172,513.7,5.117307692307692,United Kingdom,0.3076923076923077,0.0,2,256.85,321.65,86.0,13.0,3.0,0.0801325096248545,321.65,192.05,0.598326359832636,Future_Inactive
13008,223,0,14,175,229.46999999999997,1.7342857142857144,United Kingdom,0.0,0.0,1,229.46999999999997,229.46999999999997,175.0,14.0,1.0,0.1818376296930153,229.46999999999997,0.0,0.004338959517507702,Future_Inactive
13011,272,0,3,13,50.550000000000004,4.216666666666667,United Kingdom,0.0,0.0,1,50.550000000000004,50.550000000000004,13.0,3.0,0.0,0.0,50.550000000000004,0.0,0.019398642095053344,Future_Inactive
13012,48,146,42,511,1012.3100000000001,3.1676470588235297,United Kingdom,0.0,0.0,4,253.07750000000001,377.27000000000004,127.75,12.75,17.0,0.2487662612335161,377.27000000000004,635.0400000000001,1.681444470880588,Future_Mid
13013,7,263,130,1672,3382.79,2.962037037037037,United Kingdom,0.0,0.0,8,422.84875,841.94,209.0,20.25,3.0,0.007030181346389804,2177.66,1205.13,0.5536109351619803,Future_High
13014,13,167,53,616,2022.48,4.395238095238095,United Kingdom,0.0,0.1746031746031746,5,404.496,515.38,123.2,12.6,8.0,0.028928377658169805,833.18,1189.3,1.4269102591766765,Future_High
13015,97,52,80,705,1763.04,6.926136363636363,United Kingdom,0.0,0.0,4,440.76,783.67,176.25,22.0,0.0,0.0,979.37,783.67,0.8003814886216428,Future_High
13016,23,0,28,315,425.25,3.214642857142857,United Kingdom,0.0,0.0,1,425.25,425.25,315.0,28.0,0.0,0.0,0.0,425.25,426.25,Future_Low
13018,22,173,227,3576,4788.85,2.131618122977346,United Kingdom,0.21359223300970873,0.0,17,281.69705882352946,493.45,210.35294117647058,18.176470588235293,1.0,0.0010325837540156035,1468.5,3320.35,2.2601905410003402,Future_High
13021,66,192,48,527,1152.47,3.86448275862069,United Kingdom,0.603448275862069,0.0,4,288.1175,387.47,131.75,14.5,3.0,0.02699987335894297,416.70000000000005,735.77,1.763873593488149,Future_High
13023,29,0,20,159,336.40000000000003,4.1274999999999995,United Kingdom,0.0,0.0,1,336.40000000000003,336.40000000000003,159.0,20.0,0.0,0.0,0.0,336.40000000000003,337.40000000000003,Future_Low
13026,120,54,5,348,243.71999999999997,0.7316666666666666,United Kingdom,0.0,0.0,2,121.85999999999999,159.35999999999999,174.0,3.0,0.0,0.0,84.36,159.35999999999999,1.8786316776007497,Future_Mid
13027,13,240,6,17280,6912.0,0.4,United Kingdom,0.0,0.0,6,1152.0,2016.0,2880.0,4.333333333333333,0.0,0.0,1824.0,5088.0,2.7884931506849315,Future_Inactive
13029,38,214,6,92,773.1999999999999,6.6899999999999995,United Kingdom,0.8571428571428571,0.0,2,386.6,390.7,46.0,3.5,0.0,0.0,382.5,390.7,1.0213820078226858,Future_Mid
13030,268,0,50,174,402.36,3.2338596491228073,United Kingdom,0.0,0.0,1,402.36,402.36,174.0,50.0,0.0,0.0,402.36,0.0,0.0024791749305831017,Future_Low
13033,257,0,11,83,190.55,2.640909090909091,United Kingdom,0.0,0.0,1,190.55,190.55,83.0,11.0,0.0,0.0,190.55,0.0,0.0052205690420255805,Future_Inactive
13034,269,0,11,116,165.86,1.6827272727272728,United Kingdom,1.0,0.0,1,165.86,165.86,116.0,11.0,0.0,0.0,165.86,0.0,0.005993048064245474,Future_Mid
13035,160,0,12,212,333.0,2.0166666666666666,United Kingdom,0.0,0.0,1,333.0,333.0,212.0,12.0,0.0,0.0,333.0,0.0,0.0029940119760479044,Future_Mid
13037,38,118,44,431,881.07,3.8214583333333336,United Kingdom,0.3125,0.0,3,293.69,326.9,143.66666666666666,16.0,0.0,0.0,250.42000000000002,630.65,2.5123299657942884,Future_Inactive
13038,83,106,22,280,591.76,2.271818181818182,United Kingdom,0.0,0.0,2,295.88,395.1,140.0,11.0,0.0,0.0,395.1,196.66,0.4990154001514769,Future_Low
13043,173,0,13,254,516.42,5.680000000000001,United Kingdom,0.0,0.0,1,516.42,516.42,254.0,13.0,1.0,0.07990806563685926,516.42,0.0,0.001932665919369178,Future_Inactive
13044,191,0,33,429,560.47,3.258787878787879,United Kingdom,0.0,0.0,1,560.47,560.47,429.0,33.0,0.0,0.0,560.47,0.0,0.001781039058186546,Future_Inactive
13046,166,0,14,76,197.72,4.052857142857143,United Kingdom,0.0,0.0,1,197.72,197.72,76.0,14.0,0.0,0.0,197.72,0.0,0.005032206119162641,Future_Mid
13047,27,246,84,1164,2682.01,4.047214285714285,United Kingdom,0.22857142857142856,0.0,8,335.25125,562.4,145.5,17.5,19.0,0.04371033302431719,1252.68,1429.33,1.1409051751643162,Future_Mid
13048,13,213,69,947,1358.55,1.723809523809524,United Kingdom,0.38095238095238093,0.0,3,452.84999999999997,477.61,315.6666666666667,34.666666666666664,1.0,0.021605271686291457,923.42,435.13,0.47178771554055515,Future_Mid
13049,218,0,7,78,153.78,2.502857142857143,United Kingdom,0.0,0.0,1,153.78,153.78,78.0,7.0,0.0,0.0,153.78,0.0,0.006460783046905285,Future_Mid
13050,6,260,211,2707,4509.74,3.048312883435583,United Kingdom,0.05214723926380368,0.0,13,346.9030769230769,585.17,208.23076923076923,24.923076923076923,16.0,0.02825966571067188,2530.88,1978.86,0.7819722893660046,Future_High
13052,112,0,18,222,348.15000000000003,3.2938888888888886,United Kingdom,0.0,0.0,1,348.15000000000003,348.15000000000003,222.0,18.0,0.0,0.0,0.0,348.15000000000003,349.15000000000003,Future_Inactive
13055,113,0,22,252,344.86,2.671818181818182,United Kingdom,0.0,0.0,1,344.86,344.86,252.0,22.0,0.0,0.0,0.0,344.86,345.86,Future_Mid
13058,51,0,3,9,47.550000000000004,5.283333333333334,United Kingdom,0.0,0.0,1,47.550000000000004,47.550000000000004,9.0,3.0,0.0,0.0,0.0,47.550000000000004,48.550000000000004,Future_Low
13059,149,0,8,35,183.4,5.21875,United Kingdom,0.0,0.0,1,183.4,183.4,35.0,8.0,0.0,0.0,183.4,0.0,0.005422993492407809,Future_Inactive
13060,153,0,15,123,307.53,3.982666666666667,United Kingdom,0.0,0.0,1,307.53,307.53,123.0,15.0,0.0,0.0,307.53,0.0,0.003241175898616018,Future_Inactive
13062,91,0,11,343,346.98,6.819090909090908,United Kingdom,0.0,0.0,1,346.98,346.98,343.0,11.0,0.0,0.0,0.0,346.98,347.98,Future_Inactive
13064,52,174,31,284,659.25,3.775555555555555,United Kingdom,1.0,0.0,2,329.625,455.95,142.0,17.5,0.0,0.0,203.3,455.95,2.2366617719040627,Future_Mid
13065,273,0,14,74,205.86,5.222142857142857,United Kingdom,0.0,0.0,1,205.86,205.86,74.0,14.0,0.0,0.0,205.86,0.0,0.004834187373102581,Future_Inactive
13068,219,0,1,100,165.0,1.65,United Kingdom,0.0,0.0,1,165.0,165.0,100.0,1.0,0.0,0.0,165.0,0.0,0.006024096385542169,Future_Low
13069,19,250,228,3467,3393.26,1.7410942249240122,United Kingdom,0.3495440729483283,0.0,19,178.59263157894736,340.94,182.47368421052633,17.05263157894737,22.0,0.10881920369786742,1942.98,1450.28,0.7465508904412597,Future_Mid
13070,92,0,9,110,228.8,2.08,United Kingdom,0.0,0.0,1,228.8,228.8,110.0,9.0,0.0,0.0,0.0,228.8,229.8,Future_Inactive
13072,166,0,7,69,177.15,3.3500000000000005,United Kingdom,0.0,0.0,1,177.15,177.15,69.0,7.0,0.0,0.0,177.15,0.0,0.005613247263541959,Future_Inactive
13075,29,0,22,485,919.61,2.0395454545454546,United Kingdom,0.0,0.0,1,919.61,919.61,485.0,22.0,0.0,0.0,0.0,919.61,920.61,Future_Inactive
13077,190,76,61,606,576.19,2.1451612903225805,United Kingdom,0.0,0.0,3,192.06333333333336,313.72,202.0,20.666666666666668,0.0,0.0,576.19,0.0,0.0017325317486442937,Future_Low
13078,6,260,81,2500,6917.150000000001,4.0705511811023625,United Kingdom,0.06299212598425197,0.0,15,461.1433333333334,846.45,166.66666666666666,16.933333333333334,15.0,0.0204737366056193,3530.01,3387.14,0.95953848898757,Future_High
13079,40,0,1,4,23.8,5.95,United Kingdom,0.0,0.0,1,23.8,23.8,4.0,1.0,0.0,0.0,0.0,23.8,24.8,Future_Low
13080,79,0,6,120,58.08,0.5783333333333333,United Kingdom,0.0,0.0,1,58.08,58.08,120.0,6.0,0.0,0.0,0.0,58.08,59.08,Future_Inactive
13081,43,227,424,12665,18870.12,2.321968085106383,United Kingdom,0.0,0.0,8,2358.765,4655.85,1583.125,94.0,26.0,0.015862403105828798,9807.66,9062.46,0.9240263195992112,Future_High
13082,26,212,63,4324,3613.63,2.9687671232876713,United Kingdom,0.0,0.0,9,401.51444444444445,1278.1,480.44444444444446,8.11111111111111,2.0,0.004997549411032606,1085.94,2527.69,2.3264301617384584,Future_Inactive
13085,57,137,17,216,416.08000000000004,4.003636363636364,United Kingdom,0.0,0.0,2,208.04000000000002,278.1,108.0,11.0,7.0,0.2567079924255958,278.1,137.98000000000002,0.49795772124686494,Future_Inactive
13089,0,269,512,21568,38946.9,2.5776259541984734,United Kingdom,0.06946564885496183,0.0,69,564.4478260869565,2415.04,312.57971014492756,18.956521739130434,37.0,0.034878476696469284,22197.43,16749.47,0.7545790400492287,Future_High
13090,36,236,56,1133,4912.02,5.331842105263157,United Kingdom,0.0,0.0,9,545.78,968.4,125.88888888888889,8.444444444444445,4.0,0.04047116736990154,3111.6,1800.42,0.5787508835057509,Future_High
13092,111,147,15,95,439.75,5.907142857142857,United Kingdom,0.0,0.0,4,109.9375,185.45,23.75,5.25,1.0,0.03932277444019661,295.65,144.1,0.48912860273049047,Future_Low
13093,175,97,97,3961,7832.47,3.273647798742138,United Kingdom,0.0,0.0,8,979.05875,1827.91,495.125,19.875,11.0,0.011484867109990951,7832.47,0.0,0.00012765734725479256,Future_Inactive
13094,29,239,4,1356,1545.72,1.291,United Kingdom,0.15,0.0,10,154.572,228.96000000000004,135.6,2.0,6.0,0.12383090160867939,528.96,1016.7600000000001,1.9204468261755605,Future_Mid
13097,22,237,181,1861,4636.51,4.307142857142858,United Kingdom,0.37577639751552794,0.0,8,579.56375,878.02,232.625,39.625,10.0,0.0171700748912032,2541.2200000000003,2095.29,0.824590318697831,Future_High
13098,13,203,110,8251,14468.08,3.0165096952908588,United Kingdom,0.0,0.0,17,851.0635294117646,2022.6,485.3529411764706,21.235294117647058,25.0,0.01260444270946722,3322.52,11145.56,3.353841709994223,Future_High
13101,134,0,8,113,101.19,2.9675,United Kingdom,0.0,0.0,1,101.19,101.19,113.0,8.0,0.0,0.0,0.0,101.19,102.19,Future_Inactive
13102,33,231,112,3361,4961.7,2.41472,United Kingdom,0.152,0.0,19,261.1421052631579,447.28,176.89473684210526,13.157894736842104,6.0,0.01738786018417665,3132.44,1829.26,0.5841056474673203,Future_High
13104,33,221,3,180,376.44,2.5975,United Kingdom,0.0,0.0,3,125.48,162.72,60.0,1.3333333333333333,0.0,0.0,213.72,162.72,0.7624813710879285,Future_Mid
13106,33,0,1,18,76.5,4.25,United Kingdom,0.0,0.0,1,76.5,76.5,18.0,1.0,1.0,0.18181818181818182,0.0,76.5,77.5,Future_Inactive
13107,75,157,36,816,935.22,1.6627777777777777,United Kingdom,0.0,0.0,2,467.61,566.84,408.0,18.0,2.0,0.008008315920107768,566.84,368.38,0.6505001408847563,Future_Mid
13108,272,0,10,298,350.06,1.752,United Kingdom,0.0,0.0,1,350.06,350.06,298.0,10.0,0.0,0.0,350.06,0.0,0.002848515923204011,Future_Inactive
13109,57,0,24,260,369.85,2.4166666666666665,United Kingdom,0.0,0.0,1,369.85,369.85,260.0,24.0,1.0,0.013207043756670225,0.0,369.85,370.85,Future_Mid
13110,37,174,79,274,1042.24,4.583076923076923,United Kingdom,0.3076923076923077,0.0,5,208.448,302.71000000000004,54.8,20.6,1.0,0.033208415272160584,732.49,309.75,0.42365949092693833,Future_Mid
13113,13,252,93,2616,10787.06,3.492840909090909,United Kingdom,0.03977272727272727,0.0,20,539.353,1961.05,130.8,8.8,47.0,0.08833862534027591,3931.46,6855.6,1.7435905260320512,Future_Mid
13115,84,0,55,621,878.55,2.5163636363636366,United Kingdom,0.0,0.0,1,878.55,878.55,621.0,55.0,7.0,0.036571992543042005,0.0,878.55,879.55,Future_High
13116,38,0,30,291,501.14,4.5216666666666665,United Kingdom,1.0,0.0,1,501.14,501.14,291.0,30.0,1.0,0.030845694173161343,0.0,501.14,502.14,Future_Inactive
13117,21,250,57,703,841.77,2.639090909090909,United Kingdom,0.0,0.0,7,120.25285714285714,202.12,100.42857142857143,9.428571428571429,0.0,0.0,655.81,185.96,0.2846485284937806,Future_Low
13118,108,80,40,274,799.7,3.7112499999999997,United Kingdom,0.3125,0.3958333333333333,3,266.56666666666666,423.55,91.33333333333333,16.0,2.0,0.01649223352313955,614.48,185.22,0.3025606031065185,Future_Low
13120,138,0,1,12,30.599999999999998,2.55,United Kingdom,0.0,0.0,1,30.599999999999998,30.599999999999998,12.0,1.0,0.0,0.0,30.599999999999998,0.0,0.03164556962025317,Future_Inactive
13121,169,0,50,252,283.73,1.6887999999999999,United Kingdom,0.0,0.0,1,283.73,283.73,252.0,50.0,3.0,0.09273174943241773,283.73,0.0,0.0035120991816808902,Future_Inactive
13122,140,0,54,537,903.67,2.678148148148148,United Kingdom,0.0,0.0,1,903.67,903.67,537.0,54.0,0.0,0.0,903.67,0.0,0.0011053754407684571,Future_Low
13124,152,106,131,1601,2516.47,3.014195804195804,United Kingdom,0.0,0.0,2,1258.2350000000001,1260.15,800.5,70.0,0.0,0.0,2516.47,0.0,0.0003972241973092033,Future_High
13126,153,113,61,1062,1077.42,1.6751515151515153,United Kingdom,0.0,0.0,5,215.484,323.87,212.4,13.2,1.0,0.021256881233989205,1077.42,0.0,0.0009272825058882438,Future_High
13131,87,0,14,128,324.9,3.781428571428571,United Kingdom,1.0,0.0,1,324.9,324.9,128.0,14.0,0.0,0.0,0.0,324.9,325.9,Future_Mid
13132,161,0,3,20,77.3,4.933333333333334,United Kingdom,0.0,0.0,1,77.3,77.3,20.0,3.0,0.0,0.0,77.3,0.0,0.01277139208173691,Future_Inactive
13133,173,30,7,32,109.8,5.3428571428571425,United Kingdom,0.0,0.0,2,54.900000000000006,57.45,16.0,3.5,0.0,0.0,109.8,0.0,0.009025270758122744,Future_Inactive
13134,83,56,42,330,885.74,3.5032608695652177,United Kingdom,0.0,0.0,3,295.24666666666667,500.2,110.0,15.333333333333334,4.0,0.039004437500678106,500.2,385.54,0.7712290502793296,Future_Mid
13135,96,0,1,4300,3096.0,0.72,United Kingdom,0.0,0.0,1,3096.0,3096.0,4300.0,1.0,0.0,0.0,0.0,3096.0,3097.0,Future_Inactive
13136,42,69,55,677,1226.68,2.9183076923076925,United Kingdom,0.0,0.0,3,408.8933333333334,574.46,225.66666666666666,21.666666666666668,6.0,0.030238827444996955,0.0,1226.68,1227.68,Future_High
13137,3,205,211,875,1428.76,1.878503184713376,United Kingdom,0.4585987261146497,0.0,4,357.19,640.8100000000001,218.75,71.5,0.0,0.0,847.44,581.32,0.6863419923624534,Future_High
13138,33,238,22,243,489.45,2.957878787878788,United Kingdom,0.0,0.0,3,163.15,193.62,81.0,11.0,0.0,0.0,386.85,102.6,0.2671135748356323,Future_Mid
13139,9,149,39,726,1710.94,4.474,United Kingdom,0.58,0.0,3,570.3133333333334,760.52,242.0,16.666666666666668,0.0,0.0,409.5,1301.44,3.172813641900122,Future_High
13140,8,258,40,185,422.47,2.986444444444445,United Kingdom,0.0,0.0,3,140.82333333333335,158.26,61.666666666666664,15.0,0.0,0.0,158.26,264.21,1.6652643476076856,Future_Inactive
13141,114,101,77,942,1401.03,2.2326966292134833,United Kingdom,0.0,0.0,4,350.2575,516.28,235.5,22.25,1.0,0.0021011695323295203,524.57,876.46,1.6695397378084744,Future_High
13144,232,0,3,21,110.95,6.216666666666666,United Kingdom,0.0,0.0,1,110.95,110.95,21.0,3.0,0.0,0.0,110.95,0.0,0.008932559178204555,Future_Inactive
13145,27,245,2,25,413.8,149.975,United Kingdom,0.0,1.0,2,206.9,295.0,12.5,1.0,0.0,0.0,295.0,118.80000000000001,0.40472972972972976,Future_Low
13148,33,230,173,1370,2766.01,3.700418410041841,United Kingdom,0.602510460251046,0.0,10,276.601,505.25,137.0,22.8,28.0,0.1147776550973709,1437.8,1328.21,0.9238323603002503,Future_Mid
13149,6,182,58,884,1132.62,2.62453125,United Kingdom,0.0,0.0,3,377.54,506.16,294.6666666666667,21.333333333333332,0.0,0.0,376.74,755.88,2.003706252978239,Future_Mid
13151,195,0,73,363,1257.8700000000001,5.689324324324324,United Kingdom,0.0,0.0,1,1257.8700000000001,1257.8700000000001,363.0,73.0,1.0,0.005927120130870812,1257.8700000000001,0.0,0.0007943631987417287,Future_Inactive
13155,226,41,55,262,569.2,2.817142857142857,United Kingdom,0.0,0.0,2,284.6,379.7,131.0,31.0,0.0,0.0,569.2,0.0,0.0017537706068046297,Future_Mid
13157,41,157,32,788,873.1999999999999,1.4395348837209303,United Kingdom,0.0,0.0,3,291.06666666666666,375.26,262.6666666666667,14.333333333333334,2.0,0.022008176065408523,497.94,375.26,0.7541187317112278,Future_Mid
13158,19,198,47,519,868.17,2.11125,United Kingdom,0.0,0.0,3,289.39000000000004,306.42,173.0,18.666666666666668,0.0,0.0,256.40999999999997,611.76,2.380482498737423,Future_Low
13159,6,9,75,627,843.09,2.9992105263157893,United Kingdom,0.0,0.0,2,421.545,457.31,313.5,37.5,1.0,0.06447031147704702,0.0,843.09,844.09,Future_Mid
13161,213,0,8,29,112.75,4.8625,United Kingdom,1.0,0.0,1,112.75,112.75,29.0,8.0,0.0,0.0,112.75,0.0,0.008791208791208791,Future_Inactive
13162,22,212,74,1713,1688.29,1.4626582278481013,United Kingdom,0.46835443037974683,0.0,4,422.0725,753.26,428.25,19.75,3.0,0.025005919415104036,753.26,935.03,1.240991170153528,Future_Inactive
13165,251,0,13,496,354.64,0.8115384615384615,United Kingdom,0.0,0.0,1,354.64,354.64,496.0,13.0,0.0,0.0,354.64,0.0,0.0028118321898549094,Future_Mid
13166,183,0,39,216,417.2,2.3914634146341465,United Kingdom,0.0,0.0,1,417.2,417.2,216.0,39.0,1.0,0.005956635692161067,417.2,0.0,0.0023912003825920613,Future_Inactive
13167,30,12,33,447,417.55,3.1302777777777777,United Kingdom,0.0,0.0,2,208.77499999999998,242.91,223.5,18.0,0.0,0.0,0.0,417.55,418.55,Future_Low
13168,99,119,94,545,953.0600000000001,3.0272897196261686,United Kingdom,0.21495327102803738,0.0,3,317.68666666666667,622.33,181.66666666666666,35.0,2.0,0.009406408830591097,821.63,131.43,0.16098367431287458,Future_Low
13169,152,0,6,96,505.2,5.916666666666667,United Kingdom,0.0,0.0,1,505.2,505.2,96.0,6.0,0.0,0.0,505.2,0.0,0.0019755037534571317,Future_Low
13171,199,0,23,53,140.35,4.219565217391304,United Kingdom,1.0,0.0,1,140.35,140.35,53.0,23.0,0.0,0.0,140.35,0.0,0.007074637424831978,Future_Low
13173,267,0,23,114,165.94,2.6495652173913045,United Kingdom,0.0,0.0,1,165.94,165.94,114.0,23.0,0.0,0.0,165.94,0.0,0.0059901761111776685,Future_Low
13174,216,52,178,927,2034.06,3.503348416289593,United Kingdom,0.6877828054298643,0.0,2,1017.03,1369.06,463.5,95.0,0.0,0.0,2034.06,0.0,0.0004913860033610803,Future_Mid
13178,33,227,81,2599,4391.7300000000005,2.1490243902439023,United Kingdom,0.0,0.0,8,548.9662500000001,795.8000000000001,324.875,25.625,0.0,0.0,1607.0,2784.73,1.7324191542288558,Future_High
13183,1,233,50,1448,2394.98,1.7433333333333332,United Kingdom,0.3888888888888889,0.0,6,399.16333333333336,625.04,241.33333333333334,12.0,0.0,0.0,1138.88,1256.1000000000001,1.1028353861810016,Future_High
13184,30,159,122,1537,1472.1,1.8107594936708862,United Kingdom,0.0,0.0,9,163.56666666666666,335.02,170.77777777777777,17.444444444444443,2.0,0.03443526170798898,329.92,1142.18,3.4545509488698176,Future_Low
13185,167,0,1,12,71.4,5.95,United Kingdom,0.0,0.0,1,71.4,71.4,12.0,1.0,0.0,0.0,71.4,0.0,0.013812154696132596,Future_Inactive
13186,28,0,51,360,988.34,3.927843137254902,United Kingdom,0.0,0.0,1,988.34,988.34,360.0,51.0,5.0,0.03533292990024792,0.0,988.34,989.34,Future_Mid
13187,237,0,37,95,236.02,3.765405405405405,United Kingdom,0.0,1.0,1,236.02,236.02,95.0,37.0,0.0,0.0,236.02,0.0,0.004219053244451945,Future_Inactive
13189,15,0,18,526,127.0,0.2838888888888889,United Kingdom,0.0,0.0,1,127.0,127.0,526.0,18.0,0.0,0.0,0.0,127.0,128.0,Future_Low
13192,105,0,33,298,464.32,2.996060606060606,United Kingdom,0.0,0.0,1,464.32,464.32,298.0,33.0,0.0,0.0,0.0,464.32,465.32,Future_Mid
13194,35,0,3,26,60.7,2.65,United Kingdom,0.0,0.0,1,60.7,60.7,26.0,3.0,0.0,0.0,0.0,60.7,61.7,Future_Inactive
13196,162,0,34,320,512.13,3.3502941176470586,United Kingdom,0.0,0.0,1,512.13,512.13,320.0,34.0,0.0,0.0,512.13,0.0,0.0019488238847855319,Future_High
13198,20,241,182,2369,3009.18,2.2497029702970295,United Kingdom,0.0,0.0,5,601.836,903.01,473.8,40.4,1.0,0.0036256717426071065,2087.75,921.4300000000001,0.44161819269898267,Future_Mid
13199,3,263,29,3492,4553.84,2.15015873015873,United Kingdom,0.015873015873015872,0.0,21,216.84952380952382,606.84,166.28571428571428,3.0,1.0,0.0028815414933216553,2963.8,1590.04,0.5366432811656773,Future_High
13200,26,0,14,249,319.32,1.797857142857143,United Kingdom,0.0,0.0,1,319.32,319.32,249.0,14.0,0.0,0.0,0.0,319.32,320.32,Future_Mid
13203,20,121,20,274,309.86,3.3545000000000003,United Kingdom,0.0,0.0,2,154.93,165.71,137.0,10.0,0.0,0.0,165.71,144.15,0.8706736248575371,Future_Mid
13207,50,0,5,72,197.52000000000004,3.1260000000000003,United Kingdom,0.0,0.0,1,197.52000000000004,197.52000000000004,72.0,5.0,0.0,0.0,0.0,197.52000000000004,198.52000000000004,Future_Low
13208,55,153,97,572,828.8199999999999,2.287927927927928,United Kingdom,0.0,0.23423423423423423,4,207.205,320.23,143.0,27.25,0.0,0.0,373.73,455.09,1.2171163237531022,Future_Low
13209,28,233,200,3255,4156.08,2.1542436974789916,United Kingdom,0.0,0.0,5,831.216,1932.24,651.0,47.6,8.0,0.016901121931718995,430.2,3725.88,8.6430426716141,Future_High
13211,261,0,2,46,110.7,2.0,United Kingdom,0.0,0.0,1,110.7,110.7,46.0,2.0,0.0,0.0,110.7,0.0,0.008952551477170993,Future_High
13213,28,71,44,478,963.88,3.9968627450980394,United Kingdom,0.0,0.0,4,240.97000000000003,412.35,119.5,12.75,2.0,0.002225603759717607,0.0,963.88,964.88,Future_Mid
13216,167,0,5,297,333.74,1.448,United Kingdom,0.0,0.0,1,333.74,333.74,297.0,5.0,0.0,0.0,333.74,0.0,0.002987393200693075,Future_Inactive
13217,22,34,3,262,533.98,2.38,United Kingdom,0.5,0.0,3,177.99333333333334,396.96000000000004,87.33333333333333,1.3333333333333333,3.0,0.42849498041398204,0.0,533.98,534.98,Future_Inactive
13218,27,0,5,88,62.63999999999999,0.9299999999999999,United Kingdom,0.0,0.0,1,62.63999999999999,62.63999999999999,88.0,5.0,0.0,0.0,0.0,62.63999999999999,63.63999999999999,Future_Inactive
13220,85,51,15,132,726.49,4.676470588235294,United Kingdom,0.058823529411764705,0.0,3,242.16333333333333,476.29,44.0,5.666666666666667,0.0,0.0,0.0,726.49,727.49,Future_Low
13221,140,119,62,244,847.41,5.01439393939394,United Kingdom,0.0,0.0,2,423.70500000000004,498.16,122.0,33.0,0.0,0.0,847.41,0.0,0.0011786754045803327,Future_Inactive
13223,100,31,5,88,163.20000000000002,1.9600000000000002,United Kingdom,0.0,0.0,2,81.60000000000001,100.80000000000001,44.0,2.5,0.0,0.0,0.0,163.20000000000002,164.20000000000002,Future_Inactive
13224,51,0,42,665,1212.26,2.5595238095238093,United Kingdom,0.0,0.0,1,1212.26,1212.26,665.0,42.0,0.0,0.0,0.0,1212.26,1213.26,Future_Mid
13225,43,218,15,2164,4299.56,2.6471428571428572,United Kingdom,0.0,0.0,5,859.912,1263.72,432.8,4.2,2.0,0.08136126280884376,3204.88,1094.68,0.3417719939610965,Future_High
13226,173,0,16,80,108.21000000000001,2.711875,United Kingdom,0.0,0.0,1,108.21000000000001,108.21000000000001,80.0,16.0,0.0,0.0,108.21000000000001,0.0,0.009156670634557273,Future_Inactive
13227,101,0,9,99,257.7,2.5999999999999996,United Kingdom,1.0,0.0,1,257.7,257.7,99.0,9.0,0.0,0.0,0.0,257.7,258.7,Future_Inactive
13229,125,0,10,63,160.95,4.0600000000000005,United Kingdom,0.0,0.0,1,160.95,160.95,63.0,10.0,0.0,0.0,0.0,160.95,161.95,Future_Inactive
13230,38,226,302,1332,2195.23,2.5096583143507973,United Kingdom,0.33940774487471526,0.3097949886104784,12,182.93583333333333,362.61,111.0,35.75,1.0,0.019456938792830055,1216.47,978.76,0.8047508357495462,Future_Mid
13232,80,62,105,547,861.45,3.176769230769231,United Kingdom,0.7,0.0,4,215.3625,305.76,136.75,32.0,0.0,0.0,117.43,744.02,6.290804694756396,Future_Mid
13233,236,0,17,404,304.24,0.9541176470588235,United Kingdom,0.0,0.0,1,304.24,304.24,404.0,17.0,0.0,0.0,304.24,0.0,0.0032761106014939064,Future_Low
13235,112,0,53,441,1031.07,2.7143103448275863,United Kingdom,0.0,0.0,1,1031.07,1031.07,441.0,53.0,1.0,0.474204092872405,0.0,1031.07,1032.07,Future_Inactive
13236,6,0,21,168,439.23,5.356190476190476,United Kingdom,0.0,0.0,1,439.23,439.23,168.0,21.0,0.0,0.0,0.0,439.23,440.23,Future_Low
13238,63,196,14,137,318.85,3.8293749999999998,United Kingdom,0.0,0.0,2,159.425,227.70000000000002,68.5,8.0,0.0,0.0,91.15,227.70000000000002,2.481823114487249,Future_Low
13239,161,0,21,327,329.56,1.590952380952381,United Kingdom,0.0,0.0,1,329.56,329.56,327.0,21.0,0.0,0.0,329.56,0.0,0.003025169409486931,Future_Inactive
13240,73,192,47,241,553.61,3.5490384615384616,United Kingdom,0.5961538461538461,0.0,3,184.53666666666666,224.07,80.33333333333333,17.0,0.0,0.0,442.41,111.2,0.2530389481518234,Future_Low
13242,12,101,12,130,270.40000000000003,2.08,United Kingdom,0.0,0.0,3,90.13333333333333,166.4,43.333333333333336,4.333333333333333,0.0,0.0,0.0,270.40000000000003,271.40000000000003,Future_Inactive
13243,103,0,56,232,585.12,3.4185964912280706,United Kingdom,0.0,0.0,1,585.12,585.12,232.0,56.0,0.0,0.0,0.0,585.12,586.12,Future_Inactive
13246,76,153,89,1533,1838.51,1.7190178571428572,United Kingdom,0.20535714285714285,0.0,5,367.702,562.88,306.6,22.2,0.0,0.0,1063.16,775.35,0.7295425499924822,Future_Low
13248,24,64,25,305,465.68,2.6873076923076926,United Kingdom,0.19230769230769232,0.0,2,232.83999999999997,387.46999999999997,152.5,13.0,0.0,0.0,0.0,465.68,466.68,Future_Inactive
13249,161,0,2,240,291.84000000000003,1.255,United Kingdom,0.0,0.0,1,291.84000000000003,291.84000000000003,240.0,2.0,0.0,0.0,291.84000000000003,0.0,0.003414834039065701,Future_Mid
13253,56,182,35,1572,1030.4,1.1419444444444444,United Kingdom,0.0,0.0,2,515.2,553.92,786.0,18.0,0.0,0.0,476.48,553.92,1.162184803551981,Future_Inactive
13255,273,0,6,110,225.7,4.55,United Kingdom,0.0,0.0,1,225.7,225.7,110.0,6.0,0.0,0.0,225.7,0.0,0.004411116012351125,Future_Low
13258,105,0,12,77,198.87,3.6661538461538465,United Kingdom,0.0,0.0,1,198.87,198.87,77.0,12.0,0.0,0.0,0.0,198.87,199.87,Future_Mid
13261,168,17,8,210,944.1,5.488888888888889,United Kingdom,0.8888888888888888,0.0,2,472.05,845.1,105.0,4.5,0.0,0.0,944.1,0.0,0.0010580890911014707,Future_Inactive
13262,163,0,11,125,200.29,3.092727272727273,United Kingdom,0.0,0.0,1,200.29,200.29,125.0,11.0,0.0,0.0,200.29,0.0,0.0049679566794177555,Future_Inactive
13263,8,217,358,2795,4854.79,2.22241529105126,United Kingdom,0.09556907037358818,0.0,23,211.07782608695652,427.03000000000003,121.52173913043478,49.69565217391305,0.0,0.0,1742.45,3112.34,1.785735180246064,Future_High
13265,83,89,44,1126,1450.66,2.1508196721311474,United Kingdom,0.0,0.0,3,483.55333333333334,817.44,375.3333333333333,20.333333333333332,0.0,0.0,1124.88,325.78000000000003,0.29024407574519484,Future_Mid
13266,12,143,54,3060,2535.58,1.5205128205128207,United Kingdom,0.0,0.0,8,316.9475,375.22,382.5,14.625,9.0,0.02853946445880762,606.17,1929.4099999999999,3.1793566875833785,Future_High
13267,10,256,64,1212,2800.94,3.668030303030303,United Kingdom,0.10606060606060606,0.0,14,200.06714285714287,330.52,86.57142857142857,9.428571428571429,9.0,0.032420313736056854,1567.04,1233.9,0.7875436851100738,Future_High
13268,69,97,206,2490,2117.81,1.4222789115646257,United Kingdom,0.0,0.0,6,352.9683333333333,648.53,415.0,48.333333333333336,5.0,0.018013966040080497,1270.33,847.48,0.6673955621278505,Future_High
13269,9,260,133,2014,2978.5,2.564423076923077,United Kingdom,0.5096153846153846,0.0,8,372.3125,701.65,251.75,25.875,3.0,0.00952729328433899,1363.82,1614.68,1.1838044577306899,Future_High
13270,266,0,1,200,590.0,2.95,United Kingdom,0.0,0.0,1,590.0,590.0,200.0,1.0,0.0,0.0,590.0,0.0,0.001692047377326565,Future_Inactive
13273,13,0,16,153,138.98,1.298125,United Kingdom,0.0,0.0,1,138.98,138.98,153.0,16.0,0.0,0.0,0.0,138.98,139.98,Future_Inactive
13277,16,17,4,86,125.9,1.45,United Kingdom,0.0,0.0,2,62.95,75.9,43.0,2.0,0.0,0.0,0.0,125.9,126.9,Future_Low
13280,22,214,67,518,798.46,2.568048780487805,United Kingdom,0.0,0.0,3,266.15333333333336,392.01,172.66666666666666,26.666666666666668,0.0,0.0,682.96,115.5,0.17033159833908415,Future_Inactive
13282,62,58,15,172,773.1,4.843181818181818,United Kingdom,0.0,0.0,2,386.55000000000007,428.40000000000003,86.0,11.0,1.0,0.0032875652678398763,0.0,773.1,774.1,Future_Low
13283,85,0,2,30,25.5,0.85,United Kingdom,0.0,0.0,1,25.5,25.5,30.0,2.0,0.0,0.0,0.0,25.5,26.5,Future_Low
13284,230,0,13,91,201.19,4.397692307692308,United Kingdom,0.0,0.0,1,201.19,201.19,91.0,13.0,1.0,0.024438733452940894,201.19,0.0,0.0049458430189425785,Future_Inactive
13285,61,128,122,1454,1970.1,2.3597810218978106,United Kingdom,0.0,0.0,3,656.6999999999999,796.83,484.6666666666667,45.666666666666664,0.0,0.0,666.89,1303.21,1.952731737262124,Future_Mid
13291,55,0,41,233,361.11,2.6642857142857146,United Kingdom,0.0,0.0,1,361.11,361.11,233.0,41.0,0.0,0.0,0.0,361.11,362.11,Future_Inactive
13292,184,0,14,133,249.57,4.682857142857143,United Kingdom,0.0,0.0,1,249.57,249.57,133.0,14.0,0.0,0.0,249.57,0.0,0.00399090074629844,Future_Low
13294,89,59,48,453,873.74,3.6888888888888887,United Kingdom,0.0,0.0,2,436.87,483.65,226.5,27.0,0.0,0.0,483.65,390.09,0.806953471577427,Future_Inactive
13295,259,0,10,82,201.20000000000002,3.4899999999999998,United Kingdom,0.0,0.0,1,201.20000000000002,201.20000000000002,82.0,10.0,1.0,0.015896307165566153,201.20000000000002,0.0,0.004945598417408506,Future_Inactive
13296,37,0,5,78,87.4,2.408,United Kingdom,0.0,0.0,1,87.4,87.4,78.0,5.0,0.0,0.0,0.0,87.4,88.4,Future_Inactive
13299,168,0,5,30,142.5,4.75,United Kingdom,0.0,0.0,1,142.5,142.5,30.0,5.0,0.0,0.0,142.5,0.0,0.006968641114982578,Future_Inactive
13300,69,0,20,203,371.89,2.3865,United Kingdom,0.0,0.0,1,371.89,371.89,203.0,20.0,2.0,0.017437713017516975,0.0,371.89,372.89,Future_Inactive
13301,3,188,75,345,618.09,2.637654320987654,United Kingdom,0.7037037037037037,0.0,4,154.5225,173.91,86.25,20.25,0.0,0.0,173.91,444.18,2.5451946715453664,Future_Inactive
13302,55,0,1,5,63.75,12.75,United Kingdom,0.0,0.0,1,63.75,63.75,5.0,1.0,0.0,0.0,0.0,63.75,64.75,Future_Inactive
13304,251,0,21,238,300.42,3.161904761904762,United Kingdom,0.0,0.0,1,300.42,300.42,238.0,21.0,0.0,0.0,300.42,0.0,0.003317629885210006,Future_Inactive
13305,15,257,27,697,1085.75,3.707142857142857,United Kingdom,0.21428571428571427,0.0,6,180.95833333333334,250.95,116.16666666666667,7.0,0.0,0.0,640.25,445.5,0.6962962962962963,Future_Mid
13307,20,0,1,4,15.0,3.75,United Kingdom,0.0,0.0,1,15.0,15.0,4.0,1.0,0.0,0.0,0.0,15.0,16.0,Future_Inactive
13308,103,0,26,519,814.95,3.3461538461538463,United Kingdom,0.0,0.0,1,814.95,814.95,519.0,26.0,3.0,0.021492465630065436,0.0,814.95,815.95,Future_Mid
13309,106,102,43,616,546.64,1.434468085106383,United Kingdom,0.0,0.0,2,273.32,390.71,308.0,23.5,0.0,0.0,390.71,155.93,0.40062801562380335,Future_Mid
13310,106,117,50,395,817.65,3.6551923076923076,United Kingdom,0.0,0.0,2,408.82500000000005,410.18,197.5,26.0,4.0,0.03743598799223027,410.18,407.47,0.9934092125103362,Future_Low
13311,50,0,24,271,490.11,4.204166666666667,United Kingdom,0.0,0.0,1,490.11,490.11,271.0,24.0,0.0,0.0,0.0,490.11,491.11,Future_Low
13313,41,198,32,487,918.34,2.243617021276596,United Kingdom,0.2978723404255319,0.3404255319148936,3,306.11333333333334,308.6,162.33333333333334,15.666666666666666,0.0,0.0,307.3,611.04,1.9852092118066815,Future_Mid
13316,31,122,40,4277,3535.18,2.6658333333333335,United Kingdom,0.7708333333333334,0.0,2,1767.5900000000001,1912.7,2138.5,24.0,1.0,0.04387924552796274,1622.48,1912.7,1.1787641362998005,Future_High
13317,98,160,56,500,1313.98,4.4744117647058825,United Kingdom,0.0,0.0,5,262.796,444.63,100.0,13.6,10.0,0.08439191967054331,682.6800000000001,631.3,0.9248478820500817,Future_Mid
13319,13,252,158,2973,6897.070000000001,3.3264350453172202,United Kingdom,0.0,0.0,18,383.17055555555555,776.95,165.16666666666666,18.38888888888889,15.0,0.017370020473031017,3794.92,3102.15,0.8174961537650952,Future_High
13320,6,107,59,787,981.15,1.6321428571428571,United Kingdom,0.0,0.0,3,327.05,472.54,262.3333333333333,23.333333333333332,3.0,0.04104969945755754,0.0,981.15,982.15,Future_Mid
13324,103,157,17,2473,3798.99,3.1117948717948716,United Kingdom,0.0,0.0,7,542.7128571428572,903.87,353.2857142857143,5.571428571428571,1.0,0.008572904922961292,2437.47,1361.52,0.5587602061948681,Future_High
13327,12,252,60,1256,2738.75,2.776896551724138,United Kingdom,0.0,0.0,7,391.25,685.0,179.42857142857142,12.428571428571429,1.0,0.003710507648374834,1421.95,1316.8,0.9261042201061175,Future_Mid
13328,216,0,17,680,1308.48,1.8776470588235292,United Kingdom,0.0,0.0,1,1308.48,1308.48,680.0,17.0,0.0,0.0,1308.48,0.0,0.0007636619115984971,Future_Inactive
13329,266,0,7,175,304.2,2.617142857142857,United Kingdom,0.0,0.0,1,304.2,304.2,175.0,7.0,2.0,0.13775510204081634,304.2,0.0,0.0032765399737876805,Future_Mid
13330,85,130,22,400,728.22,2.147407407407407,United Kingdom,0.0,0.0,2,364.11,392.4,200.0,13.5,0.0,0.0,335.82,392.4,1.1679828988777388,Future_Mid
13334,90,114,176,1343,2708.59,3.032394366197183,United Kingdom,0.0,0.0,2,1354.295,1637.19,671.5,104.0,0.0,0.0,1637.19,1071.4,0.6546249214071628,Future_Mid
13338,57,0,19,256,487.02,6.575263157894737,United Kingdom,0.0,0.0,1,487.02,487.02,256.0,19.0,5.0,0.10180369591678655,0.0,487.02,488.02,Future_Inactive
13339,100,0,54,326,860.12,5.235555555555556,United Kingdom,0.0,0.0,1,860.12,860.12,326.0,54.0,0.0,0.0,0.0,860.12,861.12,Future_Inactive
13340,5,170,111,5148,9229.54,2.796875,United Kingdom,0.22321428571428573,0.0,5,1845.9080000000001,3678.03,1029.6,22.4,0.0,0.0,3678.03,5551.51,1.5092320530139738,Future_High
13341,160,0,42,301,775.85,4.182142857142857,United Kingdom,0.0,0.0,1,775.85,775.85,301.0,42.0,0.0,0.0,775.85,0.0,0.001287249790821909,Future_Inactive
13343,77,0,19,135,353.43,6.25421052631579,United Kingdom,0.0,0.0,1,353.43,353.43,135.0,19.0,3.0,0.12285012285012285,0.0,353.43,354.43,Future_Inactive
13344,177,0,68,599,1656.15,5.814705882352942,United Kingdom,0.0,0.0,1,1656.15,1656.15,599.0,68.0,0.0,0.0,1656.15,0.0,0.0006034456748031258,Future_Mid
13345,187,0,20,141,389.5,5.6450000000000005,United Kingdom,0.0,0.0,1,389.5,389.5,141.0,20.0,2.0,0.029646238166417538,389.5,0.0,0.002560819462227913,Future_Inactive
13355,22,0,32,314,674.7,2.7259375,United Kingdom,0.0,0.0,1,674.7,674.7,314.0,32.0,0.0,0.0,0.0,674.7,675.7,Future_Inactive
13357,157,0,85,321,609.4,2.9440449438202245,United Kingdom,1.0,0.0,1,609.4,609.4,321.0,85.0,0.0,0.0,609.4,0.0,0.0016382699868938402,Future_Inactive
13358,168,0,29,285,439.03,5.006551724137931,United Kingdom,0.0,0.0,1,439.03,439.03,285.0,29.0,0.0,0.0,439.03,0.0,0.002272572324614231,Future_Inactive
13362,145,41,92,727,1581.53,3.568817204301075,United Kingdom,0.0,0.0,2,790.7650000000001,812.7,363.5,46.5,0.0,0.0,1581.53,0.0,0.0006318995532470159,Future_High
13365,117,0,39,404,700.6,3.43051282051282,United Kingdom,0.0,0.0,1,700.6,700.6,404.0,39.0,0.0,0.0,0.0,700.6,701.6,Future_High
13368,156,80,29,327,623.4,4.917586206896552,United Kingdom,0.0,0.0,2,311.7,588.0,163.5,14.5,0.0,0.0,623.4,0.0,0.0016015374759769379,Future_Inactive
13369,265,0,14,149,308.28000000000003,6.5442857142857145,United Kingdom,0.0,0.0,1,308.28000000000003,308.28000000000003,149.0,14.0,5.0,0.12621524333210507,308.28000000000003,0.0,0.0032333160889808587,Future_Inactive
13370,271,0,39,343,754.87,3.7279487179487183,United Kingdom,0.0,0.0,1,754.87,754.87,343.0,39.0,5.0,0.042553461353085915,754.87,0.0,0.001322978819109106,Future_Inactive
13373,58,117,95,944,2055.58,3.540566037735849,United Kingdom,0.0,0.0,2,1027.79,1067.8799999999999,472.0,53.0,0.0,0.0,987.7,1067.8799999999999,1.0810963891979366,Future_High
13376,103,30,34,356,770.0,5.206153846153846,United Kingdom,0.0,0.0,2,385.0,394.0,178.0,19.5,0.0,0.0,0.0,770.0,771.0,Future_Low
13379,36,0,13,166,136.29,1.1892307692307693,United Kingdom,0.0,0.0,1,136.29,136.29,166.0,13.0,0.0,0.0,0.0,136.29,137.29,Future_Mid
13381,13,185,63,1251,2461.33,3.1361206896551725,United Kingdom,0.0,0.0,4,615.3325,709.74,312.75,29.0,0.0,0.0,416.11,2045.22,4.905708326340774,Future_High
13382,180,0,15,131,222.99,2.7520000000000002,United Kingdom,0.0,0.0,1,222.99,222.99,131.0,15.0,0.0,0.0,222.99,0.0,0.004464485021652752,Future_Inactive
13384,28,49,70,1062,1755.84,3.375,United Kingdom,0.0,0.0,2,877.92,1172.6,531.0,37.0,3.0,0.01660608572436698,0.0,1755.84,1756.84,Future_High
13385,229,0,35,281,534.57,4.533142857142857,United Kingdom,0.0,0.0,1,534.57,534.57,281.0,35.0,0.0,0.0,534.57,0.0,0.0018671695576675316,Future_Inactive
13388,31,0,35,282,677.1,4.5608571428571425,United Kingdom,1.0,0.0,2,338.54999999999995,621.3,141.0,17.5,1.0,0.06870229007633588,0.0,677.1,678.1,Future_Inactive
13389,132,0,18,115,257.89,4.390555555555555,United Kingdom,0.0,0.0,1,257.89,257.89,115.0,18.0,0.0,0.0,0.0,257.89,258.89,Future_Mid
13391,103,0,1,4,59.8,14.95,United Kingdom,0.0,0.0,1,59.8,59.8,4.0,1.0,0.0,0.0,0.0,59.8,60.8,Future_Inactive
13394,15,193,76,1475,1543.45,1.6645263157894736,United Kingdom,0.0,0.22105263157894736,5,308.69,320.42,295.0,19.0,0.0,0.0,634.1800000000001,909.27,1.4330898328032997,Future_Mid
13395,85,0,21,336,307.72,2.7238095238095235,United Kingdom,0.0,0.0,1,307.72,307.72,336.0,21.0,0.0,0.0,0.0,307.72,308.72,Future_Inactive
13396,219,0,15,139,387.27000000000004,3.832666666666667,United Kingdom,0.0,0.0,1,387.27000000000004,387.27000000000004,139.0,15.0,1.0,0.04050839898914821,387.27000000000004,0.0,0.0025755273392227057,Future_Mid
13397,10,228,22,358,1228.19,3.759655172413793,United Kingdom,0.06896551724137931,0.0,4,307.0475,378.7,89.5,7.25,1.0,0.0040141427575133394,601.77,626.4200000000001,1.0408945368880338,Future_Low
13398,92,0,26,281,457.34,3.4296153846153845,United Kingdom,0.0,0.0,1,457.34,457.34,281.0,26.0,0.0,0.0,0.0,457.34,458.34,Future_Inactive
13402,27,244,32,479,621.23,1.97974358974359,United Kingdom,0.0,0.0,2,310.615,312.95,239.5,19.5,0.0,0.0,308.28000000000003,312.95,1.0150995861355405,Future_Inactive
13404,112,0,9,99,217.81,2.9033333333333338,United Kingdom,0.0,0.0,1,217.81,217.81,99.0,9.0,0.0,0.0,0.0,217.81,218.81,Future_Low
13405,104,113,24,163,557.45,5.2620000000000005,United Kingdom,0.0,0.0,2,278.725,397.40000000000003,81.5,12.5,0.0,0.0,160.05,397.40000000000003,2.4737659112076997,Future_Low
13408,6,267,178,10270,17408.08,2.34441935483871,United Kingdom,0.2,0.0,40,435.20200000000006,1104.31,256.75,7.75,15.0,0.01771413062062373,8209.89,9198.19,1.1203645402629923,Future_High
13410,87,104,11,300,545.04,2.0813333333333333,United Kingdom,0.13333333333333333,0.0,3,181.67999999999998,250.23999999999998,100.0,5.0,1.0,0.01061917987256984,404.64,140.4,0.3485849521743418,Future_Mid
13411,7,0,17,72,213.55,3.263888888888889,United Kingdom,0.0,0.0,1,213.55,213.55,72.0,17.0,0.0,0.0,0.0,213.55,214.55,Future_Inactive
13414,33,162,23,1574,1390.5,1.8404166666666668,United Kingdom,0.0,0.0,3,463.5,532.8,524.6666666666666,8.0,0.0,0.0,390.0,1000.5,2.561381074168798,Future_Inactive
13417,105,0,10,72,236.0,5.62,United Kingdom,0.0,0.0,1,236.0,236.0,72.0,10.0,0.0,0.0,0.0,236.0,237.0,Future_Mid
13418,24,248,173,2684,4342.13,3.137149321266968,United Kingdom,0.06787330316742081,0.0,14,310.15214285714285,879.92,191.71428571428572,15.785714285714286,5.0,0.05479088255333785,1941.86,2400.27,1.2359459765500345,Future_High
13420,49,20,8,101,159.85,3.5425,United Kingdom,0.0,0.0,2,79.925,104.05,50.5,4.0,2.0,0.10872595483691107,0.0,159.85,160.85,Future_Inactive
13421,190,0,64,495,825.04,2.24859375,United Kingdom,0.0,0.0,1,825.04,825.04,495.0,64.0,1.0,0.0025388688734676113,825.04,0.0,0.0012105951285652026,Future_High
13425,8,186,66,1123,1624.21,2.634102564102564,United Kingdom,0.0,0.0,3,541.4033333333333,773.08,374.3333333333333,26.0,0.0,0.0,401.57,1222.64,3.0395707578806173,Future_Inactive
13426,82,176,62,1199,1558.68,1.5933734939759037,United Kingdom,0.0,0.0,5,311.736,339.2,239.8,16.6,0.0,0.0,1285.02,273.66,0.21357366137385114,Future_High
13427,20,94,19,431,464.86,1.3995652173913042,United Kingdom,0.391304347826087,0.0,2,232.43,250.36,215.5,11.5,0.0,0.0,0.0,464.86,465.86,Future_Low
13435,10,78,31,894,1088.1200000000001,2.7583783783783784,United Kingdom,0.1891891891891892,0.0,3,362.70666666666665,443.72,298.0,12.333333333333334,0.0,0.0,0.0,1088.1200000000001,1089.1200000000001,Future_High
13437,29,60,105,640,2024.25,5.64875,United Kingdom,0.0,0.0,3,674.75,1440.9,213.33333333333334,37.333333333333336,0.0,0.0,0.0,2024.25,2025.25,Future_High
13439,155,0,54,242,283.71,1.7253703703703704,United Kingdom,0.0,0.0,1,283.71,283.71,242.0,54.0,0.0,0.0,283.71,0.0,0.003512345895823821,Future_Inactive
13448,118,155,65,720,1423.26,3.02943661971831,United Kingdom,0.0,0.0,4,355.815,593.72,180.0,17.75,3.0,0.029954812194573376,829.5400000000001,593.72,0.7160642473571411,Future_High
13450,24,93,21,1270,1421.46,1.628139534883721,United Kingdom,0.18604651162790697,0.18604651162790697,4,355.365,440.64,317.5,10.75,0.0,0.0,0.0,1421.46,1422.46,Future_Mid
13451,26,208,284,1743,2385.5,2.107603305785124,United Kingdom,0.12672176308539945,0.256198347107438,4,596.375,796.02,435.75,88.5,1.0,0.02441518076230983,966.3199999999999,1419.18,1.4681594508539058,Future_Mid
13452,159,11,1,2,590.0,295.0,United Kingdom,0.0,0.0,2,295.0,295.0,1.0,1.0,0.0,0.0,590.0,0.0,0.001692047377326565,Future_Inactive
13453,65,123,16,134,356.97999999999996,4.546470588235294,United Kingdom,0.0,0.0,2,178.49,185.0,67.0,8.5,0.0,0.0,185.0,171.98,0.9299999999999999,Future_Inactive
13455,266,0,30,190,692.94,4.935666666666666,United Kingdom,0.0,0.0,1,692.94,692.94,190.0,30.0,7.0,0.06854139502372535,692.94,0.0,0.0014410467763783612,Future_Low
13456,55,51,18,261,855.0600000000001,4.2156521739130435,United Kingdom,0.0,0.0,3,285.02000000000004,430.00000000000006,87.0,7.666666666666667,2.0,0.032693787049187746,0.0,855.0600000000001,856.0600000000001,Future_Mid
13458,35,223,199,4359,7355.44,2.4311870503597124,United Kingdom,0.0,0.0,9,817.2711111111112,1489.18,484.3333333333333,30.88888888888889,10.0,0.00915349995083109,5185.96,2169.48,0.4184493421965853,Future_High
13461,38,25,12,836,884.2,1.42,United Kingdom,0.29411764705882354,0.0,2,442.1,576.4,418.0,8.5,0.0,0.0,0.0,884.2,885.2,Future_Mid
13462,152,0,9,62,151.5,3.388888888888889,United Kingdom,0.0,0.0,1,151.5,151.5,62.0,9.0,1.0,0.051643192488262914,151.5,0.0,0.006557377049180328,Future_Inactive
13466,84,0,17,259,307.9,2.841764705882353,United Kingdom,0.0,0.0,1,307.9,307.9,259.0,17.0,1.0,0.031304074248859524,0.0,307.9,308.9,Future_Inactive
13468,7,265,151,1805,4255.53,4.035462555066079,United Kingdom,0.08370044052863436,0.0,27,157.61222222222221,328.77,66.85185185185185,8.407407407407407,2.0,0.00429818198834788,2961.46,1294.07,0.437160332966521,Future_High
13470,15,0,7,70,115.5,1.65,United Kingdom,0.0,0.0,1,115.5,115.5,70.0,7.0,0.0,0.0,0.0,115.5,116.5,Future_Low
13473,232,0,12,198,241.26,2.8249999999999997,United Kingdom,0.0,0.0,1,241.26,241.26,198.0,12.0,1.0,0.020701412566975157,241.26,0.0,0.00412779658218443,Future_Low
13474,136,0,59,129,226.84,2.362096774193548,United Kingdom,1.0,0.0,1,226.84,226.84,129.0,59.0,0.0,0.0,0.0,226.84,227.84,Future_Inactive
13475,91,107,64,1012,1431.78,2.8886046511627907,United Kingdom,0.0,0.0,4,357.945,589.4,253.0,21.5,0.0,0.0,906.52,525.26,0.5798880465444288,Future_Inactive
13476,78,102,56,417,1238.47,8.79551724137931,United Kingdom,0.0,0.0,2,619.235,727.6,208.5,29.0,3.0,0.10526163693765937,727.6,510.87,0.7025391161130936,Future_Inactive
13477,38,153,38,626,899.55,2.73265306122449,United Kingdom,0.16326530612244897,0.0,4,224.8875,330.63,156.5,12.25,2.0,0.014299802761341225,185.39999999999998,714.15,3.836641630901288,Future_Mid
13479,100,33,14,134,300.95,4.6466666666666665,United Kingdom,0.0,0.0,2,150.475,156.6,67.0,7.5,1.0,0.03200385976198134,0.0,300.95,301.95,Future_Inactive
13481,8,148,74,861,1361.33,2.366341463414634,United Kingdom,0.0,0.0,4,340.3325,665.28,215.25,20.5,2.0,0.009278935724266418,665.28,696.05,1.0461817854355526,Future_Mid
13482,132,0,11,116,184.64,2.439090909090909,United Kingdom,0.0,0.0,1,184.64,184.64,116.0,11.0,0.0,0.0,0.0,184.64,185.64,Future_Inactive
13484,141,0,8,44,313.8,7.5,United Kingdom,0.0,0.0,1,313.8,313.8,44.0,8.0,0.0,0.0,313.8,0.0,0.0031766200762388818,Future_Inactive
13485,133,0,23,277,454.24,2.425217391304348,United Kingdom,0.0,0.0,1,454.24,454.24,277.0,23.0,0.0,0.0,0.0,454.24,455.24,Future_Inactive
13486,28,26,52,529,819.61,2.897884615384615,United Kingdom,0.0,0.0,2,409.80499999999995,617.4499999999999,264.5,26.0,0.0,0.0,0.0,819.61,820.61,Future_Low
13487,113,140,21,213,408.8,3.8350000000000004,United Kingdom,0.0,0.0,2,204.4,215.65,106.5,12.0,0.0,0.0,193.15,215.65,1.1158897759464332,Future_Low
13488,20,246,231,3232,6596.38,3.5027777777777773,United Kingdom,0.0,0.0,9,732.9311111111111,1381.92,359.1111111111111,34.0,5.0,0.008671371549485428,4109.71,2486.67,0.6051679636851055,Future_High
13489,5,189,11,560,449.52,1.417142857142857,United Kingdom,0.0,0.0,4,112.38,162.48,140.0,3.5,0.0,0.0,235.68,213.84,0.9077235085347304,Future_Inactive
13491,47,224,66,812,1088.45,3.391794871794872,United Kingdom,0.0,0.0,9,120.9388888888889,187.85,90.22222222222223,8.666666666666666,0.0,0.0,1031.63,56.82,0.05599295004018864,Future_Low
13492,36,78,38,408,1269.84,4.5016,Switzerland,0.0,0.0,3,423.28000000000003,593.74,136.0,16.666666666666668,0.0,0.0,0.0,1269.84,1270.84,Future_Inactive
13493,175,11,6,380,618.63,12.89625,Switzerland,0.0,0.0,2,309.315,439.28,190.0,4.0,0.0,0.0,618.63,0.0,0.0016138663395897552,Future_Inactive
13494,211,0,18,162,316.26000000000005,3.665,United Kingdom,0.0,0.0,1,316.26000000000005,316.26000000000005,162.0,18.0,0.0,0.0,316.26000000000005,0.0,0.003151988904999054,Future_Inactive
13495,132,136,20,485,1072.43,2.3542857142857145,United Kingdom,0.0,0.0,3,357.4766666666667,510.95,161.66666666666666,9.333333333333334,4.0,0.04857254387054419,865.4300000000001,207.0,0.24006555636346846,Future_High
13496,259,0,26,229,501.01,3.7176923076923076,United Kingdom,0.0,0.0,1,501.01,501.01,229.0,26.0,1.0,0.06599429540836302,501.01,0.0,0.0019919921913906097,Future_Low
13497,182,85,19,163,348.05,2.973684210526316,United Kingdom,0.0,0.0,2,174.025,194.55,81.5,9.5,1.0,0.07199040127982935,348.05,0.0,0.0028649190660363843,Future_Inactive
13499,125,44,18,265,463.79,2.7609523809523813,United Kingdom,0.0,0.0,2,231.895,305.56,132.5,10.5,2.0,0.019450728345208144,158.23000000000002,305.56,1.9252653394460841,Future_Mid
13500,22,0,20,128,326.4,3.6275,United Kingdom,0.0,0.0,1,326.4,326.4,128.0,20.0,0.0,0.0,0.0,326.4,327.4,Future_Mid
13501,188,0,52,560,1340.32,3.7321153846153843,Switzerland,0.0,1.0,1,1340.32,1340.32,560.0,52.0,1.0,0.021785617843041376,1340.32,0.0,0.0007455342498434379,Future_Inactive
13502,174,48,9,110,189.16,2.8155555555555556,United Kingdom,0.0,0.0,2,94.58,114.6,55.0,4.5,0.0,0.0,189.16,0.0,0.005258729490954985,Future_Low
13505,66,66,110,1261,2583.12,3.903739837398374,Switzerland,0.21951219512195122,0.0,3,861.04,1009.69,420.3333333333333,41.0,9.0,0.0351123595505618,0.0,2583.12,2584.12,Future_High
13506,216,53,26,324,458.52,2.8611538461538464,United Kingdom,0.6538461538461539,0.0,2,229.26,301.12,162.0,13.0,3.0,0.012278660979707898,458.52,0.0,0.002176183844011142,Future_Inactive
13507,7,38,107,1040,1636.47,3.2383333333333333,United Kingdom,0.7592592592592593,0.0,2,818.2349999999999,1242.3799999999999,520.0,54.0,0.0,0.0,0.0,1636.47,1637.47,Future_Mid
13508,143,0,12,24,110.97,5.1925,United Kingdom,1.0,0.0,1,110.97,110.97,24.0,12.0,0.0,0.0,110.97,0.0,0.00893096365097794,Future_Inactive
13509,49,134,24,767,665.02,1.526551724137931,United Kingdom,0.0,0.0,4,166.255,313.5,191.75,7.25,0.0,0.0,650.02,15.0,0.024576817916500262,Future_Low
13510,83,0,38,421,585.3199999999999,2.724473684210526,United Kingdom,0.0,0.0,1,585.3199999999999,585.3199999999999,421.0,38.0,2.0,0.01081592645170013,0.0,585.3199999999999,586.3199999999999,Future_High
13512,160,0,15,143,251.21,4.1353333333333335,United Kingdom,0.0,0.0,1,251.21,251.21,143.0,15.0,0.0,0.0,251.21,0.0,0.003964949843384481,Future_Inactive
13513,26,0,10,109,205.1,3.685,United Kingdom,0.0,0.0,1,205.1,205.1,109.0,10.0,0.0,0.0,0.0,205.1,206.1,Future_Inactive
13515,17,130,30,473,523.96,2.0771428571428574,United Kingdom,0.37142857142857144,0.0,3,174.65333333333334,203.4,157.66666666666666,11.666666666666666,0.0,0.0,203.4,320.56,1.5731898238747553,Future_Low
13516,138,0,7,56,146.0,3.307142857142857,United Kingdom,0.0,0.0,1,146.0,146.0,56.0,7.0,0.0,0.0,146.0,0.0,0.006802721088435374,Future_High
13517,6,73,99,981,1612.18,2.970277777777778,United Kingdom,0.0,0.0,2,806.0899999999999,1101.86,490.5,54.0,2.0,0.01186003322035145,0.0,1612.18,1613.18,Future_Mid
13520,37,234,40,1312,2947.98,4.78375,Switzerland,0.0,0.0,5,589.596,856.0,262.4,14.4,2.0,0.044284797281963835,1479.3,1468.6799999999998,0.9928257785584003,Future_Mid
13523,99,166,92,828,2369.24,8.235196078431372,United Kingdom,0.0,0.0,3,789.7466666666666,1695.54,276.0,34.0,5.0,0.08124122633534207,566.95,1802.29,3.1750858350206883,Future_High
13524,1,118,14,187,408.86,3.2211111111111115,United Kingdom,0.16666666666666666,0.0,3,136.2866666666667,161.16000000000003,62.333333333333336,6.0,0.0,0.0,0.0,408.86,409.86,Future_Low
13525,148,0,2,208,282.88,1.255,United Kingdom,0.0,0.0,1,282.88,282.88,208.0,2.0,0.0,0.0,282.88,0.0,0.0035226151895166972,Future_Low
13527,5,221,110,1288,1362.52,2.292403100775194,United Kingdom,0.7131782945736435,0.0,4,340.63,475.19,322.0,31.25,0.0,0.0,110.45,1252.07,11.243337819650067,Future_Mid
13529,104,0,7,30,181.1,7.678571428571429,United Kingdom,0.0,0.0,1,181.1,181.1,30.0,7.0,0.0,0.0,0.0,181.1,182.1,Future_Low
13531,105,161,17,174,483.8,4.539545454545455,United Kingdom,0.0,0.0,2,241.89999999999998,305.45,87.0,11.0,0.0,0.0,305.45,178.35,0.5852504486865721,Future_Inactive
13533,82,84,61,202,269.09,1.9477333333333335,United Kingdom,0.0,0.0,3,89.69666666666666,126.78999999999999,67.33333333333333,24.333333333333332,0.0,0.0,144.94,124.14999999999999,0.8575441962450322,Future_Inactive
13534,7,250,101,2242,4371.53,2.8535897435897435,United Kingdom,0.0,0.0,21,208.16809523809522,410.90000000000003,106.76190476190476,11.142857142857142,36.0,0.04708000636510874,1668.85,2702.68,1.6191154894152169,Future_High
13538,20,194,8,125,891.75,7.305555555555555,United Kingdom,0.0,0.0,5,178.35,337.5,25.0,3.6,0.0,0.0,504.3,387.45,0.7687512368889768,Future_Mid
13539,140,68,21,231,315.65,3.2309523809523806,United Kingdom,0.0,0.0,2,157.825,164.1,115.5,10.5,1.0,0.07474717866041332,315.65,0.0,0.0031580609505763462,Future_Low
13544,140,0,42,63,113.01,2.443095238095238,United Kingdom,0.0,0.0,1,113.01,113.01,63.0,42.0,0.0,0.0,113.01,0.0,0.008771160424524164,Future_Low
13546,100,0,26,107,182.26,2.3207692307692307,United Kingdom,0.0,0.0,1,182.26,182.26,107.0,26.0,0.0,0.0,0.0,182.26,183.26,Future_Mid
13548,143,0,59,164,281.01,2.7491803278688525,United Kingdom,1.0,0.0,1,281.01,281.01,164.0,59.0,0.0,0.0,281.01,0.0,0.003545973547037339,Future_Mid
13549,42,99,34,411,762.05,2.939767441860465,United Kingdom,0.2558139534883721,0.0,5,152.41,223.7,82.2,8.6,1.0,0.0027220499129729236,183.5,578.55,3.141192411924119,Future_Low
13551,219,0,4,12,91.80000000000001,7.65,United Kingdom,0.0,0.0,1,91.80000000000001,91.80000000000001,12.0,4.0,0.0,0.0,91.80000000000001,0.0,0.010775862068965516,Future_Inactive
13552,23,192,61,1024,2762.91,4.179342105263157,United Kingdom,0.0,0.0,9,306.99,540.36,113.77777777777777,8.333333333333334,10.0,0.05837707041101493,782.75,1980.16,2.5277958532695375,Future_Mid
13555,101,0,55,868,1590.05,2.602909090909091,United Kingdom,1.0,0.0,2,795.025,976.12,434.0,27.5,0.0,0.0,0.0,1590.05,1591.05,Future_High
13557,180,0,16,224,240.68,1.5006249999999999,United Kingdom,0.0,0.0,1,240.68,240.68,224.0,16.0,0.0,0.0,240.68,0.0,0.004137702747434624,Future_Low
13561,115,0,14,83,141.85999999999999,3.5464285714285713,United Kingdom,1.0,0.0,1,141.85999999999999,141.85999999999999,83.0,14.0,0.0,0.0,0.0,141.85999999999999,142.85999999999999,Future_Inactive
13562,41,104,44,527,1209.73,3.8020754716981138,United Kingdom,0.0,0.0,2,604.865,606.46,263.5,26.5,0.0,0.0,603.27,606.46,1.0052790970923595,Future_Mid
13563,40,0,39,146,310.88,3.3174358974358973,United Kingdom,0.0,0.0,1,310.88,310.88,146.0,39.0,0.0,0.0,0.0,310.88,311.88,Future_Mid
13564,44,223,68,636,1724.67,10.442592592592591,United Kingdom,0.0,0.0,3,574.89,637.98,212.0,26.333333333333332,2.0,0.3897025778941595,1174.03,550.64,0.469468864624733,Future_Inactive
13565,234,0,13,78,110.17999999999999,1.576153846153846,United Kingdom,1.0,0.0,1,110.17999999999999,110.17999999999999,78.0,13.0,0.0,0.0,110.17999999999999,0.0,0.008994423457456378,Future_Low
13568,73,0,41,66,187.05,3.0372093023255813,United Kingdom,1.0,0.0,1,187.05,187.05,66.0,41.0,0.0,0.0,0.0,187.05,188.05,Future_Inactive
13569,267,0,23,43,109.82000000000001,3.148695652173913,United Kingdom,0.0,0.0,1,109.82000000000001,109.82000000000001,43.0,23.0,0.0,0.0,109.82000000000001,0.0,0.009023641941887746,Future_Low
13570,143,0,27,161,239.49,2.102592592592593,United Kingdom,1.0,0.0,1,239.49,239.49,161.0,27.0,0.0,0.0,239.49,0.0,0.00415817705517901,Future_Inactive
13571,27,125,89,672,801.15,1.9256818181818183,United Kingdom,0.0,0.0,6,133.525,167.26,112.0,22.0,0.0,0.0,145.27,655.88,4.490873043002666,Future_High
13572,105,0,32,534,1384.25,4.502424242424243,United Kingdom,0.0,0.0,1,1384.25,1384.25,534.0,32.0,0.0,0.0,0.0,1384.25,1385.25,Future_Inactive
13573,153,0,3,10,31.770000000000003,2.3733333333333335,United Kingdom,0.0,0.0,1,31.770000000000003,31.770000000000003,10.0,3.0,0.0,0.0,31.770000000000003,0.0,0.030515715593530664,Future_Low
13575,33,42,13,113,218.75,2.626923076923077,United Kingdom,0.0,0.0,2,109.375,130.2,56.5,6.5,0.0,0.0,0.0,218.75,219.75,Future_Mid
13576,13,259,38,1718,4517.21,2.7246153846153844,United Kingdom,0.12307692307692308,0.0,12,376.43416666666667,623.6800000000001,143.16666666666666,5.416666666666667,4.0,0.0030984827586206898,2017.28,2499.9300000000003,1.2391392670987178,Future_High
13577,48,92,43,337,822.1,3.8752173913043477,United Kingdom,0.0,0.0,2,411.05,465.35,168.5,23.0,0.0,0.0,356.75,465.35,1.3035639412997904,Future_Mid
13579,269,0,9,46,164.70000000000002,4.583333333333333,United Kingdom,1.0,0.0,1,164.70000000000002,164.70000000000002,46.0,9.0,0.0,0.0,164.70000000000002,0.0,0.006035003017501508,Future_Low
13581,209,0,10,30,118.0,4.48,United Kingdom,0.0,0.0,1,118.0,118.0,30.0,10.0,0.0,0.0,118.0,0.0,0.008403361344537815,Future_Inactive
13583,55,0,53,725,781.03,2.0120754716981133,United Kingdom,0.0,0.0,1,781.03,781.03,725.0,53.0,0.0,0.0,0.0,781.03,782.03,Future_Inactive
13584,206,0,24,37,142.4,4.164583333333333,United Kingdom,1.0,0.0,1,142.4,142.4,37.0,24.0,0.0,0.0,142.4,0.0,0.00697350069735007,Future_Inactive
13588,20,134,80,1118,1075.62,1.5417283950617284,United Kingdom,0.0,0.0,3,358.53999999999996,491.0,372.6666666666667,27.0,2.0,0.02014156486567736,113.30000000000001,962.32,8.427996500437445,Future_High
13589,79,0,9,28,147.0,7.872222222222222,United Kingdom,0.0,0.0,1,147.0,147.0,28.0,9.0,0.0,0.0,0.0,147.0,148.0,Future_Low
13590,50,152,46,900,1116.38,2.06,United Kingdom,0.0,0.0,4,279.095,309.06,225.0,12.75,2.0,0.005168511290523802,610.48,505.90000000000003,0.8289723294302349,Future_Mid
13591,104,62,36,263,776.23,5.1031578947368414,United Kingdom,0.0,0.0,2,388.115,462.2,131.5,19.0,0.0,0.0,462.2,314.03,0.6801165803108807,Future_Low
13592,105,58,12,71,205.51,6.873846153846154,United Kingdom,0.46153846153846156,0.0,3,68.50333333333333,95.94,23.666666666666668,4.333333333333333,0.0,0.0,76.72,128.79,1.669969119917653,Future_Low
13593,8,227,77,719,2011.88,4.391417322834646,United Kingdom,0.1732283464566929,0.0,5,402.37600000000003,645.83,143.8,25.4,1.0,0.02273301338721899,997.75,1014.13,1.0164005006257821,Future_Inactive
13599,56,210,71,1531,2313.84,2.45,United Kingdom,0.0,0.0,8,289.23,580.57,191.375,10.75,13.0,0.03340699554267047,1634.3600000000001,679.48,0.4161040994031895,Future_High
13600,212,0,19,324,219.52,3.0642105263157893,United Kingdom,0.0,0.0,1,219.52,219.52,324.0,19.0,0.0,0.0,219.52,0.0,0.0045347360783602395,Future_Inactive
13601,111,0,41,275,373.2,1.8333333333333333,United Kingdom,0.0,0.0,1,373.2,373.2,275.0,41.0,0.0,0.0,0.0,373.2,374.2,Future_Low
13606,143,68,37,240,246.63,2.466486486486487,United Kingdom,0.918918918918919,0.0,2,123.315,176.60999999999999,120.0,18.5,0.0,0.0,246.63,0.0,0.0040382829221015226,Future_Low
13610,10,174,140,364,764.76,2.654320987654321,United Kingdom,1.0,0.0,5,152.952,234.12,72.8,32.0,1.0,0.010288465271576659,342.67,422.09000000000003,1.2310937818255885,Future_Low
13611,70,189,31,420,636.72,2.5471875,United Kingdom,0.0,0.0,2,318.36,333.57,210.0,16.0,2.0,0.020912781399926188,303.15000000000003,333.57,1.1000164392569454,Future_Mid
13614,64,166,82,243,778.88,4.424186046511628,United Kingdom,0.0,0.0,2,389.44,573.13,121.5,42.0,0.0,0.0,205.75,573.13,2.7769286577992744,Future_Mid
13615,218,0,23,189,417.69,3.387391304347826,United Kingdom,0.0,0.0,1,417.69,417.69,189.0,23.0,1.0,0.040653207469165585,417.69,0.0,0.002388401920275144,Future_Inactive
13617,13,67,23,188,365.7,3.069642857142857,United Kingdom,0.4642857142857143,0.0,2,182.85,234.59,94.0,14.0,0.0,0.0,0.0,365.7,366.7,Future_Low
13618,73,0,13,246,177.34,1.0353846153846153,United Kingdom,1.0,0.0,1,177.34,177.34,246.0,13.0,0.0,0.0,0.0,177.34,178.34,Future_Inactive
13621,16,0,19,343,213.85,1.1289473684210527,United Kingdom,0.0,0.0,1,213.85,213.85,343.0,19.0,0.0,0.0,0.0,213.85,214.85,Future_Inactive
13623,110,87,61,149,539.17,3.7892063492063492,United Kingdom,0.15873015873015872,0.0,4,134.79250000000002,156.0,37.25,15.75,2.0,0.03559482712361601,391.59,147.58,0.3784609898367254,Future_Low
13626,152,0,19,209,257.23,2.1405263157894736,United Kingdom,0.0,0.0,1,257.23,257.23,209.0,19.0,0.0,0.0,257.23,0.0,0.003872516748634938,Future_Inactive
13627,76,181,62,775,1027.0,2.74703125,United Kingdom,0.0,0.0,3,342.3333333333333,421.08,258.3333333333333,21.333333333333332,1.0,0.012262563116133687,311.19,715.81,2.296069701143534,Future_Mid
13629,36,201,27,2772,4897.36,2.4766666666666666,United Kingdom,0.08888888888888889,0.0,7,699.6228571428571,895.0,396.0,6.428571428571429,0.0,0.0,2067.0,2830.36,1.3691295938104449,Future_High
13630,5,179,49,973,1361.46,1.897704918032787,United Kingdom,0.21311475409836064,0.0,5,272.29200000000003,431.78,194.6,12.2,8.0,0.02141943274441873,730.92,630.54,0.8628538638102525,Future_Mid
13631,43,123,6,460,3017.92,6.027,United Kingdom,0.1,0.0,10,301.79200000000003,850.0,46.0,1.0,1.0,0.01586463051552712,80.0,2937.92,36.28296296296296,Future_Low
13632,73,69,70,310,812.26,3.574404761904762,United Kingdom,0.7738095238095238,0.0,3,270.75333333333333,351.45000000000005,103.33333333333333,28.0,1.0,0.005205080158234437,259.24,553.02,2.128881032892714,Future_High
13634,6,220,73,347,755.97,3.3634065934065935,United Kingdom,0.3956043956043956,0.0,3,251.99,334.2,115.66666666666667,29.666666666666668,0.0,0.0,597.61,158.36,0.26621673543709595,Future_Mid
13636,22,163,36,339,646.55,3.6036585365853657,United Kingdom,0.2682926829268293,0.0,4,161.6375,249.60000000000002,84.75,10.25,1.0,0.011467013225288588,541.45,105.1,0.19559406396902937,Future_Low
13637,87,39,75,350,678.65,2.3328571428571427,United Kingdom,0.31868131868131866,0.0,2,339.325,416.4,175.0,43.5,0.0,0.0,0.0,678.65,679.65,Future_Low
13642,115,0,57,151,312.28,3.3484210526315787,United Kingdom,1.0,0.0,1,312.28,312.28,151.0,57.0,0.0,0.0,0.0,312.28,313.28,Future_Inactive
13643,85,0,6,60,87.9,1.4649999999999999,United Kingdom,0.0,0.0,1,87.9,87.9,60.0,6.0,0.0,0.0,0.0,87.9,88.9,Future_Mid
13644,5,0,48,659,851.09,2.4460416666666664,United Kingdom,0.0,0.0,1,851.09,851.09,659.0,48.0,0.0,0.0,0.0,851.09,852.09,Future_High
13645,20,0,5,158,252.1,3.3699999999999997,United Kingdom,0.0,0.0,1,252.1,252.1,158.0,5.0,0.0,0.0,0.0,252.1,253.1,Future_Inactive
13647,75,59,33,441,803.86,3.216666666666667,United Kingdom,0.0,0.0,2,401.93,424.64,220.5,16.5,0.0,0.0,0.0,803.86,804.86,Future_Mid
13649,156,109,23,139,346.6,3.191304347826087,United Kingdom,0.0,0.0,2,173.3,197.8,69.5,11.5,0.0,0.0,346.6,0.0,0.00287686996547756,Future_Inactive
13650,107,60,33,284,745.52,4.009166666666667,United Kingdom,0.0,0.0,2,372.76,373.4,142.0,18.0,2.0,0.034950551442033864,372.12,373.4,1.0034305317324184,Future_High
13652,156,112,33,290,638.24,3.6097368421052636,United Kingdom,0.0,0.0,2,319.12,329.44,145.0,19.0,0.0,0.0,638.24,0.0,0.0015643576747387522,Future_Mid
13654,45,128,100,1532,1714.27,2.3377981651376145,United Kingdom,0.5596330275229358,0.0,4,428.5675,541.4300000000001,383.0,27.25,0.0,0.0,798.24,916.03,1.1473775086332014,Future_High
13655,14,127,52,605,932.97,3.3296428571428573,United Kingdom,0.0,0.0,2,466.485,549.32,302.5,28.0,0.0,0.0,383.65,549.32,1.4307032367086965,Future_Inactive
13656,64,172,49,490,379.65,1.7189795918367348,United Kingdom,0.0,0.0,2,189.825,216.95,245.0,24.5,0.0,0.0,162.70000000000002,216.95,1.3313989004276112,Future_Inactive
13657,101,0,9,132,152.34,1.6822222222222223,United Kingdom,1.0,0.0,1,152.34,152.34,132.0,9.0,0.0,0.0,0.0,152.34,153.34,Future_Low
13658,104,0,32,300,933.3,5.2875,United Kingdom,0.0,0.0,1,933.3,933.3,300.0,32.0,4.0,0.1891398783666377,0.0,933.3,934.3,Future_High
13659,105,115,92,882,1563.0,3.8580582524271843,United Kingdom,0.5922330097087378,0.0,2,781.5,1035.2,441.0,48.5,4.0,0.01409783328602517,1035.2,527.8,0.5103261918548542,Future_Inactive
13662,112,47,33,353,516.44,2.8726470588235293,United Kingdom,0.0,0.0,2,258.22,288.74,176.5,17.0,5.0,0.03490805800568097,227.70000000000002,288.74,1.2668998688237865,Future_Low
13663,79,0,13,91,189.47,4.5,United Kingdom,0.0,0.0,1,189.47,189.47,91.0,13.0,0.0,0.0,0.0,189.47,190.47,Future_Inactive
13666,187,0,8,37,64.05,3.0375,United Kingdom,0.0,0.0,2,32.025000000000006,43.650000000000006,18.5,4.0,0.0,0.0,64.05,0.0,0.015372790161414298,Future_Low
13667,49,0,82,149,299.05,2.4897590361445783,United Kingdom,0.0,0.0,1,299.05,299.05,149.0,82.0,0.0,0.0,0.0,299.05,300.05,Future_Inactive
13668,13,249,218,2938,4900.97,3.1438109756097563,United Kingdom,0.4054878048780488,0.0,16,306.310625,1131.46,183.625,20.3125,21.0,0.014061924773731763,2601.02,2299.95,0.8842937410165947,Future_High
13669,49,0,3,13,48.150000000000006,6.216666666666666,United Kingdom,0.0,0.0,1,48.150000000000006,48.150000000000006,13.0,3.0,0.0,0.0,0.0,48.150000000000006,49.150000000000006,Future_Low
13672,201,30,4,57,186.39000000000001,4.463333333333334,United Kingdom,0.0,0.0,2,93.19500000000001,124.26,28.5,3.0,10.0,0.5804294975688817,186.39000000000001,0.0,0.005336464058914562,Future_Inactive
13675,51,133,25,330,486.82000000000005,1.9028,United Kingdom,0.0,0.0,2,243.41000000000003,308.44,165.0,12.5,0.0,0.0,308.44,178.38000000000002,0.579692347466391,Future_Inactive
13678,51,0,16,924,232.6,0.39375,United Kingdom,0.0,0.0,1,232.6,232.6,924.0,16.0,0.0,0.0,0.0,232.6,233.6,Future_Inactive
13680,237,1,69,1195,2391.59,2.3608571428571428,United Kingdom,0.0,0.0,2,1195.795,1520.1100000000001,597.5,35.0,21.0,0.38860597694097193,2391.59,0.0,0.0004179571092414496,Future_High
13681,55,0,13,96,203.46,2.468461538461539,United Kingdom,0.0,0.0,1,203.46,203.46,96.0,13.0,0.0,0.0,0.0,203.46,204.46,Future_Mid
13682,87,0,3,10,59.5,7.083333333333333,United Kingdom,1.0,0.0,1,59.5,59.5,10.0,3.0,0.0,0.0,0.0,59.5,60.5,Future_Inactive
13684,185,0,29,38,65.13,1.7324137931034485,United Kingdom,1.0,0.0,1,65.13,65.13,38.0,29.0,1.0,0.044033465433729636,65.13,0.0,0.015121729925903524,Future_Inactive
13686,82,0,8,70,72.0,1.1625,United Kingdom,0.0,0.0,1,72.0,72.0,70.0,8.0,0.0,0.0,0.0,72.0,73.0,Future_Inactive
13692,113,22,32,735,871.58,3.514375,United Kingdom,0.96875,0.0,2,435.79,856.63,367.5,16.0,2.0,0.024019349853868287,0.0,871.58,872.58,Future_Mid
13694,7,266,309,48830,45911.64,1.4548988764044943,United Kingdom,0.015730337078651686,0.0696629213483146,39,1177.2215384615386,3547.34,1252.051282051282,11.41025641025641,13.0,0.04383180038103743,21459.99,24451.65,1.139399906528077,Future_High
13695,19,140,30,914,1385.53,2.6858,United Kingdom,0.1,0.0,11,125.95727272727272,340.44,83.0909090909091,4.545454545454546,0.0,0.0,83.14,1302.39,15.49072973615403,Future_High
13699,55,0,14,66,308.58000000000004,6.3064285714285715,United Kingdom,0.0,0.0,1,308.58000000000004,308.58000000000004,66.0,14.0,0.0,0.0,0.0,308.58000000000004,309.58000000000004,Future_Inactive
13700,76,150,86,1536,1229.31,1.4303539823008848,United Kingdom,0.5309734513274337,0.0,6,204.885,314.52,256.0,18.833333333333332,0.0,0.0,927.17,302.14,0.32659965308079336,Future_High
13703,218,0,1,10,99.5,9.95,United Kingdom,0.0,0.0,1,99.5,99.5,10.0,1.0,0.0,0.0,99.5,0.0,0.009950248756218905,Future_Inactive
13705,44,228,20,237,522.68,9.575238095238095,United Kingdom,0.0,0.0,2,261.34,318.14,118.5,10.5,0.0,0.0,318.14,204.54,0.6440433665475966,Future_Low
13706,202,0,20,189,330.79,2.774,United Kingdom,0.0,0.0,1,330.79,330.79,189.0,20.0,0.0,0.0,330.79,0.0,0.0030139546098435755,Future_Inactive
13707,167,48,48,351,806.41,4.463333333333334,United Kingdom,0.0,0.3333333333333333,2,403.205,583.41,175.5,24.0,0.0,0.0,806.41,0.0,0.0012385281331665449,Future_Inactive
13708,171,0,49,301,285.33,2.0067346938775508,United Kingdom,1.0,0.0,1,285.33,285.33,301.0,49.0,0.0,0.0,285.33,0.0,0.0034924737191352638,Future_Inactive
13709,1,213,125,1890,2918.81,3.1261309523809526,United Kingdom,0.0,0.0,5,583.762,788.04,378.0,33.6,6.0,0.01992512130013599,454.3,2464.51,5.415132879420163,Future_High
13711,118,0,11,140,252.06,3.7800000000000002,United Kingdom,0.0,0.0,2,126.03,170.96,70.0,6.5,0.0,0.0,0.0,252.06,253.06,Future_Inactive
13712,146,0,10,352,228.84,1.2349999999999999,United Kingdom,0.0,0.0,1,228.84,228.84,352.0,10.0,0.0,0.0,228.84,0.0,0.00435085276714236,Future_Inactive
13715,181,91,89,562,1077.39,2.287980769230769,United Kingdom,0.27884615384615385,0.07692307692307693,5,215.478,445.22,112.4,20.6,3.0,0.023032490320006524,1077.39,0.0,0.0009273083021912295,Future_Inactive
13716,169,0,21,138,138.28,1.4195238095238094,United Kingdom,0.0,0.0,1,138.28,138.28,138.0,21.0,0.0,0.0,138.28,0.0,0.007179781734635267,Future_Inactive
13717,28,169,64,1567,955.99,1.7959154929577466,United Kingdom,0.0,0.0,4,238.9975,298.05,391.75,17.75,1.0,0.013161426182463819,570.59,385.4,0.6760090274497453,Future_Mid
13718,146,49,9,173,306.55,5.529166666666666,United Kingdom,0.0,0.0,2,153.275,192.5,86.5,6.0,0.0,0.0,306.55,0.0,0.003251503820516989,Future_Inactive
13719,105,28,19,186,338.74,2.516,United Kingdom,0.0,0.0,2,169.37,205.84,93.0,10.0,0.0,0.0,0.0,338.74,339.74,Future_Mid
13720,16,138,42,501,799.9,3.17906976744186,United Kingdom,0.0,0.0,4,199.975,266.2,125.25,10.75,0.0,0.0,432.1,367.8,0.8515354421611637,Future_Inactive
13722,31,151,75,1401,2375.41,2.8843529411764703,United Kingdom,0.4588235294117647,0.0,3,791.8033333333333,1463.47,467.0,28.333333333333332,1.0,0.0026242200817916915,1463.47,911.94,0.6233927632522346,Future_Inactive
13723,117,0,6,43,199.85000000000002,5.283333333333333,United Kingdom,0.0,0.0,1,199.85000000000002,199.85000000000002,43.0,6.0,0.0,0.0,0.0,199.85000000000002,200.85000000000002,Future_Inactive
13725,69,139,86,724,1865.7,4.523789473684211,United Kingdom,0.11578947368421053,0.0,7,266.5285714285714,947.65,103.42857142857143,13.571428571428571,4.0,0.019755162086901694,1598.8,266.9,0.167458432304038,Future_Inactive
13726,0,0,23,384,292.68,1.0508695652173912,United Kingdom,0.0,0.0,1,292.68,292.68,384.0,23.0,0.0,0.0,0.0,292.68,293.68,Future_Mid
13728,7,203,29,354,797.02,5.7376,United Kingdom,0.0,0.0,5,159.404,183.0,70.8,10.0,0.0,0.0,341.58,455.44,1.332360324595715,Future_Low
13730,35,25,38,488,752.6,3.238139534883721,United Kingdom,0.0,0.0,2,376.29999999999995,445.84999999999997,244.0,21.5,0.0,0.0,0.0,752.6,753.6,Future_Inactive
13731,119,27,36,278,610.59,4.2894736842105265,United Kingdom,0.0,0.0,2,305.295,308.12,139.0,19.0,0.0,0.0,308.12,302.47,0.9817223084886129,Future_Inactive
13735,75,58,88,719,1409.69,3.3357843137254903,United Kingdom,0.0,0.0,2,704.845,935.15,359.5,51.0,7.0,0.049965292520032616,0.0,1409.69,1410.69,Future_High
13736,160,0,73,228,357.53,2.5198684210526316,United Kingdom,0.0,0.0,1,357.53,357.53,228.0,73.0,3.0,0.021618367402785763,357.53,0.0,0.0027891668758541826,Future_Low
13737,100,0,29,125,339.59999999999997,3.848666666666667,United Kingdom,0.0,0.0,1,339.59999999999997,339.59999999999997,125.0,29.0,0.0,0.0,0.0,339.59999999999997,340.59999999999997,Future_Inactive
13740,140,0,23,425,350.75,1.5960869565217393,United Kingdom,0.0,0.0,1,350.75,350.75,425.0,23.0,0.0,0.0,350.75,0.0,0.0028429282160625444,Future_Inactive
13741,83,33,20,143,363.13,4.046,United Kingdom,0.0,0.0,2,181.565,200.17000000000002,71.5,10.0,1.0,0.005749801494948388,0.0,363.13,364.13,Future_Low
13742,62,157,163,964,2632.57,4.118875968992248,United Kingdom,0.6705426356589147,0.0,10,263.257,522.15,96.4,25.1,2.0,0.010747152568231265,1327.9,1304.67,0.9825193769282865,Future_Mid
13743,7,151,8,1212,912.1199999999999,1.1166666666666667,United Kingdom,0.0,0.0,5,182.42399999999998,275.76,242.4,6.0,1.0,0.001587179964315816,141.72,770.4,5.4049887892376685,Future_Mid
13744,192,0,44,899,817.3199999999999,1.5527272727272725,United Kingdom,1.0,0.0,1,817.3199999999999,817.3199999999999,899.0,44.0,0.0,0.0,817.3199999999999,0.0,0.0012220158373252518,Future_Low
13745,62,0,25,496,300.04,0.6456000000000001,United Kingdom,0.0,0.0,1,300.04,300.04,496.0,25.0,1.0,0.027549102223374602,0.0,300.04,301.04,Future_Inactive
13747,273,0,1,8,79.6,9.95,United Kingdom,0.0,0.0,1,79.6,79.6,8.0,1.0,0.0,0.0,79.6,0.0,0.01240694789081886,Future_Inactive
13748,132,141,11,223,580.85,5.426923076923076,United Kingdom,0.0,0.0,3,193.61666666666665,229.39999999999998,74.33333333333333,4.333333333333333,0.0,0.0,433.4,147.45,0.3417357274401473,Future_Low
13750,40,196,16,431,1316.63,4.6684210526315795,United Kingdom,0.0,0.0,4,329.1575,363.36,107.75,4.75,0.0,0.0,688.8000000000001,627.8299999999999,0.9116120614670917,Future_Low
13751,188,0,9,152,296.25,3.5300000000000002,United Kingdom,0.0,0.0,1,296.25,296.25,152.0,9.0,0.0,0.0,296.25,0.0,0.00336417157275021,Future_Inactive
13752,24,122,64,874,1175.38,3.0383999999999998,United Kingdom,0.4666666666666667,0.0,6,195.89666666666668,298.99,145.66666666666666,12.5,0.0,0.0,277.6,897.78,3.226058865757358,Future_Inactive
13753,187,0,35,512,741.26,1.7942857142857143,United Kingdom,0.0,0.0,1,741.26,741.26,512.0,35.0,0.0,0.0,741.26,0.0,0.0013472368172877428,Future_Inactive
13754,51,165,11,214,282.59999999999997,2.3375,United Kingdom,0.0,0.0,2,141.3,156.0,107.0,6.0,0.0,0.0,156.0,126.6,0.8127388535031846,Future_Inactive
13756,29,238,47,1638,2558.34,3.151038961038961,United Kingdom,0.0,0.0,7,365.4771428571429,532.8000000000001,234.0,11.0,0.0,0.0,1004.4000000000001,1553.94,1.5465884225184006,Future_High
13758,101,172,87,1493,2351.52,3.349052631578947,United Kingdom,0.5894736842105263,0.0,5,470.304,893.37,298.6,18.8,0.0,0.0,1458.15,893.37,0.6129390398519686,Future_Mid
13760,156,0,28,96,135.09,1.7210714285714286,United Kingdom,0.0,0.0,1,135.09,135.09,96.0,28.0,0.0,0.0,135.09,0.0,0.00734807847747814,Future_Low
13761,79,0,32,224,491.71000000000004,3.446875,United Kingdom,0.0,0.0,1,491.71000000000004,491.71000000000004,224.0,32.0,0.0,0.0,0.0,491.71000000000004,492.71000000000004,Future_Mid
13762,118,0,7,272,306.72,1.26,United Kingdom,0.0,0.0,1,306.72,306.72,272.0,7.0,7.0,0.4999999999999999,0.0,306.72,307.72,Future_Inactive
13764,44,193,123,584,943.29,2.9216058394160584,United Kingdom,0.0,0.0,2,471.645,499.89,292.0,66.5,0.0,0.0,499.89,443.40000000000003,0.8872207470702151,Future_Mid
13767,8,264,50,3933,9676.37,3.674626334519573,United Kingdom,0.13167259786476868,0.0,28,345.5846428571429,806.28,140.46428571428572,10.035714285714286,24.0,0.01606610286169831,5236.64,4439.7300000000005,0.8478494130944472,Future_High
13769,22,244,55,708,1730.24,3.704705882352941,United Kingdom,0.0,0.0,6,288.37333333333333,322.3,118.0,14.166666666666666,7.0,0.013090423741864829,927.07,803.1700000000001,0.866497139224412,Future_High
13771,99,47,65,825,1464.8500000000001,2.7150000000000003,United Kingdom,0.0,0.0,2,732.425,871.6,412.5,35.0,1.0,0.0018738075769964566,871.6,593.25,0.681010772404309,Future_High
13772,139,0,36,86,228.42,2.7830555555555554,United Kingdom,0.0,0.0,1,228.42,228.42,86.0,36.0,0.0,0.0,228.42,0.0,0.004358817888588615,Future_Mid
13777,29,243,35,5959,12360.24,2.3303361344537814,United Kingdom,0.04201680672268908,0.0,24,515.01,2558.42,248.29166666666666,4.958333333333333,17.0,0.016099515303096758,9649.95,2710.29,0.2809350374833565,Future_High
13778,3,0,9,70,178.7,3.3,United Kingdom,1.0,0.0,1,178.7,178.7,70.0,9.0,0.0,0.0,0.0,178.7,179.7,Future_Inactive
13780,70,0,9,173,116.28000000000002,2.0644444444444443,United Kingdom,0.0,0.0,1,116.28000000000002,116.28000000000002,173.0,9.0,0.0,0.0,0.0,116.28000000000002,117.28000000000002,Future_Low
13781,150,0,17,30,127.84,4.557058823529411,United Kingdom,1.0,0.0,1,127.84,127.84,30.0,17.0,0.0,0.0,127.84,0.0,0.00776156473144986,Future_Inactive
13782,24,203,59,184,484.79,3.780333333333333,United Kingdom,0.85,0.0,3,161.59666666666666,191.94,61.333333333333336,20.0,0.0,0.0,191.94,292.85,1.5230123354410698,Future_Mid
13784,13,219,9,1833,1968.63,2.93,United Kingdom,0.0,0.11538461538461539,8,246.07875,603.96,229.125,3.25,0.0,0.0,426.39,1542.24,3.6108472355459886,Future_Mid
13786,267,0,7,136,230.39999999999998,1.8928571428571428,United Kingdom,0.0,0.0,1,230.39999999999998,230.39999999999998,136.0,7.0,0.0,0.0,230.39999999999998,0.0,0.00432152117545376,Future_Inactive
13787,264,0,7,56,106.4,2.4785714285714286,United Kingdom,0.0,0.0,1,106.4,106.4,56.0,7.0,0.0,0.0,106.4,0.0,0.009310986964618248,Future_Low
13791,27,40,7,1200,1516.0,1.2463636363636363,United Kingdom,0.0,0.0,2,758.0,937.0,600.0,5.5,0.0,0.0,0.0,1516.0,1517.0,Future_Inactive
13792,187,0,4,28,74.60000000000001,2.95,United Kingdom,0.0,0.0,1,74.60000000000001,74.60000000000001,28.0,4.0,0.0,0.0,74.60000000000001,0.0,0.013227513227513227,Future_Low
13798,7,264,95,17638,28066.24,2.17612,United Kingdom,0.132,0.0,41,684.5424390243902,3762.66,430.1951219512195,6.024390243902439,66.0,0.02407386737240412,15778.06,12288.18,0.778828396621852,Future_High
13799,16,177,32,402,688.86,2.1302564102564103,United Kingdom,0.0,0.0,2,344.42999999999995,347.15999999999997,201.0,19.5,0.0,0.0,341.7,347.15999999999997,1.0159323023052231,Future_Inactive
13800,209,0,33,331,558.32,2.553939393939394,United Kingdom,0.0,0.0,1,558.32,558.32,331.0,33.0,0.0,0.0,558.32,0.0,0.0017878852892798396,Future_Inactive
13802,38,172,55,2572,4599.42,2.6631666666666667,United Kingdom,0.2,0.0,3,1533.14,2161.32,857.3333333333334,20.0,6.0,0.13096661924169165,3131.06,1468.3600000000001,0.4691353294636757,Future_Inactive
13803,155,0,17,121,277.07,2.922941176470588,United Kingdom,0.0,0.0,1,277.07,277.07,121.0,17.0,0.0,0.0,277.07,0.0,0.003596216779947495,Future_Inactive
13804,41,148,74,791,1355.11,3.3516883116883114,United Kingdom,0.0,0.0,3,451.7033333333334,723.63,263.6666666666667,25.666666666666668,0.0,0.0,723.63,631.48,0.8728316520155114,Future_High
13805,29,0,6,728,500.24,0.7783333333333333,United Kingdom,0.0,0.0,1,500.24,500.24,728.0,6.0,0.0,0.0,0.0,500.24,501.24,Future_Mid
13807,267,0,7,36,112.6,5.1499999999999995,United Kingdom,0.0,0.0,1,112.6,112.6,36.0,7.0,0.0,0.0,112.6,0.0,0.008802816901408451,Future_Inactive
13809,205,0,11,29,155.05,7.108333333333333,Cyprus,0.0,0.0,1,155.05,155.05,29.0,11.0,0.0,0.0,155.05,0.0,0.006408202499198974,Future_Inactive
13811,83,55,7,68,814.5,26.25,Germany,0.0,0.46153846153846156,3,271.5,333.0,22.666666666666668,4.333333333333333,1.0,0.21475054229934923,258.75,555.75,2.143407122232916,Future_Inactive
13812,5,0,20,191,278.74,2.7405,Germany,0.0,0.0,1,278.74,278.74,191.0,20.0,0.0,0.0,0.0,278.74,279.74,Future_Low
13813,34,0,17,177,385.14,4.3094117647058825,Germany,0.0,0.0,1,385.14,385.14,177.0,17.0,2.0,0.03374394741463659,0.0,385.14,386.14,Future_High
13814,37,0,31,332,617.54,3.636774193548387,Germany,0.0,0.0,1,617.54,617.54,332.0,31.0,0.0,0.0,0.0,617.54,618.54,Future_Mid
13815,72,146,110,1965,2977.75,2.583235294117647,Germany,0.0,0.0,2,1488.875,1965.74,982.5,68.0,1.0,0.004163601096916595,1012.01,1965.74,1.9414813279237124,Future_High
13817,251,0,9,63,128.7,3.688888888888889,Germany,0.0,0.0,1,128.7,128.7,63.0,9.0,0.0,0.0,128.7,0.0,0.007710100231303007,Future_Low
13819,201,18,26,1109,1140.35,2.003611111111111,United Kingdom,0.0,0.0,3,380.1166666666666,425.05,369.6666666666667,12.0,0.0,0.0,1140.35,0.0,0.0008761554299732773,Future_Inactive
13821,44,116,51,153,385.64,3.2916949152542374,United Kingdom,0.0,0.0,2,192.82,270.15,76.5,29.5,0.0,0.0,270.15,115.49,0.4296146044624747,Future_Inactive
13824,35,174,26,660,1429.84,2.68,United Kingdom,0.0,0.0,4,357.46000000000004,659.3000000000001,165.0,9.0,0.0,0.0,1102.18,327.66,0.2979205569354049,Future_Low
13826,76,0,10,82,189.5,5.7299999999999995,United Kingdom,0.0,0.0,1,189.5,189.5,82.0,10.0,2.0,0.07266943968681185,0.0,189.5,190.5,Future_Inactive
13827,33,9,59,95,300.76,4.18655737704918,United Kingdom,0.0,0.0,2,150.38,188.01999999999998,47.5,30.5,0.0,0.0,0.0,300.76,301.76,Future_Low
13831,38,231,57,515,1450.85,3.859032258064516,United Kingdom,0.12903225806451613,0.0,4,362.7125,408.0,128.75,15.5,0.0,0.0,408.0,1042.85,2.552200488997555,Future_Mid
13833,59,0,28,117,383.85,5.041071428571429,United Kingdom,1.0,0.0,1,383.85,383.85,117.0,28.0,0.0,0.0,0.0,383.85,384.85,Future_Inactive
13835,55,59,28,291,537.34,2.9899999999999998,United Kingdom,0.6176470588235294,0.0,2,268.66999999999996,328.45,145.5,17.0,0.0,0.0,0.0,537.34,538.34,Future_Low
13837,111,105,17,182,266.59000000000003,2.0616666666666665,United Kingdom,0.0,0.0,2,133.29500000000002,157.54000000000002,91.0,9.0,0.0,0.0,109.05,157.54000000000002,1.440617900954112,Future_Inactive
13838,17,252,106,164,467.54,3.4362280701754386,United Kingdom,1.0,0.0,3,155.84666666666666,230.66,54.666666666666664,37.333333333333336,0.0,0.0,230.66,236.88,1.0268496935163602,Future_Low
13841,152,0,1,100,85.0,0.85,United Kingdom,0.0,0.0,1,85.0,85.0,100.0,1.0,0.0,0.0,85.0,0.0,0.011627906976744186,Future_Inactive
13842,55,211,96,893,2165.27,4.620984848484849,United Kingdom,0.0,0.0,7,309.32428571428574,336.8,127.57142857142857,18.857142857142858,0.0,0.0,1218.6,946.67,0.7770334535913415,Future_High
13846,142,117,43,345,663.9300000000001,2.782325581395349,United Kingdom,0.0,0.0,2,331.965,411.4,172.5,21.5,3.0,0.02560979189292318,663.9300000000001,0.0,0.0015039177056231483,Future_Low
13848,197,68,3,2700,935.0,0.4975,United Kingdom,0.0,0.0,2,467.5,615.0,1350.0,2.0,0.0,0.0,935.0,0.0,0.0010683760683760685,Future_Low
13849,70,0,38,332,593.5799999999999,3.3955263157894735,United Kingdom,0.0,0.0,1,593.5799999999999,593.5799999999999,332.0,38.0,0.0,0.0,0.0,593.5799999999999,594.5799999999999,Future_Mid
13850,29,0,93,944,1595.48,2.4186021505376343,United Kingdom,0.0,0.0,1,1595.48,1595.48,944.0,93.0,0.0,0.0,0.0,1595.48,1596.48,Future_Inactive
13851,28,159,65,1023,1353.28,2.192173913043478,United Kingdom,0.0,0.0,2,676.64,1106.96,511.5,34.5,0.0,0.0,246.32,1106.96,4.4798641436196025,Future_High
13854,6,259,33,1742,6145.16,4.628928571428571,United Kingdom,0.047619047619047616,0.0,19,323.4294736842105,429.9,91.6842105263158,4.421052631578948,4.0,0.01356414314745909,3626.2799999999997,2518.88,0.6947023665115459,Future_High
13856,68,34,10,494,388.5,1.06,United Kingdom,0.0,0.0,3,129.5,169.5,164.66666666666666,4.666666666666667,3.0,0.060686653771760156,0.0,388.5,389.5,Future_Inactive
13859,226,0,27,129,201.16,2.887857142857143,United Kingdom,0.0,0.0,1,201.16,201.16,129.0,27.0,0.0,0.0,201.16,0.0,0.004946576968737634,Future_Inactive
13862,8,223,77,1277,1781.3,1.7470909090909092,United Kingdom,0.18181818181818182,0.0,6,296.8833333333333,425.1,212.83333333333334,18.333333333333332,3.0,0.012227243740815704,678.85,1102.45,1.623078620283886,Future_Mid
13863,147,0,20,224,305.78,2.5965,United Kingdom,0.0,0.0,1,305.78,305.78,224.0,20.0,2.0,0.019935897435897434,305.78,0.0,0.0032596649064476173,Future_Inactive
13865,36,152,23,154,383.34000000000003,3.9034782608695653,United Kingdom,0.0,0.0,3,127.78000000000002,159.22,51.333333333333336,7.666666666666667,0.0,0.0,123.30000000000001,260.04,2.1000804505229285,Future_Low
13867,118,0,8,31,138.85,7.0375,United Kingdom,0.0,0.0,1,138.85,138.85,31.0,8.0,0.0,0.0,0.0,138.85,139.85,Future_Mid
13869,23,233,234,1709,3083.65,2.9455263157894738,United Kingdom,0.1611842105263158,0.0,4,770.9125,1510.49,427.25,74.75,0.0,0.0,1573.16,1510.49,0.9601882908980027,Future_Inactive
13870,1,186,82,1058,2179.4700000000003,3.3194318181818185,United Kingdom,0.0,0.0,5,435.89400000000006,812.16,211.6,17.6,2.0,0.007649332732314332,544.03,1635.44,3.00247692787553,Future_Mid
13871,12,196,116,1746,4074.2400000000002,3.856901408450704,United Kingdom,0.0,0.0,8,509.28000000000003,633.07,218.25,26.625,0.0,0.0,1254.9,2819.34,2.2456724261485785,Future_High
13873,19,190,21,140,389.6,4.609565217391304,United Kingdom,0.0,0.0,3,129.86666666666667,159.20000000000002,46.666666666666664,7.666666666666667,1.0,0.01987421383647799,121.45,268.15000000000003,2.1980400163331972,Future_Inactive
13874,258,0,18,180,540.45,5.5055555555555555,United Kingdom,0.0,1.0,1,540.45,540.45,180.0,18.0,0.0,0.0,540.45,0.0,0.001846892603195124,Future_Inactive
13875,33,167,66,1005,1424.8,1.999012345679012,United Kingdom,0.14814814814814814,0.0,4,356.2,384.2,251.25,20.25,0.0,0.0,683.6800000000001,741.12,1.0838932055850907,Future_Low
13880,45,222,69,852,1680.76,3.0165909090909087,United Kingdom,0.18181818181818182,0.0,8,210.095,312.94,106.5,11.0,0.0,0.0,799.73,881.03,1.1015323517290472,Future_High
13881,7,204,46,4766,6969.14,2.514851485148515,United Kingdom,0.0,0.0,9,774.348888888889,1560.3400000000001,529.5555555555555,11.222222222222221,1.0,0.009663016509547913,2009.1200000000001,4960.02,2.4680218096432056,Future_High
13883,118,34,94,904,1742.78,3.1981914893617023,United Kingdom,0.0,0.0,4,435.695,980.41,226.0,23.5,8.0,0.054050239909681067,980.41,762.37,0.7778298570424186,Future_Mid
13884,177,5,10,65,196.25,4.305,United Kingdom,0.0,0.0,3,65.41666666666667,138.15,21.666666666666668,3.3333333333333335,1.0,0.03110343125154283,196.25,0.0,0.005069708491761723,Future_Mid
13885,89,11,28,182,506.8,3.960714285714286,United Kingdom,0.0,0.0,2,253.39999999999998,399.15,91.0,14.0,0.0,0.0,0.0,506.8,507.8,Future_Inactive
13887,104,0,19,147,349.55,3.8542105263157898,United Kingdom,0.0,0.0,1,349.55,349.55,147.0,19.0,0.0,0.0,0.0,349.55,350.55,Future_Inactive
13888,19,98,38,254,595.67,4.1635897435897435,United Kingdom,0.0,0.0,2,297.83500000000004,366.11,127.0,19.5,0.0,0.0,0.0,595.67,596.67,Future_Inactive
13890,7,251,25,271,501.11,2.6816666666666666,United Kingdom,0.0,0.0,2,250.555,310.76,135.5,15.0,1.0,0.010074870113194127,190.35,310.76,1.6292657434021427,Future_High
13892,146,0,3,140,54.519999999999996,0.3866666666666667,United Kingdom,0.0,0.0,1,54.519999999999996,54.519999999999996,140.0,3.0,0.0,0.0,54.519999999999996,0.0,0.018011527377521614,Future_Mid
13893,197,0,21,190,821.1,6.199999999999999,United Kingdom,0.0,0.0,1,821.1,821.1,190.0,21.0,0.0,0.0,821.1,0.0,0.0012163970319912418,Future_Inactive
13894,210,0,10,105,160.85,2.0,United Kingdom,0.0,0.0,1,160.85,160.85,105.0,10.0,1.0,0.05797950219619326,160.85,0.0,0.006178560395427865,Future_Mid
13895,43,21,39,436,937.3000000000001,3.267333333333333,United Kingdom,0.0,0.0,2,468.65000000000003,554.84,218.0,22.5,0.0,0.0,0.0,937.3000000000001,938.3000000000001,Future_High
13898,225,0,12,133,155.93,2.6141666666666667,United Kingdom,0.0,0.0,1,155.93,155.93,133.0,12.0,0.0,0.0,155.93,0.0,0.0063722678901421016,Future_Inactive
13899,174,0,15,122,298.5,3.0833333333333335,United Kingdom,0.0,0.0,1,298.5,298.5,122.0,15.0,0.0,0.0,298.5,0.0,0.00333889816360601,Future_Low
13900,83,79,42,430,740.95,3.113720930232558,United Kingdom,0.0,0.023255813953488372,3,246.98333333333335,374.87,143.33333333333334,14.333333333333334,0.0,0.0,357.58000000000004,383.37,1.0719225835238997,Future_Inactive
13901,7,211,129,1547,2652.28,3.904626865671642,United Kingdom,0.0,0.0,4,663.07,1561.0900000000001,386.75,33.5,0.0,0.0,648.3,2003.98,3.087910056984445,Future_Low
13904,194,0,17,223,201.12,1.1311764705882352,United Kingdom,0.0,0.0,1,201.12,201.12,223.0,17.0,0.0,0.0,201.12,0.0,0.004947555907381753,Future_Low
13908,26,149,65,919,1461.61,3.2314473684210525,United Kingdom,0.0,0.0,3,487.2033333333334,630.5,306.3333333333333,25.333333333333332,4.0,0.015160601303137908,496.0,965.61,1.9448893360160966,Future_Mid
13911,44,163,120,2189,2437.63,2.4431944444444444,United Kingdom,0.25,0.1111111111111111,8,304.70375,516.12,273.625,18.0,0.0,0.0,1089.5,1348.1299999999999,1.23716643741403,Future_Low
13917,91,0,5,38,65.38,3.2979999999999996,United Kingdom,0.0,0.0,1,65.38,65.38,38.0,5.0,0.0,0.0,0.0,65.38,66.38,Future_Low
13918,153,0,8,100,198.2,2.475,United Kingdom,0.0,1.0,1,198.2,198.2,100.0,8.0,0.0,0.0,198.2,0.0,0.0050200803212851405,Future_High
13919,21,0,16,338,213.15,2.680625,Denmark,0.0,0.0,1,213.15,213.15,338.0,16.0,0.0,0.0,0.0,213.15,214.15,Future_Low
13922,251,0,7,93,172.25,4.988571428571428,United Kingdom,0.0,0.0,1,172.25,172.25,93.0,7.0,0.0,0.0,172.25,0.0,0.005772005772005772,Future_Inactive
13925,21,13,25,267,496.05,5.179090909090909,United Kingdom,0.0,0.0,2,248.025,380.12,133.5,16.5,3.0,0.08964947696825105,0.0,496.05,497.05,Future_Low
13928,6,26,13,87,225.45000000000002,4.602307692307692,United Kingdom,0.0,0.0,2,112.725,121.25,43.5,6.5,0.0,0.0,0.0,225.45000000000002,226.45000000000002,Future_Low
13929,69,157,8,143,842.65,5.294444444444444,United Kingdom,0.0,0.0,2,421.325,429.79999999999995,71.5,4.5,1.0,0.04510170547906397,412.85,429.79999999999995,1.0409568684305905,Future_Inactive
13930,36,0,10,210,210.0,1.095,United Kingdom,0.0,0.0,1,210.0,210.0,210.0,10.0,0.0,0.0,0.0,210.0,211.0,Future_Low
13931,180,0,20,211,378.21000000000004,2.1870000000000003,United Kingdom,0.0,0.0,1,378.21000000000004,378.21000000000004,211.0,20.0,0.0,0.0,378.21000000000004,0.0,0.0026370612589330447,Future_Mid
13932,194,0,16,72,307.4,6.103125,United Kingdom,0.0,0.0,1,307.4,307.4,72.0,16.0,0.0,0.0,307.4,0.0,0.00324254215304799,Future_Inactive
13933,9,39,23,205,608.7900000000001,3.460434782608696,United Kingdom,0.0,0.0,2,304.395,307.8,102.5,11.5,0.0,0.0,0.0,608.7900000000001,609.7900000000001,Future_Inactive
13934,163,0,31,390,922.1,3.1870967741935483,United Kingdom,0.0,0.0,1,922.1,922.1,390.0,31.0,0.0,0.0,922.1,0.0,0.0010833062506770664,Future_Inactive
13936,79,0,26,330,376.58,1.5419230769230767,United Kingdom,0.0,0.0,1,376.58,376.58,330.0,26.0,1.0,0.039042564050219455,0.0,376.58,377.58,Future_Inactive
13937,69,0,9,123,158.85,1.6944444444444444,United Kingdom,0.0,0.0,1,158.85,158.85,123.0,9.0,0.0,0.0,0.0,158.85,159.85,Future_Inactive
13939,8,203,32,657,390.21,0.8826470588235293,United Kingdom,0.0,0.0,2,195.10500000000002,205.71,328.5,17.0,1.0,0.02935250366906296,184.5,205.71,1.1143396226415094,Future_Low
13940,16,27,25,240,391.06,3.3292592592592594,United Kingdom,0.0,0.0,2,195.53,218.62,120.0,13.5,0.0,0.0,0.0,391.06,392.06,Future_Mid
13941,71,200,20,1382,2831.26,4.298214285714286,United Kingdom,0.0,0.0,3,943.7533333333332,1095.12,460.6666666666667,9.333333333333334,2.0,0.06614860429908206,2118.96,712.3,0.33646861261533234,Future_High
13946,101,66,9,263,485.96999999999997,1.9588888888888887,United Kingdom,0.5555555555555556,0.0,2,242.985,276.12,131.5,4.5,0.0,0.0,209.85,276.12,1.3142992648802467,Future_Low
13948,260,0,3,40,102.0,3.9499999999999997,United Kingdom,0.0,0.0,1,102.0,102.0,40.0,3.0,0.0,0.0,102.0,0.0,0.009708737864077669,Future_Inactive
13950,146,0,7,81,179.30999999999997,6.284285714285715,United Kingdom,0.0,0.0,1,179.30999999999997,179.30999999999997,81.0,7.0,0.0,0.0,179.30999999999997,0.0,0.005546004104043037,Future_Mid
13951,76,118,38,459,674.45,3.4892307692307694,United Kingdom,0.5128205128205128,0.0,3,224.8166666666667,303.49,153.0,13.0,0.0,0.0,212.56,461.89,2.1674939127177373,Future_Inactive
13952,117,20,120,1431,3251.071,3.9832919708029197,United Kingdom,0.0,0.0,2,1625.5355,2042.761,715.5,68.5,1.0,0.0015294600729534027,2042.761,1208.31,0.591708130255935,Future_Inactive
13953,15,236,8,2048,2604.36,2.2733333333333334,United Kingdom,0.0,0.0,5,520.8720000000001,750.0,409.6,2.4,0.0,0.0,1000.0,1604.3600000000001,1.6037562437562438,Future_Mid
13955,54,151,33,154,322.96,3.016060606060606,United Kingdom,0.0,0.0,2,161.48,205.1,77.0,16.5,0.0,0.0,205.1,117.86,0.5767103347889374,Future_Inactive
13956,38,133,95,381,676.07,2.9536111111111114,United Kingdom,1.0,0.0,3,225.35666666666665,385.75,127.0,34.333333333333336,0.0,0.0,290.32,385.75,1.3275779211863243,Future_Low
13959,181,81,31,198,337.44,2.369705882352941,United Kingdom,0.47058823529411764,0.5294117647058824,2,168.72,214.74,99.0,17.0,0.0,0.0,337.44,0.0,0.0029547334830398297,Future_Low
13962,145,0,7,30,117.6,8.814285714285713,United Kingdom,0.0,0.0,1,117.6,117.6,30.0,7.0,0.0,0.0,117.6,0.0,0.008431703204047217,Future_Low
13963,208,59,35,460,664.54,3.2680000000000002,United Kingdom,0.17142857142857143,0.0,4,166.135,215.41,115.0,8.75,0.0,0.0,664.54,0.0,0.0015025392914024703,Future_Inactive
13967,45,0,2,42,80.7,3.6,United Kingdom,1.0,0.0,1,80.7,80.7,42.0,2.0,0.0,0.0,0.0,80.7,81.7,Future_Inactive
13969,7,257,221,1970,3883.23,2.8889884393063583,United Kingdom,0.0,0.638728323699422,11,353.0209090909091,684.08,179.0909090909091,31.09090909090909,0.0,0.0,808.38,3074.85,3.800254515802219,Future_High
13971,6,179,95,1332,1985.9,2.2865740740740743,United Kingdom,0.14814814814814814,0.0,6,330.98333333333335,373.65999999999997,222.0,18.0,8.0,0.023475148010463995,642.8199999999999,1343.08,2.087664253984033,Future_Mid
13972,101,0,9,42,145.9,4.038888888888889,United Kingdom,1.0,0.0,1,145.9,145.9,42.0,9.0,0.0,0.0,0.0,145.9,146.9,Future_Low
13973,187,0,11,109,264.7,3.7563636363636363,United Kingdom,0.0,0.0,1,264.7,264.7,109.0,11.0,0.0,0.0,264.7,0.0,0.0037636432066240123,Future_Inactive
13975,28,148,166,948,1466.67,2.1649038461538463,United Kingdom,0.052884615384615384,0.0,4,366.6675,671.16,237.0,51.0,2.0,0.015472706280374835,671.16,795.51,1.1850005950964058,Future_High
13976,106,0,10,154,357.98,3.568,United Kingdom,0.0,0.0,1,357.98,357.98,154.0,10.0,0.0,0.0,0.0,357.98,358.98,Future_Inactive
13982,63,202,45,783,1230.1399999999999,2.213972602739726,United Kingdom,0.0,0.0,3,410.0466666666666,475.2,261.0,23.666666666666668,4.0,0.008623190741755585,903.8,326.34,0.3617816091954023,Future_Mid
13983,87,179,65,793,1681.06,6.166710526315789,United Kingdom,0.07894736842105263,0.0,8,210.1325,329.36,99.125,9.25,0.0,0.0,1239.94,441.12,0.356278305155769,Future_Mid
13984,26,239,10,647,819.33,1.7341666666666666,United Kingdom,0.0,0.0,4,204.8325,432.48,161.75,3.0,1.0,0.34548373954513867,717.23,102.1,0.14354733163471312,Future_Low
13985,7,156,55,1380,2773.04,2.268653846153846,United Kingdom,0.1282051282051282,0.0,7,396.1485714285714,524.5,197.14285714285714,22.285714285714285,2.0,0.012675173749572747,393.0,2380.04,6.043248730964467,Future_High
13988,62,92,99,1290,1923.5,3.1476785714285715,United Kingdom,0.0,0.0,3,641.1666666666666,725.02,430.0,37.333333333333336,1.0,0.003445328083309587,631.06,1292.44,2.0463880011391327,Future_High
13989,139,0,23,869,896.6700000000001,2.895217391304348,United Kingdom,0.0,0.0,1,896.6700000000001,896.6700000000001,869.0,23.0,0.0,0.0,896.6700000000001,0.0,0.0011139951207013712,Future_Low
13990,113,0,16,190,311.3,2.66,United Kingdom,0.0,0.0,1,311.3,311.3,190.0,16.0,0.0,0.0,0.0,311.3,312.3,Future_Inactive
13991,43,0,7,83,126.35,1.6357142857142857,United Kingdom,0.0,0.0,1,126.35,126.35,83.0,7.0,0.0,0.0,0.0,126.35,127.35,Future_Mid
13993,0,230,59,653,2247.41,5.592795698924731,United Kingdom,0.23655913978494625,0.0,6,374.5683333333333,535.59,108.83333333333333,15.5,1.0,0.0018874963360365244,1101.07,1146.34,1.041077245547016,Future_High
13994,5,42,18,133,419.56,4.320476190476191,United Kingdom,0.0,0.8095238095238095,2,209.78,288.57,66.5,10.5,0.0,0.0,0.0,419.56,420.56,Future_High
13995,15,130,39,608,871.9,2.002962962962963,United Kingdom,0.0,0.0,3,290.6333333333333,408.25,202.66666666666666,18.0,1.0,0.01156331481691418,310.45,561.45,1.8059078503772679,Future_Mid
13999,15,246,86,1591,2561.94,2.002158273381295,United Kingdom,0.0,0.0,8,320.2425,358.7,198.875,17.375,1.0,0.0032680501412264526,911.1800000000001,1650.76,1.8107829595036067,Future_High
14000,111,0,15,710,635.66,1.9493333333333334,United Kingdom,0.0,0.0,1,635.66,635.66,710.0,15.0,1.0,0.003058295823465755,0.0,635.66,636.66,Future_Inactive
14001,132,140,21,632,1309.14,3.4170833333333337,United Kingdom,0.0,0.0,2,654.5699999999999,1007.9,316.0,12.0,1.0,0.009645280620929123,301.24,1007.9,3.3380757014293274,Future_Mid
14002,34,22,47,877,529.73,2.411489361702128,United Kingdom,0.0,0.0,2,264.865,304.94,438.5,23.5,0.0,0.0,0.0,529.73,530.73,Future_Inactive
14004,8,180,66,1632,2962.26,3.0449532710280374,United Kingdom,0.2616822429906542,0.0,4,740.565,900.02,408.0,26.75,0.0,0.0,900.02,2062.24,2.289893676056025,Future_High
14005,33,81,29,864,696.56,1.7618421052631579,United Kingdom,0.3684210526315789,0.0,3,232.1866666666667,365.1,288.0,12.666666666666666,0.0,0.0,0.0,696.56,697.56,Future_High
14006,15,196,22,641,962.19,2.3706666666666667,United Kingdom,0.0,0.0,3,320.73,357.65,213.66666666666666,10.0,0.0,0.0,662.09,300.1,0.45408617231446713,Future_Inactive
14009,98,7,42,365,695.61,2.822142857142857,United Kingdom,0.0,0.0,2,347.805,380.91,182.5,21.0,2.0,0.013724850770605002,0.0,695.61,696.61,Future_Inactive
14012,177,0,11,160,328.8,2.8318181818181816,United Kingdom,0.0,0.0,1,328.8,328.8,160.0,11.0,0.0,0.0,328.8,0.0,0.0030321406913280777,Future_Inactive
14013,10,165,30,462,473.02,1.3817647058823528,United Kingdom,0.7647058823529411,0.0,3,157.67333333333332,199.22,154.0,11.333333333333334,0.0,0.0,118.5,354.52,2.975062761506276,Future_Inactive
14016,61,195,154,2125,4341.21,3.9495652173913043,EIRE,0.0,0.0,4,1085.3025,1477.56,531.25,40.25,1.0,0.002928368657498002,2231.2999999999997,2109.91,0.9456211082739776,Future_Inactive
14019,38,0,25,233,384.29,2.046,United Kingdom,1.0,0.0,1,384.29,384.29,233.0,25.0,0.0,0.0,0.0,384.29,385.29,Future_High
14021,55,101,22,192,631.9,4.502272727272727,United Kingdom,0.0,0.0,3,210.63333333333333,302.8,64.0,7.333333333333333,0.0,0.0,198.89999999999998,433.0,2.1710855427713858,Future_Inactive
14022,125,0,28,487,440.0,1.2953571428571429,United Kingdom,0.0,0.0,1,440.0,440.0,487.0,28.0,0.0,0.0,0.0,440.0,441.0,Future_Inactive
14023,150,0,16,162,273.14,2.9924999999999997,United Kingdom,1.0,0.0,1,273.14,273.14,162.0,16.0,0.0,0.0,273.14,0.0,0.003647771211789597,Future_Low
14024,21,2,16,150,327.7,3.70125,United Kingdom,0.8125,0.0,2,163.85,262.45,75.0,8.0,0.0,0.0,0.0,327.7,328.7,Future_Inactive
14029,44,0,6,24,165.20000000000002,7.55,United Kingdom,0.0,0.0,1,165.20000000000002,165.20000000000002,24.0,6.0,0.0,0.0,0.0,165.20000000000002,166.20000000000002,Future_Low
14030,21,245,147,860,1657.5,4.858231707317073,United Kingdom,0.12804878048780488,0.0,6,276.25,670.55,143.33333333333334,27.333333333333332,0.0,0.0,1435.02,222.48,0.15562457347390704,Future_Mid
14031,26,245,101,3588,9627.03,4.531091954022989,United Kingdom,0.0,0.05747126436781609,13,740.5407692307692,1714.25,276.0,13.384615384615385,7.0,0.11379835684532712,5696.59,3930.44,0.6900180602675868,Future_High
14032,68,198,43,1325,1845.37,2.2514583333333333,United Kingdom,0.15625,0.0,6,307.56166666666667,315.56,220.83333333333334,16.0,7.0,0.021164077293968502,1232.4,612.97,0.4977866061293984,Future_High
14034,57,0,23,307,473.90999999999997,2.752,United Kingdom,0.0,0.0,2,236.95499999999998,455.16999999999996,153.5,12.5,3.0,0.22779488683580193,0.0,473.90999999999997,474.90999999999997,Future_Low
14035,7,190,18,447,837.26,2.778461538461538,United Kingdom,0.0,0.0,3,279.08666666666664,398.97999999999996,149.0,8.666666666666666,0.0,0.0,700.58,136.68,0.19624276632743237,Future_Mid
14036,184,0,38,268,626.65,4.371842105263158,United Kingdom,0.0,0.0,1,626.65,626.65,268.0,38.0,0.0,0.0,626.65,0.0,0.0015932446427148889,Future_Inactive
14037,76,188,27,46,147.20000000000002,3.460714285714286,United Kingdom,0.0,0.0,2,73.6,111.8,23.0,14.0,0.0,0.0,111.8,35.400000000000006,0.322695035460993,Future_Inactive
14038,44,63,49,701,1086.42,1.7636923076923077,United Kingdom,0.0,0.0,2,543.21,716.32,350.5,32.5,1.0,0.005401347590449685,0.0,1086.42,1087.42,Future_Mid
14040,17,213,121,1144,2472.06,3.6091616766467065,United Kingdom,0.6826347305389222,0.0,9,274.67333333333335,506.67999999999995,127.11111111111111,18.333333333333332,5.0,0.022375664388762338,1085.15,1386.91,1.277825346407034,Future_High
14041,166,0,21,94,141.41,1.870952380952381,United Kingdom,0.0,0.0,1,141.41,141.41,94.0,21.0,0.0,0.0,141.41,0.0,0.007021978793624043,Future_Inactive
14044,3,206,144,247,535.71,2.4940659340659344,United Kingdom,0.7032967032967034,0.0,3,178.57000000000002,195.48,82.33333333333333,60.666666666666664,0.0,0.0,170.44,365.27,2.1364325711619223,Future_Low
14045,9,264,4,535,1659.75,4.233333333333333,United Kingdom,0.0,0.0,4,414.9375,682.8,133.75,1.5,0.0,0.0,1251.75,408.0,0.3264817401716224,Future_Inactive
14046,184,0,14,460,154.99,0.5407142857142857,United Kingdom,0.0,0.0,1,154.99,154.99,460.0,14.0,0.0,0.0,154.99,0.0,0.006410667350471183,Future_Inactive
14047,99,173,15,210,635.92,5.232777777777778,United Kingdom,0.0,0.0,3,211.97333333333336,339.7,70.0,6.0,2.0,0.028417771802236758,296.22,339.7,1.1462889442164053,Future_Mid
14048,205,0,83,288,409.93,2.1890588235294115,United Kingdom,0.0,0.0,1,409.93,409.93,288.0,83.0,3.0,0.07824972455197535,409.93,0.0,0.002433504489815784,Future_Inactive
14049,58,159,211,2150,3244.74,2.674212454212454,United Kingdom,0.0,0.0,3,1081.58,1989.73,716.6666666666666,90.66666666666667,5.0,0.003690784706272492,1028.08,2216.66,2.1549928091110506,Future_High
14050,6,0,37,447,485.98,1.4748648648648648,United Kingdom,0.0,0.0,1,485.98,485.98,447.0,37.0,0.0,0.0,0.0,485.98,486.98,Future_Low
14051,13,253,42,2196,8687.44,4.402016129032258,United Kingdom,0.07258064516129033,0.06451612903225806,15,579.1626666666667,905.1,146.4,8.2,5.0,0.015084196002716405,4535.76,4151.68,0.9153404632380818,Future_High
14053,24,35,2,215,260.25,1.3775,United Kingdom,1.0,0.0,2,130.125,154.25,107.5,1.5,0.0,0.0,0.0,260.25,261.25,Future_Inactive
14055,6,0,10,216,725.6400000000001,4.453,United Kingdom,0.0,0.0,1,725.6400000000001,725.6400000000001,216.0,10.0,0.0,0.0,0.0,725.6400000000001,726.6400000000001,Future_Inactive
14056,7,177,274,2864,5333.97,2.7701639344262294,United Kingdom,0.0,0.06284153005464481,17,313.7629411764706,653.68,168.47058823529412,42.294117647058826,10.0,0.009910234326274836,1838.76,3495.21,1.9003620037396183,Future_High
14057,0,259,155,3945,4805.68,1.8770886075949367,United Kingdom,0.07172995780590717,0.0,13,369.66769230769233,632.52,303.46153846153845,18.23076923076923,7.0,0.01447016553738126,2327.77,2477.91,1.0644718027113025,Future_High
14059,166,0,8,128,183.6,2.3125,United Kingdom,0.0,0.0,1,183.6,183.6,128.0,8.0,0.0,0.0,183.6,0.0,0.005417118093174431,Future_Inactive
14060,8,264,67,3770,4102.78,1.3565467625899281,United Kingdom,0.06474820143884892,0.02158273381294964,14,293.05571428571426,446.7,269.2857142857143,9.928571428571429,0.0,0.0,2518.16,1584.6200000000001,0.6294240937455343,Future_High
14062,12,251,57,3615,7801.79,2.9632584269662923,United Kingdom,0.0,0.0,9,866.8655555555556,1708.68,401.6666666666667,9.88888888888889,0.0,0.0,4834.63,2967.16,0.6138104031946199,Future_High
14064,13,161,44,1512,1097.03,1.636140350877193,United Kingdom,0.0,0.43859649122807015,4,274.2575,375.34999999999997,378.0,13.25,1.0,0.12416270807552592,560.4999999999999,536.53,0.9573107747105968,Future_Low
14066,166,0,7,45,152.55,4.364285714285715,United Kingdom,0.0,0.0,1,152.55,152.55,45.0,7.0,0.0,0.0,152.55,0.0,0.0065125366330185605,Future_Inactive
14068,220,0,22,73,265.85,4.091666666666667,United Kingdom,1.0,0.0,1,265.85,265.85,73.0,22.0,0.0,0.0,265.85,0.0,0.0037474236462432075,Future_Inactive
14071,160,4,22,295,356.81,1.5351724137931035,United Kingdom,0.6896551724137931,0.0,2,178.405,225.4,147.5,14.5,9.0,0.2691614436114866,356.81,0.0,0.002794779352170146,Future_High
14075,161,0,18,270,307.92,1.7755555555555556,United Kingdom,0.0,0.0,1,307.92,307.92,270.0,18.0,0.0,0.0,307.92,0.0,0.0032370840347015406,Future_Mid
14076,29,0,43,79,118.67,2.014090909090909,United Kingdom,0.0,0.0,1,118.67,118.67,79.0,43.0,0.0,0.0,0.0,118.67,119.67,Future_Inactive
14077,82,91,30,148,310.4,2.9508823529411763,United Kingdom,0.0,0.0,3,103.46666666666665,117.11,49.333333333333336,11.333333333333334,0.0,0.0,117.11,193.29,1.64499195665058,Future_Low
14078,1,271,46,310,1049.37,2.6804615384615382,United Kingdom,0.0,0.0,6,174.89499999999998,243.92999999999998,51.666666666666664,10.833333333333334,0.0,0.0,306.28999999999996,743.0799999999999,2.421426014513977,Future_Inactive
14079,24,0,12,301,375.1,3.2733333333333334,United Kingdom,1.0,0.0,1,375.1,375.1,301.0,12.0,0.0,0.0,0.0,375.1,376.1,Future_Inactive
14081,202,67,126,592,921.62,3.0251333333333332,United Kingdom,0.46,0.0,2,460.81,498.1,296.0,72.5,3.0,0.03137250780371425,921.62,0.0,0.001083869848908543,Future_Inactive
14082,264,0,28,110,182.25,2.587586206896552,United Kingdom,0.0,0.0,1,182.25,182.25,110.0,28.0,0.0,0.0,182.25,0.0,0.005457025920873124,Future_Inactive
14083,26,245,92,374,533.39,3.1398979591836733,United Kingdom,0.0,0.0,7,76.19857142857143,294.01,53.42857142857143,14.0,0.0,0.0,458.76,74.63,0.16449886897511745,Future_Mid
14085,41,227,228,2190,3220.94,2.4976453488372097,United Kingdom,0.0,0.0,12,268.4116666666667,466.49,182.5,28.416666666666668,1.0,0.003942864034585876,2473.66,747.28,0.30237689217912767,Future_High
14088,28,193,232,7074,25507.89,5.878813559322034,United Kingdom,0.0,0.0,7,3643.9842857142858,8801.51,1010.5714285714286,42.142857142857146,1.0,0.002983089960565521,7544.91,17962.98,2.380624735784021,Future_High
14090,224,0,1,72,76.32000000000001,1.06,United Kingdom,0.0,0.0,1,76.32000000000001,76.32000000000001,72.0,1.0,0.0,0.0,76.32000000000001,0.0,0.012933264355923435,Future_Inactive
14092,31,226,87,1262,2437.8,2.8102877697841726,United Kingdom,0.2733812949640288,0.0,9,270.8666666666667,360.54,140.22222222222223,15.444444444444445,2.0,0.003942879323377392,1158.43,1279.3700000000001,1.1043098764047852,Future_High
14096,1,0,6,7,21.84,3.435,United Kingdom,0.0,0.0,1,21.84,21.84,7.0,6.0,1.0,0.06825938566552901,0.0,21.84,22.84,Future_High
14099,20,234,143,1726,2309.92,2.4857500000000003,United Kingdom,0.0,0.0,8,288.74,403.81,215.75,25.0,2.0,0.004825256772592541,1062.8600000000001,1247.06,1.1731430827364502,Future_Mid
14100,37,0,24,63,191.95000000000002,3.406,United Kingdom,0.0,0.0,1,191.95000000000002,191.95000000000002,63.0,24.0,0.0,0.0,0.0,191.95000000000002,192.95000000000002,Future_Inactive
14101,42,183,15,6406,4944.389999999999,1.684,United Kingdom,0.13333333333333333,0.0,5,988.8779999999999,1224.6,1281.2,6.0,0.0,0.0,3068.63,1875.76,0.6113961617523936,Future_High
14104,54,11,21,72,216.20999999999998,7.933809523809523,United Kingdom,0.0,0.0,2,108.10499999999999,111.25999999999999,36.0,10.5,0.0,0.0,0.0,216.20999999999998,217.20999999999998,Future_Inactive
14105,139,0,74,800,1266.23,2.9174324324324328,United Kingdom,0.0,0.0,1,1266.23,1266.23,800.0,74.0,0.0,0.0,1266.23,0.0,0.0007891227322585481,Future_Inactive
14107,76,188,55,1280,1836.84,2.5604444444444443,United Kingdom,0.0,0.0,5,367.368,554.18,256.0,18.0,1.0,0.007966126410274414,1175.27,661.57,0.5632805393319561,Future_Mid
14108,1,0,16,209,291.33,2.54625,United Kingdom,0.0,0.0,1,291.33,291.33,209.0,16.0,0.0,0.0,0.0,291.33,292.33,Future_Low
14110,19,147,65,1534,3259.62,2.1558823529411764,United Kingdom,0.0,0.0,5,651.924,904.26,306.8,20.4,1.0,0.004124505059392873,904.26,2355.36,2.602964894063584,Future_High
14111,6,135,3,184,247.2,2.85,United Kingdom,0.0,0.0,2,123.6,153.0,92.0,1.5,0.0,0.0,94.2,153.0,1.6176470588235294,Future_Mid
14112,30,145,89,1148,1900.82,2.470909090909091,United Kingdom,0.0,0.0,4,475.20500000000004,748.32,287.0,27.5,10.0,0.04563894523326572,617.1,1283.72,2.0784986248179904,Future_High
14113,254,0,2,102,433.5,4.25,United Kingdom,0.0,0.0,1,433.5,433.5,102.0,2.0,5.0,0.5141496217427851,433.5,0.0,0.0023014959723820483,Future_High
14114,173,56,15,101,386.53,6.312666666666667,United Kingdom,0.0,0.0,2,193.265,195.13,50.5,7.5,0.0,0.0,386.53,0.0,0.0025804453848734294,Future_Inactive
14116,21,0,17,162,319.97,3.2358823529411764,United Kingdom,0.0,0.0,1,319.97,319.97,162.0,17.0,0.0,0.0,0.0,319.97,320.97,Future_High
14117,43,0,3,72,90.0,1.25,United Kingdom,0.0,0.0,1,90.0,90.0,72.0,3.0,0.0,0.0,0.0,90.0,91.0,Future_Inactive
14127,22,187,39,321,709.71,3.9595454545454545,United Kingdom,0.0,0.0,3,236.57000000000002,314.63,107.0,14.666666666666666,0.0,0.0,452.23,257.48,0.5703064669152528,Future_Inactive
14128,155,0,22,269,305.54,1.7395454545454543,United Kingdom,0.0,0.0,1,305.54,305.54,269.0,22.0,0.0,0.0,305.54,0.0,0.0032622170026750177,Future_Low
14129,160,0,16,164,358.90000000000003,2.59375,United Kingdom,0.0,0.0,1,358.90000000000003,358.90000000000003,164.0,16.0,0.0,0.0,358.90000000000003,0.0,0.002778549597110308,Future_Mid
14130,219,0,66,257,480.91,2.8640909090909092,United Kingdom,0.0,0.0,1,480.91,480.91,257.0,66.0,0.0,0.0,480.91,0.0,0.0020750762590525202,Future_Inactive
14132,13,69,48,1420,1552.46,1.5908045977011496,United Kingdom,0.0,0.0,5,310.492,338.12,284.0,17.4,0.0,0.0,0.0,1552.46,1553.46,Future_High
14133,29,186,25,348,605.64,3.7950000000000004,United Kingdom,0.0,0.0,3,201.88,318.0,116.0,9.333333333333334,2.0,0.02464006184172384,318.0,287.64,0.9048275862068965,Future_Inactive
14135,5,267,82,3364,3190.32,2.2224528301886792,United Kingdom,0.0,0.0,10,319.03200000000004,748.86,336.4,10.6,0.0,0.0,1811.91,1378.41,0.7608816764207821,Future_High
14141,5,0,16,140,285.16,3.339375,United Kingdom,0.0,0.0,1,285.16,285.16,140.0,16.0,0.0,0.0,0.0,285.16,286.16,Future_Mid
14142,273,0,22,313,311.81,1.7704545454545455,United Kingdom,0.0,0.0,1,311.81,311.81,313.0,22.0,0.0,0.0,311.81,0.0,0.003196828745884083,Future_Inactive
14143,33,0,7,30,115.8,5.485714285714286,United Kingdom,0.0,0.0,1,115.8,115.8,30.0,7.0,0.0,0.0,0.0,115.8,116.8,Future_Inactive
14145,56,60,6,576,2851.2,4.95,United Kingdom,0.0,0.0,3,950.4,1128.6,192.0,2.6666666666666665,1.0,0.1724137931034483,0.0,2851.2,2852.2,Future_Mid
14146,154,102,62,811,1903.73,3.5772307692307694,United Kingdom,0.0,0.0,2,951.865,1241.43,405.5,32.5,35.0,0.3947112388558929,1903.73,0.0,0.0005250087938972978,Future_High
14147,185,0,2,40,182.8,5.225,United Kingdom,1.0,0.0,1,182.8,182.8,40.0,2.0,0.0,0.0,182.8,0.0,0.005440696409140369,Future_Low
14148,133,0,3,16,157.2,7.55,United Kingdom,0.0,0.0,1,157.2,157.2,16.0,3.0,0.0,0.0,0.0,157.2,158.2,Future_Inactive
14149,120,0,28,218,446.62,2.9699999999999998,United Kingdom,0.0,0.0,1,446.62,446.62,218.0,28.0,12.0,0.2953408750256386,0.0,446.62,447.62,Future_Inactive
14150,259,0,12,262,306.18,1.3991666666666667,United Kingdom,0.0,0.0,1,306.18,306.18,262.0,12.0,0.0,0.0,306.18,0.0,0.0032554202747574713,Future_Low
14152,134,0,29,369,314.51,1.1013793103448277,United Kingdom,0.0,0.0,1,314.51,314.51,369.0,29.0,1.0,0.03141264512950017,0.0,314.51,315.51,Future_Low
14154,139,0,52,465,1345.62,7.893076923076923,United Kingdom,0.0,0.0,2,672.81,925.88,232.5,26.0,0.0,0.0,1345.62,0.0,0.0007425999910888001,Future_Inactive
14155,166,0,6,25,118.75,5.45,United Kingdom,0.0,0.0,1,118.75,118.75,25.0,6.0,0.0,0.0,118.75,0.0,0.008350730688935281,Future_Inactive
14156,14,257,596,40582,84977.35,3.7311516314779274,EIRE,0.04222648752399232,0.0,35,2427.924285714286,16774.72,1159.4857142857143,29.742857142857144,10.0,0.041534391355358656,37665.69,47311.659999999996,1.2560875404767446,Future_High
14157,185,0,36,186,269.18,1.8105405405405404,United Kingdom,1.0,0.0,1,269.18,269.18,186.0,36.0,1.0,0.1075821370553327,269.18,0.0,0.003701236212895107,Future_Low
14159,44,218,343,1916,2160.34,1.576825396825397,United Kingdom,0.26807760141093473,0.0,6,360.0566666666667,455.93,319.3333333333333,93.5,5.0,0.005070578211711607,645.2,1515.1399999999999,2.3462395543175485,Future_High
14161,115,153,87,450,1097.6200000000001,3.191153846153846,United Kingdom,1.0,0.0,3,365.8733333333333,551.43,150.0,33.666666666666664,0.0,0.0,546.19,551.43,1.0095761983954383,Future_Inactive
14162,73,118,25,142,289.36,3.8892,United Kingdom,1.0,0.0,2,144.68,177.68,71.0,12.5,0.0,0.0,177.68,111.68,0.6306245802552048,Future_Inactive
14163,52,86,31,589,1659.39,4.634761904761905,United Kingdom,0.40476190476190477,0.0,3,553.13,909.6,196.33333333333334,14.0,0.0,0.0,411.87,1247.52,3.024002712718289,Future_Mid
14165,175,0,23,53,120.44,3.285,United Kingdom,0.0,0.0,1,120.44,120.44,53.0,23.0,0.0,0.0,120.44,0.0,0.008234519104084322,Future_Inactive
14167,65,166,23,103,389.85,4.253846153846154,United Kingdom,0.0,0.0,3,129.95000000000002,148.35,34.333333333333336,12.333333333333334,0.0,0.0,259.0,130.85,0.5071153846153846,Future_Low
14173,119,0,11,40,114.04,5.101818181818182,United Kingdom,0.0,0.0,1,114.04,114.04,40.0,11.0,0.0,0.0,0.0,114.04,115.04,Future_Low
14175,71,158,58,626,1205.99,3.5901694915254234,United Kingdom,0.0,0.0,2,602.995,883.41,313.0,29.5,8.0,0.06082128199736778,322.58,883.41,2.733203535447185,Future_High
14176,197,70,28,209,576.9000000000001,3.574193548387097,United Kingdom,0.0,0.0,4,144.22500000000002,230.15,52.25,7.75,1.0,0.005001724732666436,576.9000000000001,0.0,0.0017304031839418582,Future_Inactive
14177,79,0,19,38,108.13,4.1021052631578945,United Kingdom,0.0,0.0,1,108.13,108.13,38.0,19.0,0.0,0.0,0.0,108.13,109.13,Future_Mid
14178,43,39,74,273,296.82,1.5984810126582278,United Kingdom,0.0,0.0,2,148.41,197.37,136.5,37.5,0.0,0.0,0.0,296.82,297.82,Future_High
14180,6,265,107,619,4110.12,9.445280373831775,United Kingdom,0.028037383177570093,0.0,21,195.72,382.1,29.476190476190474,10.19047619047619,8.0,0.025546069461600287,2707.82,1402.3,0.518048449140216,Future_Mid
14185,231,0,3,6,197.65,59.73333333333333,United Kingdom,0.0,0.0,1,197.65,197.65,6.0,3.0,0.0,0.0,197.65,0.0,0.005033979360684621,Future_Inactive
14188,9,200,25,783,1383.46,2.0611627906976744,United Kingdom,0.0,0.0,4,345.865,398.0,195.75,10.75,4.0,0.00478379408823762,398.0,985.46,2.4723308270676694,Future_Mid
14189,13,255,119,2450,2906.96,2.265121951219512,United Kingdom,0.0,0.0,10,290.696,429.43,245.0,16.4,6.0,0.008871523160744361,1479.59,1427.3700000000001,0.9647302764438502,Future_High
14191,8,112,71,1388,2258.26,2.574336283185841,United Kingdom,0.0,0.0,7,322.60857142857145,417.94,198.28571428571428,16.142857142857142,4.0,0.010840951200388959,0.0,2258.26,2259.26,Future_High
14193,169,0,23,250,422.53999999999996,2.7321739130434786,United Kingdom,0.0,0.0,1,422.53999999999996,422.53999999999996,250.0,23.0,0.0,0.0,422.53999999999996,0.0,0.002361052084808991,Future_Mid
14194,6,201,203,3243,5666.45,3.2286119873817034,United Kingdom,0.0,0.0,12,472.20416666666665,780.35,270.25,26.416666666666668,18.0,0.018087519472935434,1579.42,4087.03,2.5866731628301336,Future_High
14195,101,50,7,760,1012.0,5.992857142857143,United Kingdom,0.2857142857142857,0.0,2,506.0,828.4,380.0,3.5,1.0,0.046452463959295205,828.4,183.60000000000002,0.22257053291536052,Future_Inactive
14196,6,0,6,142,335.52,3.265,United Kingdom,0.0,0.0,1,335.52,335.52,142.0,6.0,0.0,0.0,0.0,335.52,336.52,Future_Inactive
14198,45,94,21,167,356.95,4.118571428571428,United Kingdom,0.42857142857142855,0.0,2,178.47500000000002,183.3,83.5,10.5,2.0,0.02698650674662669,183.3,173.65,0.9476397178513293,Future_Low
14199,118,0,2,28,185.39999999999998,5.8999999999999995,United Kingdom,0.0,0.0,1,185.39999999999998,185.39999999999998,28.0,2.0,0.0,0.0,0.0,185.39999999999998,186.39999999999998,Future_Inactive
14201,49,210,19,360,521.24,2.1241666666666665,United Kingdom,0.25,0.0,5,104.248,187.98000000000002,72.0,4.8,2.0,0.10230090934141638,67.24000000000001,454.0,6.667643610785462,Future_Low
14205,164,0,14,126,222.9,4.085714285714286,United Kingdom,1.0,0.0,1,222.9,222.9,126.0,14.0,14.0,0.5165907612231619,222.9,0.0,0.0044662795891022775,Future_Low
14206,139,0,20,276,328.15999999999997,1.797,United Kingdom,0.0,0.0,1,328.15999999999997,328.15999999999997,276.0,20.0,1.0,0.057174050451071656,328.15999999999997,0.0,0.0030380362133916637,Future_Inactive
14209,21,211,54,657,1876.33,5.204444444444444,United Kingdom,0.0,0.0,5,375.26599999999996,438.5,131.4,16.2,1.0,0.0033463824543325037,768.5500000000001,1107.78,1.440816061334546,Future_Low
14210,5,265,66,760,1905.8400000000001,3.816372549019608,United Kingdom,0.0,0.0,6,317.64000000000004,363.66,126.66666666666667,17.0,0.0,0.0,977.3900000000001,928.45,0.9499790472102126,Future_Inactive
14211,107,87,44,497,909.89,3.172083333333333,United Kingdom,0.0,0.0,5,181.978,319.9,99.4,9.6,5.0,0.030939144141265685,603.89,306.0,0.5075302947643373,Future_High
14214,56,121,56,671,899.16,2.3989830508474577,United Kingdom,0.0,0.0,3,299.71999999999997,638.65,223.66666666666666,19.666666666666668,3.0,0.004594214610709502,638.65,260.51,0.4088329555225514,Future_Low
14215,86,181,58,589,1098.27,2.8056451612903226,United Kingdom,0.0,0.0,4,274.5675,596.0600000000001,147.25,15.5,1.0,0.010629960272775593,922.11,176.16,0.19191645632698162,Future_Mid
14217,55,210,49,336,1085.0,6.286785714285714,United Kingdom,0.10714285714285714,0.0,9,120.55555555555556,202.24,37.333333333333336,6.222222222222222,3.0,0.04390123543821928,621.65,463.35,0.7457640729141572,Future_Mid
14220,147,110,21,272,632.4,3.3961904761904766,United Kingdom,0.0,0.5238095238095238,2,316.20000000000005,319.42,136.0,10.5,0.0,0.0,632.4,0.0,0.0015787811809283233,Future_Inactive
14221,13,226,91,1546,2617.0099999999998,2.972992700729927,United Kingdom,0.0,0.0,7,373.85857142857145,759.85,220.85714285714286,19.571428571428573,1.0,0.0018879006544722271,312.95,2304.06,7.342124542124542,Future_Mid
14222,77,0,41,607,683.17,1.706829268292683,United Kingdom,0.0,0.0,1,683.17,683.17,607.0,41.0,0.0,0.0,0.0,683.17,684.17,Future_Inactive
14223,57,106,35,391,656.59,3.952051282051282,United Kingdom,0.46153846153846156,0.0,2,328.29499999999996,351.69,195.5,19.5,1.0,0.02364347425240524,304.9,351.69,1.1529584831644328,Future_Low
14224,10,209,105,483,1009.73,3.956017699115044,United Kingdom,1.0,0.0,4,252.4325,368.18,120.75,27.75,0.0,0.0,244.3,765.43,3.1244598450876473,Future_Inactive
14226,110,58,40,1075,1692.0,2.2307317073170734,United Kingdom,0.0,0.0,2,846.0,965.9,537.5,20.0,6.0,0.017735334242837655,965.9,726.1,0.7519908987485779,Future_Mid
14227,96,88,104,1279,2399.52,2.9421641791044775,United Kingdom,0.0,0.0,7,342.7885714285714,797.48,182.71428571428572,19.142857142857142,6.0,0.00435681031692683,1041.03,1358.49,1.304655336218727,Future_Mid
14229,191,41,23,303,762.13,3.1223076923076927,United Kingdom,0.0,0.0,2,381.065,456.97,151.5,13.0,3.0,0.11249170286353102,762.13,0.0,0.0013103927246995925,Future_Mid
14231,83,104,47,409,925.71,3.6696000000000004,United Kingdom,0.0,0.38,3,308.57,309.0,136.33333333333334,16.666666666666668,4.0,0.10069363487992539,308.95,616.76,1.9930956605904178,Future_Inactive
14232,15,149,71,1503,1573.33,1.9147252747252748,United Kingdom,0.5164835164835165,0.0,4,393.3325,693.1800000000001,375.75,22.75,2.0,0.001580129710246094,693.1800000000001,880.15,1.2693393644299749,Future_Mid
14233,111,105,15,410,959.1,3.272,United Kingdom,0.0,0.0,3,319.70000000000005,530.1,136.66666666666666,6.666666666666667,0.0,0.0,630.95,328.15000000000003,0.5208481683677506,Future_Mid
14235,57,102,62,1841,2802.86,1.8838888888888887,United Kingdom,0.0,0.0,4,700.715,1088.5,460.25,18.0,0.0,0.0,850.3100000000001,1952.55,2.2947574913956137,Future_Low
14236,272,0,3,38,189.3,5.55,United Kingdom,0.0,1.0,1,189.3,189.3,38.0,3.0,0.0,0.0,189.3,0.0,0.005254860746190226,Future_Low
14237,273,0,9,38,161.0,7.122222222222222,United Kingdom,0.0,0.0,1,161.0,161.0,38.0,9.0,0.0,0.0,161.0,0.0,0.006172839506172839,Future_Inactive
14238,226,0,8,111,146.85,2.2874999999999996,United Kingdom,0.0,0.0,1,146.85,146.85,111.0,8.0,0.0,0.0,146.85,0.0,0.006763611768684478,Future_Inactive
14239,30,185,63,654,1415.54,3.68958904109589,United Kingdom,0.0,0.0,7,202.22000000000003,430.5,93.42857142857143,10.428571428571429,4.0,0.03893705572038646,940.4300000000001,475.11,0.5057306438078243,Future_High
14240,125,0,10,79,226.85,4.54,United Kingdom,0.0,0.0,1,226.85,226.85,79.0,10.0,0.0,0.0,0.0,226.85,227.85,Future_Mid
14241,83,0,10,146,213.70000000000002,1.955,United Kingdom,0.0,0.0,1,213.70000000000002,213.70000000000002,146.0,10.0,0.0,0.0,0.0,213.70000000000002,214.70000000000002,Future_Inactive
14242,134,91,13,123,280.55,3.720625,United Kingdom,0.0,0.0,2,140.27499999999998,142.2,61.5,8.0,0.0,0.0,138.35,142.2,1.0276282741298888,Future_Inactive
14243,40,225,86,866,1990.78,4.283392857142857,United Kingdom,0.0,0.0,7,284.39714285714285,373.27,123.71428571428571,16.0,5.0,0.020969598017133696,1513.07,477.71,0.3161742852047792,Future_Mid
14245,119,43,107,976,1693.45,3.1289814814814814,United Kingdom,0.0,0.0,2,846.725,1005.1,488.0,54.0,4.0,0.009342350036854605,1005.1,688.35,0.6851704601928238,Future_Inactive
14246,10,135,57,804,1474.06,2.9734666666666665,United Kingdom,0.3333333333333333,0.0,3,491.3533333333333,520.23,268.0,25.0,0.0,0.0,449.64,1024.42,2.2754748801704245,Future_Inactive
14247,178,0,19,47,136.76999999999998,3.912,United Kingdom,1.0,0.0,1,136.76999999999998,136.76999999999998,47.0,19.0,0.0,0.0,136.76999999999998,0.0,0.0072584742687087185,Future_Inactive
14248,218,0,8,102,302.58,3.0525,United Kingdom,0.0,0.0,1,302.58,302.58,102.0,8.0,0.0,0.0,302.58,0.0,0.003294024639304302,Future_Inactive
14256,160,104,51,414,969.0600000000001,4.05188679245283,United Kingdom,0.0,0.0,2,484.53,523.86,207.0,26.5,1.0,0.03389627739118298,969.0600000000001,0.0,0.0010308640702636949,Future_Inactive
14257,23,195,84,1338,2725.84,2.9006,United Kingdom,0.07,0.0,4,681.46,1388.92,334.5,25.0,0.0,0.0,620.14,2105.7000000000003,3.3916669349905018,Future_Low
14258,51,185,52,5420,9386.32,3.818390804597701,United Kingdom,0.06896551724137931,0.0,7,1340.902857142857,3120.2200000000003,774.2857142857143,12.428571428571429,1.0,0.002115621365436913,6066.66,3319.6600000000003,0.5472719302004397,Future_High
14259,41,0,5,68,120.0,2.83,United Kingdom,0.0,0.0,1,120.0,120.0,68.0,5.0,0.0,0.0,0.0,120.0,121.0,Future_Inactive
14262,7,133,42,593,855.0,2.131764705882353,United Kingdom,0.0,0.0,3,285.0,309.5,197.66666666666666,17.0,0.0,0.0,240.0,615.0,2.5560165975103732,Future_High
14264,54,90,15,70,333.97,6.62,United Kingdom,0.0,0.0,2,166.985,218.27,35.0,8.5,2.0,0.041610468619967284,115.7,218.27,1.8789203084832906,Future_Inactive
14265,9,39,31,330,530.18,5.862903225806452,Unspecified,0.0,0.0,2,265.09000000000003,278.13,165.0,15.5,0.0,0.0,0.0,530.18,531.18,Future_Inactive
14267,62,97,25,530,1516.24,4.3910909090909085,United Kingdom,0.0,0.0,3,505.41333333333336,679.88,176.66666666666666,18.333333333333332,11.0,0.13525228272090065,836.36,679.88,0.8131269704786471,Future_Inactive
14270,231,0,29,197,492.65000000000003,4.570689655172414,United Kingdom,0.0,0.0,1,492.65000000000003,492.65000000000003,197.0,29.0,0.0,0.0,492.65000000000003,0.0,0.002025726729464195,Future_Inactive
14271,125,0,10,88,112.32,2.491,United Kingdom,0.0,0.0,1,112.32,112.32,88.0,10.0,0.0,0.0,0.0,112.32,113.32,Future_Inactive
14272,154,0,8,87,132.09,3.98875,United Kingdom,0.0,0.0,1,132.09,132.09,87.0,8.0,0.0,0.0,132.09,0.0,0.0075137125253587796,Future_Low
14273,36,106,18,196,450.05,2.682608695652174,United Kingdom,0.0,0.0,3,150.01666666666668,231.35,65.33333333333333,7.666666666666667,0.0,0.0,112.8,337.25,2.9723198594024605,Future_Low
14276,80,109,37,512,720.4,2.2527906976744188,United Kingdom,0.5581395348837209,0.0,2,360.2,379.2,256.0,21.5,8.0,0.09577005146228192,341.2,379.2,1.1110461718293396,Future_Mid
14277,112,0,71,855,1629.03,4.18,France,0.0,0.0,1,1629.03,1629.03,855.0,71.0,0.0,0.0,0.0,1629.03,1630.03,Future_High
14280,96,0,8,52,134.04,4.73375,United Kingdom,0.0,0.0,1,134.04,134.04,52.0,8.0,0.0,0.0,0.0,134.04,135.04,Future_Inactive
14282,9,257,58,1788,2467.54,1.5759782608695654,United Kingdom,0.0,0.0,9,274.1711111111111,636.1,198.66666666666666,10.222222222222221,0.0,0.0,894.3,1573.24,1.758337987266838,Future_High
14285,76,0,1,2,5.9,2.95,United Kingdom,0.0,0.0,1,5.9,5.9,2.0,1.0,0.0,0.0,0.0,5.9,6.9,Future_High
14286,142,0,141,1998,2050.08,1.5157446808510637,United Kingdom,0.0,0.0,1,2050.08,2050.08,1998.0,141.0,0.0,0.0,2050.08,0.0,0.00048754802348031283,Future_High
14287,98,0,4,216,83.28,0.7175,United Kingdom,0.0,0.0,2,41.64,66.0,108.0,2.0,2.0,0.2337136547662863,0.0,83.28,84.28,Future_Low
14288,113,0,16,188,426.6,3.00625,United Kingdom,0.0,0.0,1,426.6,426.6,188.0,16.0,1.0,0.02902014339364971,0.0,426.6,427.6,Future_Inactive
14289,34,154,33,278,832.78,5.147619047619047,United Kingdom,0.0,0.0,5,166.556,322.24,55.6,8.4,0.0,0.0,469.54,363.24,0.7740893441577762,Future_Low
14290,261,0,23,220,777.5600000000001,5.006086956521739,United Kingdom,0.0,0.0,1,777.5600000000001,777.5600000000001,220.0,23.0,2.0,0.0091747795504358,777.5600000000001,0.0,0.0012844225236333744,Future_High
14291,20,154,96,1478,2355.54,3.0063309352517984,United Kingdom,0.0,0.0,7,336.5057142857143,984.88,211.14285714285714,19.857142857142858,1.0,0.00420631666166418,984.88,1370.66,1.3913052298454174,Future_High
14292,45,137,50,825,2590.21,3.531774193548387,United Kingdom,0.3225806451612903,0.0,4,647.5525,1353.1000000000001,206.25,15.5,5.0,0.014421009775085517,463.0,2127.21,4.586659482758621,Future_High
14293,47,221,40,427,739.41,2.47675,United Kingdom,0.0,0.0,3,246.47,364.92,142.33333333333334,13.333333333333334,0.0,0.0,508.02000000000004,231.39,0.45654394719264463,Future_Low
14297,174,0,11,78,232.6,3.8545454545454545,United Kingdom,0.0,0.0,1,232.6,232.6,78.0,11.0,0.0,0.0,232.6,0.0,0.004280821917808219,Future_High
14298,23,237,665,42823,35591.84,1.4185071942446041,United Kingdom,0.0,0.02068345323741007,36,988.6622222222223,4390.56,1189.5277777777778,30.88888888888889,0.0,0.0,14346.5,21245.34,1.4808391705872104,Future_High
14299,7,258,70,922,2437.14,3.5143421052631574,United Kingdom,0.0,0.0,5,487.428,871.2,184.4,15.2,10.0,0.29874345037535355,1565.94,871.2,0.5566262907322552,Future_High
14301,17,0,13,606,640.14,1.3523076923076922,United Kingdom,1.0,0.0,1,640.14,640.14,606.0,13.0,3.0,0.012495372084413179,0.0,640.14,641.14,Future_Inactive
14304,122,0,17,139,383.45,4.885294117647058,United Kingdom,1.0,0.0,1,383.45,383.45,139.0,17.0,10.0,0.3270445770445771,0.0,383.45,384.45,Future_Inactive
14305,13,21,62,582,1048.45,2.565079365079365,United Kingdom,0.0,0.0,2,524.225,1044.2,291.0,31.5,5.0,0.050015856476237935,0.0,1048.45,1049.45,Future_Mid
14307,34,238,119,1711,2307.89,2.3873611111111113,United Kingdom,0.0,0.0,4,576.9725000000001,783.11,427.75,36.0,0.0,0.0,1270.56,1037.33,0.8165796344647519,Future_Mid
14309,68,189,57,964,1310.02,2.5686764705882354,United Kingdom,0.0,0.0,6,218.33666666666667,347.49,160.66666666666666,11.333333333333334,6.0,0.02446253174171737,588.39,721.63,1.2260642359049188,Future_High
14311,142,0,20,146,310.26,5.084,United Kingdom,0.0,0.0,1,310.26,310.26,146.0,20.0,7.0,0.20611038612113303,310.26,0.0,0.0032127481847972757,Future_Inactive
14312,86,150,42,385,854.59,4.061836734693878,United Kingdom,0.0,0.0,4,213.6475,309.55,96.25,12.25,0.0,0.0,594.02,260.57,0.43959866895230415,Future_Mid
14314,6,0,8,296,120.0,0.66625,United Kingdom,0.0,0.0,1,120.0,120.0,296.0,8.0,0.0,0.0,0.0,120.0,121.0,Future_Inactive
14315,29,137,49,689,1550.15,3.402647058823529,United Kingdom,0.0,0.27941176470588236,5,310.03,530.4,137.8,13.6,0.0,0.0,530.4,1019.75,1.9208694015807302,Future_Mid
14320,106,126,29,325,477.79,1.957741935483871,United Kingdom,0.0,0.0,2,238.89499999999998,352.51,162.5,15.5,11.0,0.2198964847257825,352.51,125.28,0.3572176176062912,Future_Inactive
14321,16,216,75,1516,900.65,1.5256410256410255,United Kingdom,0.0,0.0,3,300.2166666666667,326.82,505.3333333333333,26.0,0.0,0.0,326.82,573.83,1.7534927704227932,Future_Mid
14323,14,123,32,350,605.0600000000001,2.996388888888889,United Kingdom,0.0,0.0,2,302.53,305.24,175.0,18.0,5.0,0.04843833548265342,299.82,305.24,1.018017419054584,Future_Inactive
14326,142,0,8,103,183.85,2.8000000000000003,United Kingdom,0.0,0.0,1,183.85,183.85,103.0,8.0,1.0,0.0846402788150361,183.85,0.0,0.005409791723018664,Future_Inactive
14327,63,0,12,139,311.65,2.5875,United Kingdom,0.0,0.0,1,311.65,311.65,139.0,12.0,0.0,0.0,0.0,311.65,312.65,Future_Inactive
14329,8,220,169,2184,3485.03,2.926943005181347,United Kingdom,0.0,0.0,4,871.2574999999999,1547.58,546.0,48.25,7.0,0.011697879918781264,2125.6,1359.43,0.6397206808990878,Future_High
14331,24,10,27,252,462.65999999999997,3.019285714285714,United Kingdom,0.14285714285714285,0.0,2,231.33,383.66,126.0,14.0,0.0,0.0,0.0,462.65999999999997,463.65999999999997,Future_Inactive
14332,47,0,2,48,119.04,2.0700000000000003,United Kingdom,0.0,0.0,1,119.04,119.04,48.0,2.0,0.0,0.0,0.0,119.04,120.04,Future_Mid
14334,22,235,87,1427,2013.51,3.103046875,United Kingdom,0.0,0.0,6,335.585,370.45,237.83333333333334,21.333333333333332,1.0,0.006292381036984395,1039.1,974.41,0.9378040573021825,Future_Mid
14336,98,77,53,989,1114.39,1.8349152542372882,United Kingdom,0.0,0.0,3,371.46333333333337,534.4200000000001,329.6666666666667,19.666666666666668,0.0,0.0,534.4200000000001,579.97,1.085073400321243,Future_Mid
14338,61,35,30,335,588.22,3.6470967741935483,United Kingdom,0.0,0.0,2,294.11,579.97,167.5,15.5,3.0,0.05464305229661534,0.0,588.22,589.22,Future_Inactive
14339,142,0,14,168,309.52,2.032857142857143,United Kingdom,0.0,0.0,1,309.52,309.52,168.0,14.0,4.0,0.05958132045088567,309.52,0.0,0.0032204044828030402,Future_Inactive
14340,118,0,6,58,134.7,2.9333333333333336,United Kingdom,0.0,0.0,1,134.7,134.7,58.0,6.0,0.0,0.0,0.0,134.7,135.7,Future_Inactive
14341,30,188,54,709,1139.52,2.860757575757576,United Kingdom,0.3787878787878788,0.0,6,189.92,321.29,118.16666666666667,10.833333333333334,1.0,0.013761229682712778,335.63,803.89,2.3910227846597154,Future_High
14342,37,73,11,176,419.74,3.308181818181818,United Kingdom,0.0,0.0,2,209.87,309.6,88.0,5.5,3.0,0.12661520214736055,0.0,419.74,420.74,Future_Low
14344,27,241,56,477,889.9300000000001,4.225633802816901,United Kingdom,0.0,0.0,8,111.24125000000001,322.8,59.625,8.75,0.0,0.0,584.38,305.55,0.523676927807578,Future_Inactive
14346,20,176,55,605,1021.58,4.602333333333333,United Kingdom,0.0,0.0,2,510.78999999999996,759.14,302.5,30.0,0.0,0.0,262.44,759.14,2.885438809596113,Future_Inactive
14348,160,0,18,183,409.57,2.962222222222222,United Kingdom,0.0,0.0,1,409.57,409.57,183.0,18.0,0.0,0.0,409.57,0.0,0.0024356382590057725,Future_Inactive
14350,174,0,18,183,282.93,2.2866666666666666,United Kingdom,0.0,0.0,1,282.93,282.93,183.0,18.0,3.0,0.0788839692668316,282.93,0.0,0.003521994857887507,Future_Inactive
14351,64,0,1,12,51.0,4.25,United Kingdom,0.0,0.0,1,51.0,51.0,12.0,1.0,0.0,0.0,0.0,51.0,52.0,Future_Inactive
14352,57,116,44,538,1078.96,3.8659574468085105,United Kingdom,0.0,0.0,4,269.74,614.02,134.5,11.25,0.0,0.0,231.3,847.66,3.6532931554024963,Future_Inactive
14353,115,0,6,64,90.6,1.3666666666666665,United Kingdom,1.0,0.0,1,90.6,90.6,64.0,6.0,0.0,0.0,0.0,90.6,91.6,Future_Inactive
14355,265,0,11,92,174.4,2.85,United Kingdom,0.0,0.0,1,174.4,174.4,92.0,11.0,0.0,0.0,174.4,0.0,0.005701254275940707,Future_Inactive
14364,8,102,61,1967,3717.35,3.0260869565217394,United Kingdom,0.18840579710144928,0.0,8,464.66875,719.15,245.875,8.625,0.0,0.0,0.0,3717.35,3718.35,Future_Inactive
14367,37,138,209,2562,5419.7,3.2164776119402982,United Kingdom,0.0,0.0,10,541.97,1016.57,256.2,33.5,7.0,0.015217727062115582,1919.42,3500.28,1.8231845117213943,Future_High
14368,219,0,8,36,155.0,6.125,United Kingdom,0.0,0.0,1,155.0,155.0,36.0,8.0,0.0,0.0,155.0,0.0,0.00641025641025641,Future_Inactive
14371,195,0,4,34,100.5,3.775,United Kingdom,0.0,0.0,1,100.5,100.5,34.0,4.0,0.0,0.0,100.5,0.0,0.009852216748768473,Future_Inactive
14373,258,0,4,17,76.55,11.625,United Kingdom,0.0,0.0,1,76.55,76.55,17.0,4.0,0.0,0.0,76.55,0.0,0.01289490651192779,Future_Inactive
14375,85,0,57,184,235.56,1.812878787878788,United Kingdom,0.0,0.0,1,235.56,235.56,184.0,57.0,0.0,0.0,0.0,235.56,236.56,Future_Inactive
14377,91,70,11,219,617.05,9.15,United Kingdom,0.0,0.0,2,308.525,314.6,109.5,5.5,0.0,0.0,314.6,302.45,0.9615019011406843,Future_Inactive
14379,195,0,17,128,110.98,1.8729411764705883,United Kingdom,0.0,0.0,1,110.98,110.98,128.0,17.0,0.0,0.0,110.98,0.0,0.00893016610108948,Future_Low
14383,63,0,15,201,242.09,4.16,United Kingdom,0.0,0.0,1,242.09,242.09,201.0,15.0,0.0,0.0,0.0,242.09,243.09,Future_High
14386,196,0,7,54,142.4,3.885714285714286,United Kingdom,0.0,0.0,1,142.4,142.4,54.0,7.0,0.0,0.0,142.4,0.0,0.00697350069735007,Future_Inactive
14387,9,0,40,209,440.76,4.2090000000000005,United Kingdom,0.0,0.0,1,440.76,440.76,209.0,40.0,0.0,0.0,0.0,440.76,441.76,Future_High
14388,21,251,80,1179,1835.1100000000001,2.893394495412844,United Kingdom,0.0,0.0,5,367.022,458.94,235.8,21.8,2.0,0.007275933699744665,714.25,1120.86,1.5684865431667248,Future_High
14389,90,0,19,189,311.14,2.192105263157895,United Kingdom,0.0,0.0,1,311.14,311.14,189.0,19.0,9.0,0.05566346970984582,0.0,311.14,312.14,Future_Mid
14390,44,228,95,739,1590.71,3.3211971830985916,United Kingdom,0.0,0.0,4,397.6775,556.58,184.75,35.0,3.0,0.013733368054263853,725.08,865.63,1.1935737108858526,Future_High
14393,118,0,5,13,67.95,5.390000000000001,United Kingdom,0.0,1.0,1,67.95,67.95,13.0,5.0,0.0,0.0,0.0,67.95,68.95,Future_Inactive
14395,77,194,114,970,1952.3200000000002,2.6007027027027028,United Kingdom,0.372972972972973,0.2648648648648649,6,325.3866666666667,388.21000000000004,161.66666666666666,30.166666666666668,1.0,0.005070657962461842,1237.73,714.59,0.5776803661814923,Future_High
14396,271,0,34,39,110.35000000000001,2.998529411764706,United Kingdom,0.0,0.0,1,110.35000000000001,110.35000000000001,39.0,34.0,0.0,0.0,110.35000000000001,0.0,0.008980691513246519,Future_Mid
14397,9,103,13,652,856.0,2.3534285714285716,United Kingdom,0.11428571428571428,0.11428571428571428,9,95.11111111111111,174.96,72.44444444444444,3.888888888888889,0.0,0.0,0.0,856.0,857.0,Future_High
14400,49,0,25,454,574.7,1.7368000000000001,United Kingdom,0.0,0.0,1,574.7,574.7,454.0,25.0,1.0,0.025436662709852464,0.0,574.7,575.7,Future_Inactive
14401,7,252,76,3273,2766.2999999999997,1.3865289256198348,United Kingdom,0.0,0.0,9,307.3666666666667,428.44,363.6666666666667,13.444444444444445,0.0,0.0,552.12,2214.18,4.004881400057854,Future_High
14403,30,116,17,519,1475.81,6.2535,United Kingdom,0.0,0.0,4,368.9525,790.7,129.75,5.0,6.0,0.032452419508165554,790.7,685.11,0.8666287735253252,Future_Inactive
14404,8,260,64,769,1322.52,2.9791954022988505,United Kingdom,0.4827586206896552,0.0,5,264.504,314.7,153.8,17.2,1.0,0.029072328429213288,698.58,623.9399999999999,0.89330741301924,Future_Low
14406,19,0,8,77,156.75,3.795,United Kingdom,0.0,0.0,1,156.75,156.75,77.0,8.0,0.0,0.0,0.0,156.75,157.75,Future_Inactive
14407,7,169,67,1415,2157.73,3.5512328767123287,United Kingdom,0.0,0.0,6,359.62166666666667,645.5,235.83333333333334,12.166666666666666,3.0,0.021162413014090126,357.18,1800.55,5.029733653470322,Future_Inactive
14408,30,133,59,1290,1989.01,1.8980851063829787,United Kingdom,0.09574468085106383,0.0,5,397.802,773.69,258.0,18.4,0.0,0.0,705.6400000000001,1283.3700000000001,1.8175733046530056,Future_Mid
14409,22,245,36,1160,1943.73,3.0206521739130436,United Kingdom,0.0,0.0,5,388.746,1086.8300000000002,232.0,9.2,1.0,0.07217424925892513,666.1,1277.63,1.916699145555389,Future_Low
14410,41,164,123,484,975.1800000000001,2.6079166666666667,United Kingdom,0.0,0.0,7,139.3114285714286,210.27,69.14285714285714,20.142857142857142,58.0,0.2579385914849903,576.0,399.18,0.6935528596187175,Future_Inactive
14411,210,0,14,196,1063.0,8.175,United Kingdom,0.0,0.0,1,1063.0,1063.0,196.0,14.0,0.0,0.0,1063.0,0.0,0.0009398496240601503,Future_Inactive
14413,262,0,22,67,121.05,2.859090909090909,United Kingdom,1.0,0.0,1,121.05,121.05,67.0,22.0,0.0,0.0,121.05,0.0,0.00819336337566571,Future_Inactive
14414,9,249,68,1786,1137.08,0.9982191780821918,United Kingdom,0.2876712328767123,0.0,5,227.416,309.14,357.2,14.6,1.0,0.010313944278589646,217.2,919.88,4.220348304307975,Future_Low
14415,23,236,173,1596,3305.88,3.1094822006472493,United Kingdom,0.0,0.0,8,413.235,852.68,199.5,38.25,15.0,0.019881764869816836,1581.56,1724.32,1.0902082701445759,Future_High
14418,8,0,17,148,150.44,1.263684210526316,United Kingdom,0.0,0.0,1,150.44,150.44,148.0,17.0,0.0,0.0,0.0,150.44,151.44,Future_High
14419,152,112,45,161,307.14,2.3996491228070176,United Kingdom,0.0,0.0,2,153.57,183.04,80.5,28.0,0.0,0.0,307.14,0.0,0.003245278120334913,Future_Mid
14421,111,0,15,194,455.18,2.5126666666666666,United Kingdom,0.0,0.0,1,455.18,455.18,194.0,15.0,0.0,0.0,0.0,455.18,456.18,Future_Low
14422,70,96,57,541,1032.15,3.3322950819672132,United Kingdom,0.0,0.0,2,516.075,630.84,270.5,30.5,0.0,0.0,401.31,630.84,1.5705301881633567,Future_High
14423,118,0,3,120,265.2,1.9833333333333332,United Kingdom,0.0,0.0,1,265.2,265.2,120.0,3.0,0.0,0.0,0.0,265.2,266.2,Future_Inactive
14426,40,172,151,1603,2885.58,3.2733908045977014,United Kingdom,0.0,0.0,6,480.93,794.41,267.1666666666667,29.0,36.0,0.15393028144855553,1495.58,1390.0,0.9294524849991314,Future_High
14428,139,85,25,145,330.62,5.127142857142857,United Kingdom,0.0,0.0,2,165.31,203.55,72.5,14.0,1.0,0.012662008003344681,330.62,0.0,0.0030154996682950365,Future_Mid
14431,202,0,17,130,470.36,4.69,United Kingdom,0.0,0.0,1,470.36,470.36,130.0,17.0,4.0,0.0910215282340664,470.36,0.0,0.002121520706042091,Future_Inactive
14437,265,0,5,60,63.0,1.05,United Kingdom,0.0,0.0,1,63.0,63.0,60.0,5.0,1.0,0.628099173553719,63.0,0.0,0.015625,Future_Inactive
14438,206,0,9,82,131.9,1.5944444444444443,United Kingdom,1.0,0.0,1,131.9,131.9,82.0,9.0,0.0,0.0,131.9,0.0,0.007524454477050414,Future_Inactive
14439,219,0,32,526,2661.24,6.4809375,Greece,0.0,0.0,1,2661.24,2661.24,526.0,32.0,0.0,0.0,2661.24,0.0,0.00037562353506821327,Future_Inactive
14440,216,48,25,341,1185.71,3.6570967741935485,United Kingdom,0.0,0.0,2,592.855,656.7,170.5,15.5,0.0,0.0,1185.71,0.0,0.0008426658577074432,Future_High
14441,155,0,13,108,356.84000000000003,4.2784615384615385,United Kingdom,0.0,0.0,1,356.84000000000003,356.84000000000003,108.0,13.0,3.0,0.2121693822581357,356.84000000000003,0.0,0.0027945450480661746,Future_High
14442,104,112,58,482,1589.82,6.323492063492063,Channel Islands,0.0,0.0,2,794.9100000000001,914.24,241.0,31.5,4.0,0.02511083721186924,675.58,914.24,1.3527446865115729,Future_Inactive
14443,38,230,58,666,991.52,2.6724615384615387,United Kingdom,0.4,0.0,3,330.50666666666666,383.12,222.0,21.666666666666668,5.0,0.01911281706303668,608.4,383.12,0.6303249097472925,Future_Mid
14446,146,0,83,318,303.04,1.478433734939759,United Kingdom,0.0,0.0,1,303.04,303.04,318.0,83.0,0.0,0.0,303.04,0.0,0.0032890409156689907,Future_Mid
14447,96,84,34,313,601.03,2.5715384615384616,United Kingdom,0.0,0.0,2,300.515,336.03000000000003,156.5,19.5,0.0,0.0,265.0,336.03000000000003,1.26703007518797,Future_Mid
14448,264,0,18,44,102.35000000000001,2.5805555555555557,United Kingdom,0.0,0.0,1,102.35000000000001,102.35000000000001,44.0,18.0,0.0,0.0,102.35000000000001,0.0,0.009675858732462505,Future_Low
14449,146,125,98,333,399.91,1.4488571428571428,United Kingdom,0.0,0.0,2,199.95499999999998,210.24,166.5,52.5,0.0,0.0,399.91,0.0,0.0024943254096929483,Future_Mid
14450,80,139,32,241,483.25,2.7905,United Kingdom,1.0,0.0,3,161.08333333333334,213.8,80.33333333333333,13.333333333333334,0.0,0.0,269.45,213.8,0.7942318358291737,Future_Inactive
14451,94,0,52,204,360.0,2.2367307692307694,United Kingdom,1.0,0.0,1,360.0,360.0,204.0,52.0,0.0,0.0,0.0,360.0,361.0,Future_Low
14453,90,0,22,49,119.93,3.777272727272727,United Kingdom,0.0,0.0,1,119.93,119.93,49.0,22.0,0.0,0.0,0.0,119.93,120.93,Future_Inactive
14456,31,11,220,576,636.65,1.8903734439834023,United Kingdom,0.7800829875518672,0.0,3,212.21666666666667,494.27,192.0,80.0,0.0,0.0,0.0,636.65,637.65,Future_High
14457,210,0,4,88,113.64,1.2550000000000001,United Kingdom,0.0,0.0,1,113.64,113.64,88.0,4.0,0.0,0.0,113.64,0.0,0.008722958827634334,Future_Inactive
14459,55,0,37,760,1837.92,3.4364864864864866,United Kingdom,0.0,0.0,1,1837.92,1837.92,760.0,37.0,0.0,0.0,0.0,1837.92,1838.92,Future_Inactive
14460,10,200,14,881,434.34,0.6643749999999999,United Kingdom,0.375,0.0,3,144.78,246.54,293.6666666666667,5.333333333333333,1.0,0.10508097416244283,30.0,404.34,13.07548387096774,Future_Inactive
14461,48,113,173,766,2103.06,3.721833333333333,United Kingdom,0.0,0.0,3,701.02,969.99,255.33333333333334,60.0,0.0,0.0,776.23,1326.83,1.7084132110186172,Future_Inactive
14462,20,218,126,678,1510.65,3.018131868131868,United Kingdom,0.13736263736263737,0.0,9,167.85000000000002,318.92,75.33333333333333,19.11111111111111,5.0,0.022119081834776864,683.56,827.09,1.209667523664836,Future_Mid
14463,70,34,4,127,309.42,5.915,United Kingdom,0.0,0.0,2,154.71,193.5,63.5,2.0,0.0,0.0,0.0,309.42,310.42,Future_Low
14465,146,56,107,398,1038.44,2.8251219512195123,United Kingdom,0.0,0.0,3,346.1466666666667,597.3,132.66666666666666,40.0,0.0,0.0,1038.44,0.0,0.0009620564919572077,Future_Inactive
14466,15,256,28,597,1580.45,4.390625,United Kingdom,0.20833333333333334,0.0,5,316.09000000000003,379.75,119.4,9.6,0.0,0.0,1035.65,544.8,0.5265036415376452,Future_Mid
14467,212,0,15,37,131.7,4.453333333333333,United Kingdom,0.0,0.0,1,131.7,131.7,37.0,15.0,0.0,0.0,131.7,0.0,0.0075357950263752835,Future_Mid
14470,187,0,35,138,297.64,4.672000000000001,United Kingdom,0.0,0.0,1,297.64,297.64,138.0,35.0,0.0,0.0,297.64,0.0,0.00334851326011251,Future_Low
14472,3,251,153,1135,1852.67,2.6709811320754713,United Kingdom,1.0,0.0,8,231.58375,397.92,141.875,31.625,0.0,0.0,1255.76,596.91,0.4757551163308826,Future_Inactive
14473,182,0,1,10,85.0,8.5,United Kingdom,0.0,0.0,1,85.0,85.0,10.0,1.0,0.0,0.0,85.0,0.0,0.011627906976744186,Future_Low
14475,86,118,23,243,622.17,3.5285714285714285,United Kingdom,0.0,0.0,2,311.08500000000004,315.62,121.5,14.0,5.0,0.16844426623897354,306.55,315.62,1.0294911396520892,Future_Low
14476,157,0,17,110,193.0,3.5323529411764705,United Kingdom,1.0,0.0,1,193.0,193.0,110.0,17.0,0.0,0.0,193.0,0.0,0.005154639175257732,Future_Inactive
14477,84,112,3,300,523.0,1.7433333333333334,United Kingdom,0.0,0.0,2,261.5,358.0,150.0,1.5,0.0,0.0,165.0,358.0,2.1626506024096384,Future_Mid
14479,153,111,18,117,316.25,4.016666666666667,United Kingdom,0.0,0.0,2,158.125,174.4,58.5,9.0,0.0,0.0,316.25,0.0,0.0031520882584712374,Future_Inactive
14481,64,122,25,489,636.51,1.994,United Kingdom,0.0,0.0,2,318.255,333.65,244.5,15.0,0.0,0.0,302.86,333.65,1.1013295596656354,Future_Inactive
14482,139,0,15,111,238.1,2.556,United Kingdom,0.0,0.0,1,238.1,238.1,111.0,15.0,0.0,0.0,238.1,0.0,0.004182350480970306,Future_High
14483,181,0,9,97,137.1,1.8522222222222224,United Kingdom,0.0,0.0,1,137.1,137.1,97.0,9.0,1.0,0.05448275862068966,137.1,0.0,0.00724112961622013,Future_Inactive
14487,268,0,13,37,125.10000000000001,2.973076923076923,United Kingdom,0.0,0.0,1,125.10000000000001,125.10000000000001,37.0,13.0,1.0,0.09249183895538628,125.10000000000001,0.0,0.007930214115781126,Future_High
14489,107,0,30,299,463.38,1.7770000000000001,United Kingdom,0.0,0.0,1,463.38,463.38,299.0,30.0,0.0,0.0,0.0,463.38,464.38,Future_Inactive
14491,75,197,17,139,340.93,4.54235294117647,United Kingdom,0.0,0.0,2,170.465,213.73,69.5,8.5,0.0,0.0,127.2,213.73,1.6749609984399376,Future_Inactive
14493,55,0,29,327,611.22,3.0113793103448274,United Kingdom,0.0,0.0,1,611.22,611.22,327.0,29.0,0.0,0.0,0.0,611.22,612.22,Future_High
14495,21,0,2,22,40.599999999999994,1.865,United Kingdom,0.0,0.0,1,40.599999999999994,40.599999999999994,22.0,2.0,0.0,0.0,0.0,40.599999999999994,41.599999999999994,Future_Low
14496,211,61,16,159,538.8100000000001,5.65421052631579,United Kingdom,0.0,0.0,2,269.40500000000003,304.34000000000003,79.5,9.5,0.0,0.0,538.8100000000001,0.0,0.0018525036586947256,Future_Inactive
14497,209,0,29,235,475.37,4.478620689655172,United Kingdom,0.0,0.0,1,475.37,475.37,235.0,29.0,2.0,0.03628844243517749,475.37,0.0,0.0020992085983584188,Future_Inactive
14498,16,245,104,689,1281.79,3.353109243697479,United Kingdom,0.0,0.0,4,320.4475,608.46,172.25,29.5,0.0,0.0,166.22,1115.57,6.677251524937208,Future_Mid
14499,33,144,71,188,367.81,2.1348837209302327,United Kingdom,0.4883720930232558,0.0,2,183.905,244.94,94.0,42.5,0.0,0.0,122.87,244.94,1.9854686364737224,Future_Mid
14500,12,77,5,107,335.85,6.8999999999999995,United Kingdom,0.0,0.0,2,167.925,284.85,53.5,2.5,0.0,0.0,0.0,335.85,336.85,Future_Low
14501,83,136,9,161,251.21,2.175,United Kingdom,0.0,0.0,2,125.605,184.28,80.5,5.0,0.0,0.0,66.93,184.28,2.7275136169586336,Future_Inactive
14502,49,163,201,532,1163.22,2.6701805054151624,United Kingdom,0.631768953068592,0.0,7,166.17428571428573,293.33,76.0,39.142857142857146,3.0,0.0778853242645485,665.87,497.34999999999997,0.7472970743923103,Future_High
14503,78,0,40,381,597.07,3.2247500000000002,United Kingdom,0.0,0.0,1,597.07,597.07,381.0,40.0,0.0,0.0,0.0,597.07,598.07,Future_High
14504,143,35,81,263,542.71,3.5210416666666666,United Kingdom,0.7708333333333334,0.0,3,180.90333333333334,260.92,87.66666666666667,32.0,0.0,0.0,542.71,0.0,0.0018392157584006179,Future_Low
14505,9,252,388,1922,4222.74,3.1139922480620155,United Kingdom,0.25775193798449614,0.0,6,703.79,1062.88,320.3333333333333,83.0,3.0,0.010646223917454279,1916.4,2306.34,1.2033691457181601,Future_High
14506,62,207,82,251,818.96,4.0729292929292935,United Kingdom,0.45454545454545453,0.16161616161616163,3,272.9866666666667,297.16,83.66666666666667,32.333333333333336,0.0,0.0,554.16,264.8,0.47878089199510054,Future_High
14507,1,174,71,478,924.6899999999999,2.96037037037037,United Kingdom,0.19753086419753085,0.0,4,231.1725,339.36,119.5,20.25,2.0,0.01596271110685439,378.85,545.84,1.4396209029880216,Future_Mid
14511,33,0,6,72,138.16,2.8366666666666664,United Kingdom,0.0,0.0,1,138.16,138.16,72.0,6.0,0.0,0.0,0.0,138.16,139.16,Future_High
14512,87,44,19,122,275.28,4.611739130434782,United Kingdom,0.391304347826087,0.6086956521739131,2,137.64,148.95999999999998,61.0,11.5,0.0,0.0,0.0,275.28,276.28,Future_Inactive
14513,0,188,11,361,455.59000000000003,2.4391666666666665,United Kingdom,0.0,0.0,3,151.86333333333334,298.6,120.33333333333333,4.0,6.0,0.03617592925596057,18.75,436.84000000000003,22.169113924050635,Future_Inactive
14514,101,129,36,173,403.11,3.3405128205128207,United Kingdom,0.3333333333333333,0.0,2,201.555,255.25,86.5,19.0,0.0,0.0,255.25,147.86,0.5809170731707317,Future_Mid
14515,91,27,25,371,765.65,3.3609999999999998,United Kingdom,0.0,0.0,2,382.825,425.4,185.5,15.0,0.0,0.0,0.0,765.65,766.65,Future_High
14517,41,0,14,73,252.45,5.360714285714286,United Kingdom,0.0,0.0,1,252.45,252.45,73.0,14.0,0.0,0.0,0.0,252.45,253.45,Future_Low
14520,190,0,1,100,165.0,1.65,United Kingdom,0.0,0.0,1,165.0,165.0,100.0,1.0,0.0,0.0,165.0,0.0,0.006024096385542169,Future_Low
14522,98,0,7,168,278.63,2.575714285714286,United Kingdom,0.0,0.0,1,278.63,278.63,168.0,7.0,0.0,0.0,0.0,278.63,279.63,Future_Mid
14523,8,0,12,251,241.09,2.72,United Kingdom,0.0,0.0,1,241.09,241.09,251.0,12.0,0.0,0.0,0.0,241.09,242.09,Future_Inactive
14524,78,182,113,416,1028.87,3.477279411764706,United Kingdom,0.3235294117647059,0.0,5,205.77399999999997,275.45,83.2,27.0,0.0,0.0,470.05,558.82,1.1884513321303471,Future_Mid
14525,0,260,163,1720,2820.29,3.0745833333333334,United Kingdom,0.0,0.06770833333333333,7,402.8985714285714,742.17,245.71428571428572,27.0,5.0,0.03397191956074219,1020.4,1799.8899999999999,1.7631584100254551,Future_High
14527,7,261,257,1274,5136.4,5.3195315024232634,United Kingdom,0.045234248788368334,0.009693053311793215,39,131.70256410256408,292.95,32.666666666666664,15.871794871794872,26.0,0.08539234609933119,2624.42,2511.98,0.9571725666750462,Future_High
14529,10,0,49,84,135.24,1.8442,United Kingdom,1.0,0.0,1,135.24,135.24,84.0,49.0,0.0,0.0,0.0,135.24,136.24,Future_Mid
14530,28,168,99,832,1957.47,4.131276595744681,United Kingdom,0.0,0.0,4,489.3675,662.86,208.0,35.0,0.0,0.0,1083.11,874.36,0.8074457389010341,Future_Mid
14532,136,115,45,284,932.85,5.6234375000000005,United Kingdom,0.78125,0.0,4,233.21250000000003,386.90000000000003,71.0,16.0,0.0,0.0,792.3000000000001,140.55,0.17843186688516324,Future_Inactive
14533,12,240,23,912,734.98,1.8091666666666668,United Kingdom,0.0,0.0,2,367.49,433.5,456.0,12.0,0.0,0.0,433.5,301.48,0.696156501726122,Future_High
14534,19,198,257,1448,2899.75,3.305415549597855,United Kingdom,0.0,0.0,13,223.05769230769232,419.19,111.38461538461539,28.076923076923077,2.0,0.0025797575027947375,1284.58,1615.17,1.2571524136965417,Future_High
14535,27,121,166,966,1652.81,2.839005235602094,United Kingdom,0.0,0.0,2,826.405,852.87,483.0,94.5,0.0,0.0,852.87,799.94,0.9380116411163293,Future_High
14536,159,0,18,39,170.95,5.052777777777778,United Kingdom,0.0,0.0,1,170.95,170.95,39.0,18.0,0.0,0.0,170.95,0.0,0.005815644082582146,Future_Inactive
14538,156,0,3,30,106.5,3.9500000000000006,United Kingdom,0.0,0.0,1,106.5,106.5,30.0,3.0,0.0,0.0,106.5,0.0,0.009302325581395349,Future_Low
14540,209,0,11,122,195.9,3.95,United Kingdom,0.0,0.0,1,195.9,195.9,122.0,11.0,0.0,0.0,195.9,0.0,0.005078720162519045,Future_Mid
14541,68,150,70,597,1307.3500000000001,2.50843137254902,United Kingdom,0.0,0.0,7,186.7642857142857,307.91,85.28571428571429,13.428571428571429,0.0,0.0,967.15,340.2,0.35242472757320664,Future_Low
14542,85,0,5,19,103.25,5.41,United Kingdom,0.0,0.0,1,103.25,103.25,19.0,5.0,0.0,0.0,0.0,103.25,104.25,Future_Inactive
14543,8,256,37,595,3234.5,6.132258064516129,United Kingdom,0.0,0.06451612903225806,13,248.80769230769232,388.05,45.76923076923077,4.6923076923076925,23.0,0.1399916511788057,1838.66,1395.8400000000001,0.7592924779578836,Future_Low
14544,261,0,53,836,1101.77,2.2505555555555556,United Kingdom,0.0,0.0,1,1101.77,1101.77,836.0,53.0,0.0,0.0,1101.77,0.0,0.0009068074031756395,Future_Mid
14546,101,46,126,501,874.88,2.403450704225352,United Kingdom,0.323943661971831,0.0,2,437.44,561.29,250.5,71.0,5.0,0.019467637993835805,561.29,313.59000000000003,0.5594799836383362,Future_High
14548,50,167,2,256,652.8,2.55,United Kingdom,0.0,0.0,2,326.4,326.4,128.0,2.0,0.0,0.0,326.4,326.4,1.0,Future_Inactive
14549,211,0,56,136,289.24,3.2125,United Kingdom,0.0,0.0,1,289.24,289.24,136.0,56.0,0.0,0.0,289.24,0.0,0.0034454244762954795,Future_Inactive
14551,104,0,7,66,125.43,5.795714285714285,United Kingdom,0.0,1.0,1,125.43,125.43,66.0,7.0,0.0,0.0,0.0,125.43,126.43,Future_Low
14552,51,0,57,90,164.22,1.8931578947368422,United Kingdom,0.0,0.0,1,164.22,164.22,90.0,57.0,0.0,0.0,0.0,164.22,165.22,Future_Inactive
14553,118,120,35,182,312.32,2.4928205128205128,United Kingdom,0.0,0.0,2,156.16,201.94,91.0,19.5,0.0,0.0,201.94,110.38,0.5488321671429979,Future_Mid
14555,202,0,14,90,186.34,2.777142857142857,United Kingdom,0.0,0.0,1,186.34,186.34,90.0,14.0,0.0,0.0,186.34,0.0,0.005337888331376108,Future_Low
14560,9,248,24,265,1414.0,6.8159090909090905,United Kingdom,0.045454545454545456,0.0,13,108.76923076923077,408.16999999999996,20.384615384615383,3.3846153846153846,1.0,0.0069876049018575085,1164.85,249.14999999999998,0.21456448085088134,Future_Mid
14561,62,22,35,375,566.99,2.5575,United Kingdom,0.0,0.0,2,283.495,344.92,187.5,18.0,0.0,0.0,0.0,566.99,567.99,Future_Mid
14562,27,177,103,899,1954.8500000000001,3.082011834319527,United Kingdom,0.0,0.5029585798816568,6,325.80833333333334,603.5400000000001,149.83333333333334,27.5,17.0,0.12483771321126381,434.7,1520.15,3.4912784025705763,Future_High
14565,13,248,99,1371,2560.32,3.5599082568807336,United Kingdom,0.0,0.0,3,853.44,1167.41,457.0,36.333333333333336,1.0,0.0040842999509884004,1167.41,1392.91,1.1929973211458307,Future_Mid
14566,10,0,4,800,1432.0,1.79,Channel Islands,1.0,0.0,1,1432.0,1432.0,800.0,4.0,0.0,0.0,0.0,1432.0,1433.0,Future_Inactive
14567,30,0,13,172,800.76,4.745384615384615,United Kingdom,0.0,0.0,1,800.76,800.76,172.0,13.0,0.0,0.0,0.0,800.76,801.76,Future_Mid
14570,180,0,29,95,218.06,3.372068965517242,United Kingdom,0.0,0.0,2,109.03,167.91,47.5,14.5,0.0,0.0,218.06,0.0,0.0045649593718615905,Future_Inactive
14572,10,213,153,1183,2063.2400000000002,2.7914492753623192,United Kingdom,0.2898550724637681,0.0,5,412.64799999999997,625.85,236.6,39.4,3.0,0.013931437255960884,1073.33,989.91,0.9223516051864884,Future_Mid
14573,79,192,127,534,1639.82,4.540484581497798,United Kingdom,0.0881057268722467,0.30837004405286345,9,182.20222222222222,402.0,59.333333333333336,24.88888888888889,6.0,0.029416639045409344,870.9300000000001,768.89,0.8829722569472319,Future_Inactive
14576,272,0,1,12,35.400000000000006,2.95,United Kingdom,0.0,0.0,1,35.400000000000006,35.400000000000006,12.0,1.0,0.0,0.0,35.400000000000006,0.0,0.02747252747252747,Future_Inactive
14577,63,199,70,280,646.64,2.544111111111111,United Kingdom,0.4222222222222222,0.0,3,215.5466666666667,346.90000000000003,93.33333333333333,28.666666666666668,0.0,0.0,346.90000000000003,299.74,0.8644438056912905,Future_Low
14583,44,61,172,552,741.72,2.161032863849765,United Kingdom,0.0,0.0,4,185.43,303.29,138.0,49.5,0.0,0.0,0.0,741.72,742.72,Future_Low
14584,69,29,68,381,1033.06,3.491938775510204,United Kingdom,0.0,0.46938775510204084,4,258.265,344.81,95.25,24.5,1.0,0.012427585415750531,0.0,1033.06,1034.06,Future_Inactive
14586,176,0,19,444,237.36,0.6984210526315789,United Kingdom,0.0,0.0,1,237.36,237.36,444.0,19.0,8.0,0.30303030303030304,237.36,0.0,0.004195334787716059,Future_Inactive
14587,84,147,166,716,1452.68,2.286125356125356,United Kingdom,0.0,0.0,8,181.585,208.05,89.5,43.375,1.0,0.0019923329531870457,1064.35,388.33,0.36544797484394803,Future_Low
14589,271,0,3,5,39.75,7.95,United Kingdom,0.0,0.0,1,39.75,39.75,5.0,3.0,0.0,0.0,39.75,0.0,0.024539877300613498,Future_Inactive
14591,113,0,33,91,204.02,3.570540540540541,United Kingdom,0.0,0.0,1,204.02,204.02,91.0,33.0,0.0,0.0,0.0,204.02,205.02,Future_High
14593,98,0,54,118,339.59,2.76890625,United Kingdom,0.0,0.0,2,169.795,219.76999999999998,59.0,30.5,0.0,0.0,0.0,339.59,340.59,Future_Low
14594,273,0,31,146,255.0,3.008709677419355,United Kingdom,0.0,0.0,1,255.0,255.0,146.0,31.0,0.0,0.0,255.0,0.0,0.00390625,Future_Low
14595,213,0,5,76,163.8,2.21,United Kingdom,1.0,0.0,1,163.8,163.8,76.0,5.0,0.0,0.0,163.8,0.0,0.006067961165048544,Future_High
14597,91,0,3,118,165.1,1.3833333333333335,United Kingdom,0.0,0.0,1,165.1,165.1,118.0,3.0,0.0,0.0,0.0,165.1,166.1,Future_Mid
14600,205,0,25,125,393.33000000000004,5.3628,United Kingdom,0.0,0.0,1,393.33000000000004,393.33000000000004,125.0,25.0,0.0,0.0,393.33000000000004,0.0,0.002535947049425608,Future_Inactive
14603,174,0,2,400,660.0,1.65,United Kingdom,0.0,0.0,1,660.0,660.0,400.0,2.0,0.0,0.0,660.0,0.0,0.0015128593040847202,Future_Inactive
14606,3,269,707,4733,9280.05,2.942439526505404,United Kingdom,0.17961914565105508,0.0,69,134.49347826086955,338.83,68.59420289855072,28.0,43.0,0.01928241026957964,5726.52,3553.53,0.6206054278291476,Future_High
14607,161,0,3,300,495.0,1.6499999999999997,United Kingdom,0.0,0.0,1,495.0,495.0,300.0,3.0,0.0,0.0,495.0,0.0,0.0020161290322580645,Future_High
14608,262,0,1,48,204.0,4.25,United Kingdom,1.0,0.0,1,204.0,204.0,48.0,1.0,0.0,0.0,204.0,0.0,0.004878048780487805,Future_High
14609,43,153,2,6306,486.36,0.10999999999999999,United Kingdom,0.0,0.0,3,162.12,191.16,2102.0,1.0,0.0,0.0,144.0,342.36,2.368,Future_Low
14616,142,74,2,104,406.08000000000004,3.44,United Kingdom,0.0,0.0,3,135.36,237.60000000000002,34.666666666666664,1.0,0.0,0.0,406.08000000000004,0.0,0.002456519603026432,Future_Inactive
14618,237,0,5,92,211.8,3.55,United Kingdom,0.0,0.0,1,211.8,211.8,92.0,5.0,1.0,0.06551952349437459,211.8,0.0,0.004699248120300752,Future_Low
14619,145,0,20,152,394.44,4.706,United Kingdom,0.0,0.0,1,394.44,394.44,152.0,20.0,2.0,0.03647067445098566,394.44,0.0,0.0025288286465709083,Future_Inactive
14620,105,78,26,214,412.78000000000003,3.4223076923076925,United Kingdom,0.0,0.0,2,206.39,235.35,107.0,13.0,4.0,0.04510965115203109,235.35,177.43,0.7549397080600805,Future_Inactive
14621,56,201,45,410,1002.91,3.2238297872340427,United Kingdom,0.3617021276595745,0.0,3,334.30333333333334,366.6,136.66666666666666,15.666666666666666,4.0,0.022037815330908525,305.7,697.21,2.2765242908379526,Future_Mid
14622,84,0,21,146,320.58000000000004,3.212380952380953,United Kingdom,0.0,0.0,1,320.58000000000004,320.58000000000004,146.0,21.0,0.0,0.0,0.0,320.58000000000004,321.58000000000004,Future_Inactive
14623,16,118,88,265,606.16,3.019142857142857,United Kingdom,0.0,0.0,3,202.05333333333337,208.3,88.33333333333333,34.666666666666664,0.0,0.0,0.0,606.16,607.16,Future_Low
14625,96,164,51,335,899.63,4.738490566037736,United Kingdom,0.0,0.0,2,449.815,585.53,167.5,26.5,4.0,0.053797934327604706,585.53,314.1,0.5372274222972397,Future_Inactive
14626,22,110,64,879,1571.29,2.4189855072463766,United Kingdom,0.0,0.0,2,785.645,984.39,439.5,34.5,2.0,0.011014671542494603,0.0,1571.29,1572.29,Future_High
14628,142,0,12,106,331.58000000000004,5.0975,United Kingdom,0.0,0.0,1,331.58000000000004,331.58000000000004,106.0,12.0,0.0,0.0,331.58000000000004,0.0,0.0030067953575079677,Future_Low
14631,135,63,24,352,630.08,2.5808,United Kingdom,0.0,0.0,2,315.03999999999996,320.58,176.0,12.5,0.0,0.0,309.5,320.58,1.035684380032206,Future_Mid
14632,162,0,8,96,114.56,2.54,United Kingdom,0.0,0.0,1,114.56,114.56,96.0,8.0,0.0,0.0,114.56,0.0,0.008653513326410522,Future_Inactive
14633,166,0,20,96,344.90000000000003,5.4025,United Kingdom,0.0,0.0,1,344.90000000000003,344.90000000000003,96.0,20.0,0.0,0.0,344.90000000000003,0.0,0.0028910089621277824,Future_Inactive
14636,168,0,16,117,300.19,3.1862500000000002,United Kingdom,0.0,0.0,1,300.19,300.19,117.0,16.0,0.0,0.0,300.19,0.0,0.00332016335203692,Future_Low
14639,20,240,93,789,1989.23,5.375652173913044,United Kingdom,0.0,0.0,4,497.3075,676.54,197.25,28.75,3.0,0.015904975808606,1235.13,754.1,0.6108580812697694,Future_High
14640,27,99,63,572,1483.3600000000001,4.054383561643836,United Kingdom,0.0,0.0,4,370.84000000000003,496.24,143.0,18.25,3.0,0.011099926000493327,0.0,1483.3600000000001,1484.3600000000001,Future_Mid
14643,70,187,30,815,693.8100000000001,1.586774193548387,United Kingdom,0.0,0.0,2,346.905,357.94,407.5,15.5,3.0,0.035048191262986604,357.94,335.87,0.9385134005683401,Future_Inactive
14644,198,0,8,66,187.50000000000003,2.8,United Kingdom,0.0,0.0,1,187.50000000000003,187.50000000000003,66.0,8.0,0.0,0.0,187.50000000000003,0.0,0.005305039787798407,Future_Mid
14645,56,118,28,381,597.09,3.622,United Kingdom,0.0,0.0,2,298.545,356.99,190.5,15.0,0.0,0.0,240.10000000000002,356.99,1.4848195769390293,Future_Inactive
14646,5,249,492,126731,176355.94,2.2756084656084656,Netherlands,0.039304610733182165,0.0,40,4408.8985,19150.66,3168.275,33.075,5.0,0.004049178829921726,81612.62,94743.32,1.160888586978497,Future_High
14647,101,0,24,91,236.04000000000002,2.413214285714286,United Kingdom,1.0,0.0,1,236.04000000000002,236.04000000000002,91.0,24.0,0.0,0.0,0.0,236.04000000000002,237.04000000000002,Future_Inactive
14649,112,0,48,349,582.12,3.65875,United Kingdom,0.0,0.0,2,291.06,399.67,174.5,24.0,0.0,0.0,0.0,582.12,583.12,Future_Mid
14651,111,0,59,185,415.47,3.558135593220339,United Kingdom,0.0,0.0,1,415.47,415.47,185.0,59.0,0.0,0.0,0.0,415.47,416.47,Future_Low
14653,238,0,29,305,344.81,3.0417241379310345,United Kingdom,0.0,0.0,1,344.81,344.81,305.0,29.0,0.0,0.0,344.81,0.0,0.0028917613718515947,Future_High
14655,122,0,14,522,810.56,1.55,United Kingdom,1.0,0.0,1,810.56,810.56,522.0,14.0,0.0,0.0,0.0,810.56,811.56,Future_High
14656,69,114,73,120,291.05,2.7685,United Kingdom,0.0,0.0,2,145.525,157.94,60.0,38.0,0.0,0.0,133.11,157.94,1.1851465215121912,Future_Inactive
14657,55,171,83,339,638.94,2.9126881720430107,United Kingdom,0.0,0.1827956989247312,3,212.98000000000002,416.08,113.0,30.333333333333332,1.0,0.01533387785294888,524.4,114.54,0.21990864103540161,Future_Low
14658,17,0,14,23,123.14,6.838571428571429,United Kingdom,1.0,0.0,1,123.14,123.14,23.0,14.0,0.0,0.0,0.0,123.14,124.14,Future_Low
14659,45,169,107,767,1641.55,3.12515923566879,United Kingdom,0.3375796178343949,0.0,6,273.59166666666664,593.17,127.83333333333333,26.0,6.0,0.04280008163503309,1002.89,638.66,0.6371813644921256,Future_Mid
14660,0,0,14,104,128.95,2.837857142857143,United Kingdom,0.0,0.0,1,128.95,128.95,104.0,14.0,0.0,0.0,0.0,128.95,129.95,Future_Low
14662,134,81,82,322,512.28,2.7413793103448274,United Kingdom,0.0,0.0,3,170.76,260.03,107.33333333333333,28.0,0.0,0.0,356.98,155.3,0.4366165707581429,Future_Low
14665,196,14,41,268,731.66,5.0580487804878045,United Kingdom,0.0,0.0,3,243.88666666666668,394.40000000000003,89.33333333333333,13.666666666666666,2.0,0.02375043364555814,731.66,0.0,0.001364889580432943,Future_Mid
14667,13,255,265,3103,5428.66,3.1742708333333334,United Kingdom,0.0859375,0.0,17,319.33294117647057,686.15,182.52941176470588,22.41176470588235,3.0,0.0018386882062861073,3119.92,2308.7400000000002,0.7400830524332569,Future_High
14669,141,90,158,770,1259.24,2.7163855421686747,United Kingdom,0.0,0.0,3,419.74666666666667,421.95,256.6666666666667,53.666666666666664,0.0,0.0,1259.24,0.0,0.0007934996508601537,Future_Inactive
14670,180,0,107,326,392.86,1.6123577235772357,United Kingdom,0.0,0.0,2,196.43,296.62,163.0,59.0,0.0,0.0,392.86,0.0,0.0025389732392220583,Future_Inactive
14672,134,101,58,454,765.55,2.921639344262295,United Kingdom,0.0,0.0,2,382.775,480.27,227.0,30.5,0.0,0.0,285.28000000000003,480.27,1.6811163895486934,Future_Inactive
14673,267,0,15,213,373.49,2.1546666666666665,United Kingdom,0.0,0.0,1,373.49,373.49,213.0,15.0,0.0,0.0,373.49,0.0,0.0026702982723170177,Future_High
14676,47,135,19,1824,1690.92,1.6017857142857144,United Kingdom,0.0,0.0,4,422.73,556.32,456.0,7.0,2.0,0.002948252276050757,556.32,1134.6000000000001,2.037608555228594,Future_Mid
14680,21,249,70,11548,24196.4,2.353318385650224,United Kingdom,0.0,0.0,13,1861.2615384615385,3609.8,888.3076923076923,17.153846153846153,33.0,0.008185734605121309,10462.58,13733.82,1.3126310497936653,Future_High
14681,111,0,5,48,393.95,8.59,United Kingdom,0.0,0.0,1,393.95,393.95,48.0,5.0,0.0,0.0,0.0,393.95,394.95,Future_Low
14682,87,13,1,80,52.0,0.65,United Kingdom,1.0,0.0,2,26.0,31.200000000000003,40.0,1.0,0.0,0.0,0.0,52.0,53.0,Future_Inactive
14684,115,147,140,270,493.44,2.058242424242424,United Kingdom,1.0,0.0,2,246.72,325.08,135.0,82.0,0.0,0.0,168.36,325.08,1.9253660840812468,Future_Mid
14687,6,0,15,470,628.38,2.27,United Kingdom,0.0,0.0,1,628.38,628.38,470.0,15.0,0.0,0.0,0.0,628.38,629.38,Future_Inactive
14688,29,244,110,2748,3831.37,1.9078512396694214,United Kingdom,0.0,0.0,15,255.4246666666667,444.98,183.2,15.933333333333334,3.0,0.004957849192044588,2239.92,1591.45,0.7106233154240222,Future_High
14689,108,0,13,76,112.8,2.180769230769231,United Kingdom,1.0,0.0,1,112.8,112.8,76.0,13.0,0.0,0.0,0.0,112.8,113.8,Future_Inactive
14690,51,0,28,84,212.56,3.018214285714286,United Kingdom,0.0,0.0,1,212.56,212.56,84.0,28.0,4.0,0.05801019277642367,0.0,212.56,213.56,Future_Low
14691,112,0,17,162,439.6,3.394117647058824,United Kingdom,0.0,0.0,1,439.6,439.6,162.0,17.0,0.0,0.0,0.0,439.6,440.6,Future_High
14692,37,185,53,265,591.55,2.932352941176471,United Kingdom,0.17647058823529413,0.0,4,147.88750000000002,259.6,66.25,16.0,1.0,0.015805673404874803,380.85,210.70000000000002,0.5544061804373445,Future_Inactive
14693,164,0,8,34,172.9,3.475,United Kingdom,1.0,0.0,1,172.9,172.9,34.0,8.0,0.0,0.0,172.9,0.0,0.005750431282346175,Future_Inactive
14696,19,253,83,1086,1458.54,2.5561111111111114,United Kingdom,0.17777777777777778,0.0,5,291.70799999999997,298.79,217.2,18.0,3.0,0.0054414532362327146,872.6,585.94,0.6718635531135532,Future_Mid
14697,118,0,22,181,188.60999999999999,3.2372727272727273,United Kingdom,0.0,0.0,2,94.30499999999999,99.21,90.5,11.0,0.0,0.0,0.0,188.60999999999999,189.60999999999999,Future_Inactive
14699,114,0,8,77,109.13000000000001,2.21125,United Kingdom,0.0,0.0,1,109.13000000000001,109.13000000000001,77.0,8.0,0.0,0.0,0.0,109.13000000000001,110.13000000000001,Future_Inactive
14700,89,48,56,848,1541.1,2.559078947368421,United Kingdom,0.0,0.0,2,770.55,819.55,424.0,37.5,0.0,0.0,721.55,819.55,1.1356307521970799,Future_Mid
14701,72,143,188,666,1941.43,3.402649572649573,United Kingdom,0.17094017094017094,0.0,7,277.34714285714284,567.44,95.14285714285714,32.285714285714285,15.0,0.03150285845414002,1733.9,207.53,0.12019712951755143,Future_Mid
14702,16,248,106,636,1651.25,3.954857142857143,United Kingdom,0.11428571428571428,0.7085714285714285,9,183.47222222222223,310.45,70.66666666666667,19.444444444444443,0.0,0.0,1185.7,465.55,0.39314906884638073,Future_High
14704,42,37,56,101,207.5,2.5588524590163937,United Kingdom,0.4262295081967213,0.0,2,103.75,106.75,50.5,29.5,0.0,0.0,0.0,207.5,208.5,Future_High
14705,98,0,1,100,179.0,1.79,United Kingdom,0.0,0.0,1,179.0,179.0,100.0,1.0,0.0,0.0,0.0,179.0,180.0,Future_Inactive
14708,54,214,12,410,701.1800000000001,3.213571428571428,United Kingdom,0.0,0.0,2,350.59000000000003,419.06,205.0,7.0,1.0,0.04063594570928196,419.06,282.12,0.6739989525305908,Future_Mid
14709,12,246,64,1662,3364.44,3.103333333333333,United Kingdom,0.21014492753623187,0.0,8,420.555,546.9,207.75,17.25,1.0,0.002933907075161365,1183.3,2181.14,1.842556784598497,Future_High
14711,9,153,146,705,2056.73,5.207545454545455,United Kingdom,0.1590909090909091,0.0,8,257.09125,526.5,88.125,27.125,2.0,0.014659876492935951,409.09,1647.6399999999999,4.02019068984857,Future_Mid
14712,12,0,7,102,115.72,3.414285714285714,United Kingdom,0.0,0.0,1,115.72,115.72,102.0,7.0,0.0,0.0,0.0,115.72,116.72,Future_Mid
14713,27,237,121,1125,1821.8799999999999,2.51522633744856,United Kingdom,0.0,0.551440329218107,8,227.735,372.24,140.625,30.25,2.0,0.0011513284136887467,909.61,912.27,1.0029211188104676,Future_Mid
14715,198,32,21,128,247.45,3.2786363636363633,United Kingdom,0.0,0.0,2,123.725,137.95,64.0,11.0,0.0,0.0,247.45,0.0,0.004024954719259409,Future_Mid
14716,48,0,19,319,181.72,1.3990909090909092,United Kingdom,0.0,0.0,1,181.72,181.72,319.0,19.0,0.0,0.0,0.0,181.72,182.72,Future_Low
14719,79,69,70,398,488.12,2.121038961038961,United Kingdom,0.0,0.0,2,244.06,264.66,199.0,38.5,0.0,0.0,223.46,264.66,1.1835516350351956,Future_High
14720,26,0,9,40,155.8,7.216666666666667,United Kingdom,0.0,0.0,1,155.8,155.8,40.0,9.0,0.0,0.0,0.0,155.8,156.8,Future_Mid
14722,47,0,28,118,180.42000000000002,3.0035714285714286,United Kingdom,0.0,0.0,1,180.42000000000002,180.42000000000002,118.0,28.0,0.0,0.0,0.0,180.42000000000002,181.42000000000002,Future_Inactive
14723,258,13,68,199,455.65,3.164642857142857,United Kingdom,0.0,0.5,3,151.88333333333335,208.46,66.33333333333333,27.0,0.0,0.0,455.65,0.0,0.0021898609438300667,Future_Mid
14727,174,0,10,62,268.58,7.0840000000000005,United Kingdom,0.0,0.0,1,268.58,268.58,62.0,10.0,0.0,0.0,268.58,0.0,0.003709473996587284,Future_Inactive
14729,273,0,69,197,313.49,2.159154929577465,United Kingdom,0.0,0.0,1,313.49,313.49,197.0,69.0,0.0,0.0,313.49,0.0,0.0031797513434449424,Future_Inactive
14730,7,169,142,509,872.13,2.727734806629834,United Kingdom,0.0,0.0,5,174.426,250.87,101.8,35.8,0.0,0.0,367.28000000000003,504.85,1.3735473009666557,Future_High
14731,105,6,23,182,251.01999999999998,1.9083333333333334,United Kingdom,0.0,0.0,2,125.50999999999999,127.66,91.0,14.5,0.0,0.0,0.0,251.01999999999998,252.01999999999998,Future_Low
14732,43,195,72,960,1618.3,2.9802127659574467,United Kingdom,0.0,0.0,5,323.65999999999997,470.88,192.0,18.8,1.0,0.00608033411128854,673.98,944.32,1.4005155708317283,Future_High
14733,10,257,98,3645,9044.2,3.8635789473684214,United Kingdom,0.03684210526315789,0.0,11,822.2,1830.02,331.3636363636364,17.272727272727273,12.0,0.013301156868991458,7560.32,1483.88,0.19637841011886817,Future_Mid
14735,10,247,66,1321,3496.31,3.3730252100840334,United Kingdom,0.03361344537815126,0.0,22,158.9231818181818,398.6,60.04545454545455,5.409090909090909,11.0,0.0687210166448695,1541.85,1954.46,1.2674336455261368,Future_High
14737,28,224,13,303,1081.75,3.8459999999999996,United Kingdom,0.0,0.0,2,540.875,647.75,151.5,7.5,0.0,0.0,434.0,647.75,1.4913793103448276,Future_Low
14738,33,182,28,351,757.6500000000001,2.9296969696969697,United Kingdom,0.0,0.0,5,151.53000000000003,231.96,70.2,6.6,1.0,0.005982603219585154,367.47,390.18,1.0616332401552364,Future_Mid
14739,119,147,23,1074,1307.6200000000001,2.4316666666666666,United Kingdom,0.0,0.0,3,435.8733333333333,713.88,358.0,8.0,0.0,0.0,943.44,364.18,0.3866629960611579,Future_High
14740,97,86,85,735,1448.21,2.8922471910112364,United Kingdom,0.0,0.38202247191011235,3,482.7366666666667,555.71,245.0,29.666666666666668,4.0,0.016969746336231765,521.1,927.11,1.7776479601608888,Future_Inactive
14741,13,259,25,558,864.96,2.439722222222222,United Kingdom,0.0,0.0,4,216.24,310.8,139.5,9.0,0.0,0.0,495.3,369.66,0.7468466653233932,Future_Mid
14744,197,69,14,519,928.03,2.8052941176470587,United Kingdom,0.0,0.0,5,185.606,327.98,103.8,3.4,2.0,0.012187593136628773,928.03,0.0,0.0010763915051182416,Future_Low
14745,12,172,46,1038,1220.26,1.6594202898550725,United Kingdom,0.10144927536231885,0.0,5,244.052,341.07,207.6,13.8,1.0,0.0417006973675944,240.60000000000002,979.66,4.059023178807947,Future_Inactive
14747,149,0,18,84,328.2,5.800000000000001,United Kingdom,0.0,0.0,1,328.2,328.2,84.0,18.0,1.0,0.09362054681027342,328.2,0.0,0.003037667071688943,Future_Inactive
14748,23,245,75,1061,1118.77,1.7928000000000002,United Kingdom,0.0,0.0,4,279.6925,412.22,265.25,18.75,3.0,0.08502285868507357,470.42,648.35,1.377434135166094,Future_Low
14754,195,0,15,173,228.26999999999998,2.772,United Kingdom,0.0,0.0,1,228.26999999999998,228.26999999999998,173.0,15.0,0.0,0.0,228.26999999999998,0.0,0.004361669647140926,Future_Mid
14755,12,221,103,1241,2867.6800000000003,4.2805369127516775,United Kingdom,0.18120805369127516,0.0,7,409.6685714285714,560.27,177.28571428571428,21.285714285714285,2.0,0.015415885572241793,1302.24,1565.44,1.2019581964948898,Future_High
14758,44,114,54,419,1484.06,6.657605633802817,United Kingdom,0.0,0.0,4,371.015,654.75,104.75,17.75,0.0,0.0,654.75,829.31,1.2661990087685855,Future_Inactive
14759,12,119,47,247,870.85,6.488461538461538,United Kingdom,0.0,0.0,2,435.425,572.25,123.5,26.0,0.0,0.0,0.0,870.85,871.85,Future_Mid
14760,197,0,5,40,89.2,2.87,United Kingdom,0.0,0.0,1,89.2,89.2,40.0,5.0,2.0,0.28410914927768866,89.2,0.0,0.011086474501108647,Future_Inactive
14761,234,0,7,58,97.5,1.9642857142857142,United Kingdom,1.0,0.0,1,97.5,97.5,58.0,7.0,0.0,0.0,97.5,0.0,0.01015228426395939,Future_Low
14762,163,0,21,341,300.52,1.3342857142857143,United Kingdom,0.0,0.0,1,300.52,300.52,341.0,21.0,0.0,0.0,300.52,0.0,0.0033165295834438847,Future_Inactive
14765,12,63,8,22,95.5,3.90625,United Kingdom,0.0,0.875,2,47.75,80.5,11.0,4.0,0.0,0.0,0.0,95.5,96.5,Future_Low
14766,68,197,85,984,1531.32,2.408709677419355,United Kingdom,0.0,0.0,4,382.83,628.66,246.0,23.25,2.0,0.03180283506784183,809.06,722.26,0.8928474433992544,Future_Mid
14768,27,0,4,40,133.20000000000002,3.6500000000000004,United Kingdom,0.0,0.0,1,133.20000000000002,133.20000000000002,40.0,4.0,0.0,0.0,0.0,133.20000000000002,134.20000000000002,Future_Low
14769,8,249,478,4329,6284.84,2.716362229102167,United Kingdom,0.8312693498452013,0.0,6,1047.4733333333334,2454.11,721.5,104.83333333333333,2.0,0.0016123933477257312,3180.14,3104.7,0.9762852310806818,Future_High
14770,132,90,49,490,876.42,3.4444230769230773,United Kingdom,0.0,0.0,2,438.21,597.8199999999999,245.0,26.0,0.0,0.0,278.6,597.8199999999999,2.141702432045779,Future_Inactive
14772,12,0,9,82,139.26,3.508888888888889,United Kingdom,0.0,0.0,1,139.26,139.26,82.0,9.0,0.0,0.0,0.0,139.26,140.26,Future_Inactive
14775,37,234,39,802,701.46,1.0254999999999999,United Kingdom,0.0,0.0,2,350.73,406.56,401.0,20.0,0.0,0.0,406.56,294.9,0.7260280694867013,Future_Low
14776,5,207,44,2230,1862.22,1.0372619047619047,United Kingdom,0.0,0.09523809523809523,8,232.7775,558.36,278.75,10.5,1.0,0.006657065130420867,558.36,1303.86,2.332773169336384,Future_Low
14778,27,181,34,306,730.86,3.1414285714285715,United Kingdom,0.0,0.0,2,365.43,396.81,153.0,17.5,0.0,0.0,334.05,396.81,1.1873153260707356,Future_Inactive
14779,180,43,40,84,386.15,6.824390243902439,United Kingdom,0.0,0.0,3,128.71666666666667,262.55,28.0,13.666666666666666,0.0,0.0,386.15,0.0,0.0025829781738344313,Future_Inactive
14782,219,0,6,114,200.10000000000002,2.516666666666667,United Kingdom,0.0,0.0,1,200.10000000000002,200.10000000000002,114.0,6.0,0.0,0.0,200.10000000000002,0.0,0.004972650422675286,Future_Inactive
14784,223,0,4,56,114.68,2.1075,United Kingdom,0.0,0.0,1,114.68,114.68,56.0,4.0,0.0,0.0,114.68,0.0,0.008644536652835407,Future_Low
14790,19,134,22,384,364.04,1.272857142857143,United Kingdom,0.0,0.0,2,182.01999999999998,211.88,192.0,14.0,0.0,0.0,152.16,211.88,1.3899190389135545,Future_Mid
14794,103,130,37,311,679.54,4.6495,United Kingdom,0.225,0.0,4,169.885,283.03,77.75,10.0,1.0,0.04751625925095313,479.08,200.45999999999998,0.4196383936010665,Future_Mid
14795,66,0,6,17,131.45000000000002,7.333333333333333,United Kingdom,1.0,0.0,1,131.45000000000002,131.45000000000002,17.0,6.0,0.0,0.0,0.0,131.45000000000002,132.45000000000002,Future_Inactive
14796,7,259,325,4384,5748.12,1.9702511961722489,United Kingdom,0.0,0.0,13,442.1630769230769,671.21,337.2307692307692,63.76923076923077,22.0,0.028978015629276006,3055.88,2692.2400000000002,0.8810421082934234,Future_High
14798,44,165,7,104,97.4,1.155,United Kingdom,0.0,0.0,2,48.7,75.68,52.0,4.0,0.0,0.0,75.68,21.72,0.2962962962962963,Future_Low
14800,9,260,209,3154,3832.49,2.1575617283950614,United Kingdom,0.845679012345679,0.0,9,425.8322222222222,796.26,350.44444444444446,35.55555555555556,6.0,0.025243276513706402,2382.89,1449.6,0.6085012311809689,Future_Mid
14803,62,130,35,370,845.55,2.886590909090909,United Kingdom,0.3181818181818182,0.0,3,281.84999999999997,542.15,123.33333333333333,13.666666666666666,0.0,0.0,730.79,114.76,0.15818745815056234,Future_Inactive
14805,213,0,19,29,109.25,4.3921052631578945,United Kingdom,1.0,0.0,1,109.25,109.25,29.0,19.0,0.0,0.0,109.25,0.0,0.009070294784580499,Future_Mid
14808,44,28,146,1241,1833.82,3.850540540540541,United Kingdom,0.2810810810810811,0.0,6,305.6366666666667,667.72,206.83333333333334,30.0,4.0,0.15327112297243012,0.0,1833.82,1834.82,Future_Mid
14810,3,265,97,912,1866.78,2.2740789473684213,United Kingdom,0.6929824561403509,0.0,10,186.67800000000003,352.23,91.2,22.6,0.0,0.0,1079.25,787.53,0.7299514001388567,Future_Low
14813,269,0,25,66,152.88,2.8358620689655174,United Kingdom,1.0,0.0,2,76.44,125.43,33.0,13.0,0.0,0.0,152.88,0.0,0.006498570314530804,Future_Inactive
14816,97,0,4,5,271.85,66.475,United Kingdom,0.0,0.0,1,271.85,271.85,5.0,4.0,0.0,0.0,0.0,271.85,272.85,Future_Inactive
14817,100,76,52,655,1110.34,3.531428571428571,United Kingdom,0.0,0.0,2,555.1700000000001,580.79,327.5,31.5,0.0,0.0,580.79,529.5500000000001,0.9119269839632859,Future_Inactive
14818,69,84,23,202,409.63,4.029599999999999,United Kingdom,0.0,0.0,2,204.815,291.38,101.0,12.5,0.0,0.0,118.25,291.38,2.4518238993710693,Future_Low
14819,92,0,3,48,84.72,2.896666666666667,United Kingdom,0.0,0.0,1,84.72,84.72,48.0,3.0,0.0,0.0,0.0,84.72,85.72,Future_Low
14820,73,0,8,87,139.77,2.3600000000000003,United Kingdom,1.0,0.0,1,139.77,139.77,87.0,8.0,0.0,0.0,0.0,139.77,140.77,Future_Low
14821,266,0,2,20,48.800000000000004,2.5250000000000004,United Kingdom,0.0,0.0,1,48.800000000000004,48.800000000000004,20.0,2.0,0.0,0.0,48.800000000000004,0.0,0.020080321285140562,Future_Inactive
14823,80,14,56,88,321.43,4.234714285714285,United Kingdom,1.0,0.0,3,107.14333333333333,142.0,29.333333333333332,23.333333333333332,0.0,0.0,0.0,321.43,322.43,Future_Inactive
14825,27,240,68,540,1333.47,2.8586585365853656,United Kingdom,0.0,0.0,7,190.49571428571429,247.4,77.14285714285714,11.285714285714286,0.0,0.0,879.27,454.20000000000005,0.5171140672748135,Future_Mid
14828,96,140,17,2172,2139.76,2.853529411764706,United Kingdom,0.0,0.0,3,713.2533333333334,1063.8400000000001,724.0,5.666666666666667,0.0,0.0,1075.92,1063.8400000000001,0.988782825093786,Future_Inactive
14829,84,187,33,364,531.63,2.046470588235294,United Kingdom,0.0,0.0,3,177.21,236.97,121.33333333333333,11.333333333333334,3.0,0.09050005987716628,385.33,146.3,0.38128025263375875,Future_Low
14834,20,119,18,180,429.3,3.6961904761904765,United Kingdom,0.0,0.0,2,214.65,243.69,90.0,10.5,2.0,0.03256338028169014,243.69,185.61,0.7626384404757041,Future_High
14837,5,96,82,1226,1345.56,1.7553333333333332,United Kingdom,0.7222222222222222,0.0,3,448.52,492.26,408.6666666666667,30.0,0.0,0.0,0.0,1345.56,1346.56,Future_Low
14840,167,0,4,31,62.85,3.05,United Kingdom,0.0,0.0,1,62.85,62.85,31.0,4.0,0.0,0.0,62.85,0.0,0.015661707126076743,Future_Inactive
14841,79,179,88,1235,2375.57,3.353679245283019,United Kingdom,0.0,0.0,4,593.8925,789.9,308.75,26.5,0.0,0.0,1781.8500000000001,593.72,0.33357825952828335,Future_Mid
14842,91,116,77,633,1688.48,7.315384615384616,United Kingdom,0.0,0.0,2,844.24,1378.48,316.5,39.0,3.0,0.15395369113056376,310.0,1378.48,4.435627009646303,Future_High
14844,23,118,64,1301,2257.6800000000003,3.13367816091954,United Kingdom,0.0,0.0,3,752.5600000000001,874.5500000000001,433.6666666666667,29.0,0.0,0.0,874.5500000000001,1383.13,1.5808691679515734,Future_Mid
14847,48,0,13,120,309.4,3.753076923076923,United Kingdom,0.0,0.0,1,309.4,309.4,120.0,13.0,0.0,0.0,0.0,309.4,310.4,Future_Inactive
14849,19,253,115,3624,5025.25,2.581814671814672,United Kingdom,0.0,0.16216216216216217,15,335.01666666666665,813.89,241.6,17.266666666666666,2.0,0.001331491767605004,1850.3700000000001,3174.88,1.7154215526880094,Future_High
14850,211,0,21,293,325.75,1.4904761904761905,United Kingdom,0.0,0.0,1,325.75,325.75,293.0,21.0,1.0,0.12749430828980848,325.75,0.0,0.00306044376434583,Future_Inactive
14851,156,0,14,139,206.13,2.8907142857142856,United Kingdom,0.0,0.0,1,206.13,206.13,139.0,14.0,0.0,0.0,206.13,0.0,0.004827885868778062,Future_Low
14852,40,111,54,1013,1634.21,3.280126582278481,United Kingdom,0.0,0.0,4,408.5525,564.61,253.25,19.75,0.0,0.0,490.4,1143.81,2.3296906796906796,Future_High
14853,111,0,3,34,214.5,5.283333333333333,United Kingdom,0.0,0.0,1,214.5,214.5,34.0,3.0,0.0,0.0,0.0,214.5,215.5,Future_Low
14854,33,141,95,1429,2281.83,2.8387155963302755,United Kingdom,0.0,0.0,6,380.305,707.05,238.16666666666666,18.166666666666668,4.0,0.0043372589745044226,655.36,1626.47,2.479538667804254,Future_Mid
14855,19,15,13,267,645.65,4.67,United Kingdom,0.0,0.0,2,322.82500000000005,339.3,133.5,10.0,0.0,0.0,0.0,645.65,646.65,Future_Inactive
14857,48,0,29,188,522.52,5.449310344827587,United Kingdom,0.0,0.0,1,522.52,522.52,188.0,29.0,1.0,0.014094605558595444,0.0,522.52,523.52,Future_Mid
14859,104,0,11,209,296.86,1.5345454545454544,United Kingdom,0.0,0.0,1,296.86,296.86,209.0,11.0,1.0,0.005693997856377277,0.0,296.86,297.86,Future_High
14862,48,0,21,430,304.09999999999997,1.3057142857142858,United Kingdom,0.0,0.0,1,304.09999999999997,304.09999999999997,430.0,21.0,0.0,0.0,0.0,304.09999999999997,305.09999999999997,Future_Mid
14865,272,0,3,96,37.2,0.4533333333333333,United Kingdom,0.0,1.0,1,37.2,37.2,96.0,3.0,0.0,0.0,37.2,0.0,0.026178010471204185,Future_Low
14866,5,260,25,552,1163.9,4.705185185185186,United Kingdom,0.0,0.0,4,290.97499999999997,940.8,138.0,6.75,0.0,0.0,103.67999999999999,1060.22,10.137753152464656,Future_High
14867,85,150,31,328,710.28,3.7750000000000004,United Kingdom,0.0,0.0,3,236.76,313.4,109.33333333333333,12.0,1.0,0.012443863576324678,300.74,409.54,1.360575329754093,Future_Inactive
14868,20,113,59,689,1297.07,3.093611111111111,United Kingdom,0.0,0.0,4,324.2675,439.74,172.25,18.0,0.0,0.0,0.0,1297.07,1298.07,Future_High
14869,3,0,48,354,387.06,2.3442857142857143,United Kingdom,1.0,0.0,1,387.06,387.06,354.0,48.0,0.0,0.0,0.0,387.06,388.06,Future_Low
14870,161,0,13,119,327.25,3.0461538461538464,United Kingdom,0.0,0.0,1,327.25,327.25,119.0,13.0,0.0,0.0,327.25,0.0,0.0030464584920030465,Future_Inactive
14871,78,182,44,109,335.3,3.3691379310344827,United Kingdom,0.0,0.0,3,111.76666666666667,120.95,36.333333333333336,19.333333333333332,0.0,0.0,229.15,106.15,0.4655659352596133,Future_Low
14873,110,0,28,168,519.68,4.994285714285715,United Kingdom,0.0,0.0,1,519.68,519.68,168.0,28.0,0.0,0.0,0.0,519.68,520.68,Future_Inactive
14875,7,155,46,558,1465.3200000000002,4.418936170212766,United Kingdom,0.0,0.0,2,732.66,1103.32,279.0,23.5,2.0,0.0086931814337999,362.0,1103.32,3.0422038567493113,Future_Inactive
14878,73,184,51,627,1083.02,2.557777777777778,United Kingdom,0.8395061728395061,0.0,6,180.50333333333333,322.01,104.5,13.333333333333334,0.0,0.0,631.78,451.24,0.7146875691393534,Future_Mid
14880,85,103,25,237,347.67,3.1868,United Kingdom,0.0,0.0,2,173.83499999999998,218.47,118.5,12.5,0.0,0.0,129.2,218.47,1.6856374807987713,Future_Low
14883,63,47,25,322,358.48,1.2531999999999999,United Kingdom,0.0,0.0,2,179.24,310.56,161.0,12.5,0.0,0.0,0.0,358.48,359.48,Future_Mid
14885,31,0,15,724,765.3199999999999,1.2686666666666668,United Kingdom,1.0,0.0,1,765.3199999999999,765.3199999999999,724.0,15.0,0.0,0.0,0.0,765.3199999999999,766.3199999999999,Future_Inactive
14886,152,0,18,160,364.8,3.1277777777777778,United Kingdom,0.0,0.0,1,364.8,364.8,160.0,18.0,0.0,0.0,364.8,0.0,0.002733734281027884,Future_Inactive
14888,107,0,20,184,369.2,2.21,United Kingdom,0.0,0.0,1,369.2,369.2,184.0,20.0,0.0,0.0,0.0,369.2,370.2,Future_Inactive
14889,236,0,10,90,135.9,2.2600000000000002,United Kingdom,0.0,0.0,1,135.9,135.9,90.0,10.0,0.0,0.0,135.9,0.0,0.007304601899196493,Future_Inactive
14890,153,0,7,51,125.65,2.9071428571428575,United Kingdom,0.0,0.0,1,125.65,125.65,51.0,7.0,0.0,0.0,125.65,0.0,0.007895775759968417,Future_Inactive
14891,48,39,30,505,554.38,1.6524242424242424,United Kingdom,0.8181818181818182,0.18181818181818182,2,277.19,449.38,252.5,16.5,0.0,0.0,0.0,554.38,555.38,Future_Inactive
14895,10,180,183,2426,6081.71,4.23418118466899,United Kingdom,0.24738675958188153,0.0,10,608.171,2346.34,242.6,28.7,6.0,0.01350373725052555,2846.69,3235.02,1.1363666691247993,Future_High
14896,104,160,43,279,468.77000000000004,2.397906976744186,United Kingdom,0.0,0.0,2,234.38500000000002,257.22,139.5,21.5,0.0,0.0,257.22,211.55,0.8231353109751375,Future_Inactive
14897,196,0,10,122,175.5,2.4,United Kingdom,0.0,0.0,1,175.5,175.5,122.0,10.0,0.0,0.0,175.5,0.0,0.0056657223796034,Future_High
14898,34,236,60,852,991.18,3.415294117647059,United Kingdom,0.0,0.0,5,198.236,380.25,170.4,13.0,3.0,0.0705189519683415,610.93,380.25,0.6230287778013825,Future_Low
14901,1,271,50,409,822.12,2.9298333333333333,United Kingdom,0.0,0.0,5,164.424,204.15,81.8,12.0,2.0,0.007604838125588469,497.04999999999995,325.07,0.6546933038851521,Future_Mid
14903,24,154,195,1330,2398.62,2.7478620689655173,United Kingdom,0.4896551724137931,0.0,4,599.655,686.47,332.5,71.75,9.0,0.026838203970350177,1110.46,1288.16,1.1598797977435085,Future_Mid
14905,57,76,14,287,616.15,2.3841176470588237,United Kingdom,0.0,0.0,2,308.07500000000005,308.55,143.5,8.5,1.0,0.025695762175838077,0.0,616.15,617.15,Future_Inactive
14907,47,220,86,933,1931.82,3.528695652173913,United Kingdom,0.0,0.0,4,482.95500000000004,971.13,233.25,23.0,1.0,0.0006466398009384037,960.69,971.13,1.010855889111876,Future_High
14911,5,268,1190,39424,74381.01,5.394265988372093,EIRE,0.07957848837209303,0.014534883720930232,106,701.7076415094339,4345.1,371.92452830188677,25.962264150943398,118.0,0.11665159207196663,29000.2,45380.81,1.5648252486104022,Future_High
14912,146,0,14,445,482.78999999999996,2.077857142857143,Italy,0.0,0.0,1,482.78999999999996,482.78999999999996,445.0,14.0,0.0,0.0,482.78999999999996,0.0,0.002067012546766159,Future_Low
14913,83,175,57,1362,917.15,1.251290322580645,United Kingdom,0.0,0.0,3,305.71666666666664,314.96,454.0,20.666666666666668,0.0,0.0,615.8299999999999,301.32,0.4901188333900751,Future_Low
14915,177,0,8,76,142.28,3.065,United Kingdom,0.0,0.0,1,142.28,142.28,76.0,8.0,0.0,0.0,142.28,0.0,0.006979341150195421,Future_Low
14916,49,174,42,604,701.28,2.1340476190476187,United Kingdom,0.0,0.0,2,350.64,406.22999999999996,302.0,21.0,2.0,0.0058688440928808365,295.05,406.22999999999996,1.375544671508191,Future_Mid
14918,15,38,39,675,1610.15,3.492666666666667,United Kingdom,0.0,0.0,2,805.075,844.73,337.5,22.5,0.0,0.0,0.0,1610.15,1611.15,Future_Inactive
14920,112,0,57,509,977.77,3.765438596491228,United Kingdom,0.0,0.0,2,488.885,572.24,254.5,28.5,0.0,0.0,0.0,977.77,978.77,Future_Inactive
14921,101,0,53,631,903.01,2.1269811320754717,United Kingdom,1.0,0.0,1,903.01,903.01,631.0,53.0,0.0,0.0,0.0,903.01,904.01,Future_Mid
14924,145,0,10,64,310.05,15.665000000000001,United Kingdom,0.0,0.0,1,310.05,310.05,64.0,10.0,0.0,0.0,310.05,0.0,0.003214917215881691,Future_Inactive
14930,8,165,116,1160,2362.96,4.1827559055118115,Channel Islands,0.0,0.0,3,787.6533333333333,1104.13,386.6666666666667,42.333333333333336,0.0,0.0,1104.13,1258.83,1.1399835313492528,Future_Inactive
14931,106,34,10,98,586.0,37.11,Channel Islands,0.0,0.0,2,293.0,293.0,49.0,5.0,1.0,0.3333333333333333,293.0,293.0,1.0,Future_Mid
14932,265,0,17,80,363.53,9.449411764705882,Channel Islands,0.0,0.0,1,363.53,363.53,80.0,17.0,0.0,0.0,363.53,0.0,0.0027432584423778567,Future_Inactive
14934,182,0,39,459,828.84,3.572307692307692,Channel Islands,0.0,0.0,1,828.84,828.84,459.0,39.0,0.0,0.0,828.84,0.0,0.0012050515762074617,Future_High
14935,197,0,10,935,1784.71,2.622,Channel Islands,0.0,0.0,1,1784.71,1784.71,935.0,10.0,0.0,0.0,1784.71,0.0,0.0005600013440032256,Future_Inactive
14936,8,167,124,2352,5072.88,3.8662100456621005,Channel Islands,0.0,0.0,3,1690.96,2060.0299999999997,784.0,73.0,0.0,0.0,1576.3600000000001,3496.52,2.217325150885023,Future_High
14937,30,0,13,172,759.56,4.499230769230769,Channel Islands,0.0,0.0,1,759.56,759.56,172.0,13.0,1.0,0.005564210994880926,0.0,759.56,760.56,Future_Mid
14944,44,151,63,1383,2507.73,2.9952083333333337,United Kingdom,0.0,0.0,6,417.9550000000001,675.7,230.5,16.0,1.0,0.015545689015557466,754.29,1753.44,2.322869361437329,Future_High
14947,30,0,10,118,178.5,2.34,United Kingdom,0.0,0.0,1,178.5,178.5,118.0,10.0,0.0,0.0,0.0,178.5,179.5,Future_Low
14948,9,109,35,361,556.87,2.819714285714286,United Kingdom,0.0,0.0,3,185.62333333333333,278.4,120.33333333333333,11.666666666666666,0.0,0.0,0.0,556.87,557.87,Future_Mid
14952,106,157,82,1787,3534.61,3.074942528735632,United Kingdom,0.1839080459770115,0.0,7,504.94428571428574,972.72,255.28571428571428,12.428571428571429,9.0,0.04216562201067148,2183.83,1350.78,0.6187117533171917,Future_High
14957,153,0,12,34,58.49,1.7408333333333335,United Kingdom,0.0,0.0,1,58.49,58.49,34.0,12.0,0.0,0.0,58.49,0.0,0.016809547823163556,Future_Inactive
14958,47,98,33,128,483.72999999999996,5.604390243902439,United Kingdom,0.0,0.0,3,161.2433333333333,194.7,42.666666666666664,13.666666666666666,0.0,0.0,194.7,289.03,1.4820132856412875,Future_Inactive
14959,9,186,33,400,537.32,1.332156862745098,United Kingdom,0.45098039215686275,0.0,3,179.10666666666665,243.72,133.33333333333334,16.666666666666668,0.0,0.0,178.66,358.66,2.0018924635422466,Future_Low
14960,71,0,2,20,88.3,4.415,United Kingdom,0.0,0.0,1,88.3,88.3,20.0,2.0,0.0,0.0,0.0,88.3,89.3,Future_Low
14961,54,206,140,2152,3906.98,2.6838636363636366,United Kingdom,0.0,0.0,6,651.1633333333333,976.7,358.6666666666667,29.333333333333332,5.0,0.009657598831962851,2451.88,1455.1,0.5936287140015002,Future_High
14962,170,0,5,44,126.7,6.540000000000001,United Kingdom,0.0,0.0,1,126.7,126.7,44.0,5.0,0.0,0.0,126.7,0.0,0.007830853563038372,Future_Inactive
14963,83,0,37,167,294.2,2.9657894736842105,United Kingdom,0.0,0.0,1,294.2,294.2,167.0,37.0,0.0,0.0,0.0,294.2,295.2,Future_High
14964,147,0,13,143,206.21,3.4046153846153846,United Kingdom,0.0,0.0,1,206.21,206.21,143.0,13.0,0.0,0.0,206.21,0.0,0.004826021910139472,Future_Inactive
14970,37,179,10,165,1119.75,6.820588235294117,United Kingdom,0.0,0.0,3,373.25,444.75,55.0,5.666666666666667,0.0,0.0,782.25,337.5,0.4321736354931376,Future_Mid
14972,28,0,18,28,114.77,4.947222222222222,United Kingdom,0.0,0.0,1,114.77,114.77,28.0,18.0,0.0,0.0,0.0,114.77,115.77,Future_Inactive
14973,7,118,29,369,1314.45,21.259687500000002,United Kingdom,0.0,0.0,3,438.15000000000003,654.6,123.0,10.666666666666666,0.0,0.0,0.0,1314.45,1315.45,Future_Inactive
14976,1,225,38,162,559.96,3.856851851851852,United Kingdom,0.0,0.0,4,139.99,178.74,40.5,13.5,1.0,0.04273796498905908,271.52,288.44,1.0620871862615588,Future_Low
14978,135,94,120,415,1527.23,4.542613636363637,United Kingdom,0.0,0.0,4,381.8075,450.81,103.75,43.75,0.0,0.0,1132.4,394.83000000000004,0.3492412211046409,Future_Mid
14981,146,0,8,97,102.12,1.46,United Kingdom,0.0,0.0,1,102.12,102.12,97.0,8.0,0.0,0.0,102.12,0.0,0.009697439875872769,Future_Inactive
14984,80,0,16,20,102.23,5.24,United Kingdom,1.0,0.0,1,102.23,102.23,20.0,16.0,0.0,0.0,0.0,102.23,103.23,Future_Low
14985,98,159,78,256,292.01,1.943132530120482,United Kingdom,0.0,0.5542168674698795,2,146.005,172.24,128.0,41.0,0.0,0.0,119.77,172.24,1.4344622008777015,Future_Inactive
14987,265,0,2,64,163.2,2.55,United Kingdom,0.0,0.0,1,163.2,163.2,64.0,2.0,0.0,0.0,163.2,0.0,0.006090133982947625,Future_Low
14988,111,0,40,141,334.54,2.5467500000000003,United Kingdom,0.0,0.0,1,334.54,334.54,141.0,40.0,0.0,0.0,0.0,334.54,335.54,Future_Inactive
14995,180,0,37,51,119.31,2.5802702702702702,United Kingdom,0.0,0.0,1,119.31,119.31,51.0,37.0,0.0,0.0,119.31,0.0,0.00831186102568365,Future_Low
14997,78,0,9,312,155.28,0.5477777777777777,United Kingdom,0.0,0.0,1,155.28,155.28,312.0,9.0,0.0,0.0,0.0,155.28,156.28,Future_Mid
14998,70,71,70,258,414.87,2.4686486486486485,United Kingdom,0.0,0.0,2,207.435,231.23,129.0,36.0,0.0,0.0,183.64,231.23,1.257744800693241,Future_Inactive
15002,15,251,93,862,1641.76,2.5394782608695654,United Kingdom,0.0,0.0,4,410.44,631.65,215.5,28.0,0.0,0.0,1147.5900000000001,494.17,0.4311111885006834,Future_Inactive
15004,47,0,154,623,1220.77,3.0884415584415583,United Kingdom,0.0,0.0,1,1220.77,1220.77,623.0,154.0,0.0,0.0,0.0,1220.77,1221.77,Future_Inactive
15005,8,258,273,2883,4314.23,2.335438144329897,United Kingdom,0.09407216494845361,0.0,19,227.06473684210528,288.21,151.73684210526315,40.473684210526315,34.0,0.026963448795384527,1622.52,2691.71,1.6585628757268158,Future_High
15007,59,0,12,69,156.91,3.160833333333333,United Kingdom,1.0,0.0,1,156.91,156.91,69.0,12.0,0.0,0.0,0.0,156.91,157.91,Future_Inactive
15012,273,0,46,84,188.56,2.7632692307692306,United Kingdom,0.0,0.0,1,188.56,188.56,84.0,46.0,0.0,0.0,188.56,0.0,0.005275374551593163,Future_Low
15014,76,0,2,68,117.72999999999999,1.8933333333333333,United Kingdom,0.0,1.0,1,117.72999999999999,117.72999999999999,68.0,2.0,0.0,0.0,0.0,117.72999999999999,118.72999999999999,Future_Low
15016,72,0,20,76,170.04,4.573,United Kingdom,0.0,0.0,1,170.04,170.04,76.0,20.0,0.0,0.0,0.0,170.04,171.04,Future_Inactive
15018,152,114,17,94,291.34000000000003,7.131176470588236,United Kingdom,0.0,0.0,2,145.67000000000002,180.09,47.0,8.5,1.0,0.12058921186875547,291.34000000000003,0.0,0.0034206745570226444,Future_Low
15019,166,0,64,150,252.81,2.1930303030303033,United Kingdom,0.0,0.0,1,252.81,252.81,150.0,64.0,0.0,0.0,252.81,0.0,0.0039399550845120365,Future_Inactive
15021,56,209,204,505,1080.23,2.498275862068965,United Kingdom,0.0,0.0,5,216.046,277.97,101.0,50.6,5.0,0.0175529544441716,386.79,693.44,1.790763041852549,Future_Mid
15023,16,253,271,2193,5027.97,3.770980861244019,United Kingdom,0.11722488038277512,0.16028708133971292,8,628.49625,1031.59,274.125,51.125,1.0,0.0078143962490898,1743.79,3284.18,1.8828512313802808,Future_High
15024,13,254,62,404,830.62,3.132337662337662,United Kingdom,0.0,0.18181818181818182,5,166.124,444.42,80.8,15.2,0.0,0.0,680.59,150.03,0.2215848237210053,Future_Mid
15026,140,37,24,81,230.78,2.688846153846154,United Kingdom,0.0,0.0,2,115.39,121.80000000000001,40.5,13.0,0.0,0.0,230.78,0.0,0.004314436103201312,Future_Low
15027,68,70,27,523,966.9699999999999,3.775161290322581,United Kingdom,0.0,0.0,3,322.3233333333333,341.4,174.33333333333334,10.0,2.0,0.014472517504611841,341.4,625.5699999999999,1.8299357476635514,Future_Low
15028,268,0,14,119,185.97,2.7885714285714287,United Kingdom,0.0,0.0,1,185.97,185.97,119.0,14.0,0.0,0.0,185.97,0.0,0.005348451623255068,Future_Mid
15030,168,0,3,156,152.76,0.9199999999999999,United Kingdom,0.0,0.0,1,152.76,152.76,156.0,3.0,0.0,0.0,152.76,0.0,0.006503642039542144,Future_Low
15031,10,172,42,115,261.79,3.391627906976744,United Kingdom,0.4418604651162791,0.0,2,130.895,150.83,57.5,21.5,0.0,0.0,150.83,110.96000000000001,0.7374036751630113,Future_Mid
15032,156,110,29,2968,4959.1,1.9057692307692307,United Kingdom,0.0,0.0,3,1653.0333333333335,2746.75,989.3333333333334,16.666666666666668,3.0,0.0907574118553015,4959.1,0.0,0.00020160883853148121,Future_Inactive
15033,9,220,203,903,1608.95,2.3507971014492757,United Kingdom,0.47101449275362317,0.0,6,268.1583333333333,556.55,150.5,45.166666666666664,3.0,0.009633140465345314,736.28,872.67,1.1849907769097223,Future_Mid
15034,132,121,158,1326,2640.38,3.349945355191257,United Kingdom,0.03278688524590164,0.0,5,528.076,820.4,265.2,36.6,1.0,0.0034910534678426796,1650.6100000000001,989.77,0.5998813279163967,Future_High
15036,77,2,49,143,212.49,2.321509433962264,United Kingdom,0.0,0.0,2,106.245,159.34,71.5,25.0,0.0,0.0,0.0,212.49,213.49,Future_Low
15038,87,182,90,123,497.7,4.365619047619047,United Kingdom,1.0,0.0,4,124.425,157.6,30.75,25.75,0.0,0.0,276.48,221.22,0.8008505117485945,Future_Low
15039,14,254,360,8121,17502.56,3.1604656862745095,United Kingdom,0.0,0.0,36,486.18222222222226,891.83,225.58333333333334,33.75,6.0,0.007260121062518717,9344.14,8158.42,0.8731190757976874,Future_High
15041,70,0,66,103,179.93,2.0543939393939397,United Kingdom,0.0,0.0,1,179.93,179.93,103.0,66.0,0.0,0.0,0.0,179.93,180.93,Future_Inactive
15042,99,0,5,30,135.93,5.586,United Kingdom,0.0,0.0,1,135.93,135.93,30.0,5.0,0.0,0.0,0.0,135.93,136.93,Future_Inactive
15044,36,225,147,1539,5152.68,4.849852941176471,United Kingdom,0.27941176470588236,0.0,13,396.36,786.35,118.38461538461539,20.615384615384617,7.0,0.011681032994602557,3980.88,1171.8,0.2945342401076878,Future_High
15045,51,105,11,114,735.66,6.9191666666666665,United Kingdom,0.3333333333333333,0.0,2,367.83,388.9,57.0,6.0,1.0,0.12176778167753027,388.9,346.76,0.8919210053859964,Future_Inactive
15046,27,210,119,2451,3822.48,2.760838709677419,United Kingdom,0.2903225806451613,0.0,10,382.248,943.07,245.1,15.4,1.0,0.03770164944716331,1516.74,2305.74,1.5198518850395981,Future_High
15047,169,0,22,222,343.62,2.27,United Kingdom,0.0,0.0,1,343.62,343.62,222.0,22.0,0.0,0.0,343.62,0.0,0.002901746851604666,Future_Inactive
15048,16,251,74,170,321.48,2.5817948717948718,United Kingdom,0.0,0.0,3,107.16000000000001,155.55,56.666666666666664,26.0,1.0,0.010709010339734119,98.7,222.78,2.244533600802407,Future_Low
15049,173,0,3,63,121.17000000000002,1.83,United Kingdom,0.0,0.0,1,121.17000000000002,121.17000000000002,63.0,3.0,0.0,0.0,121.17000000000002,0.0,0.008185315543914216,Future_Inactive
15051,50,0,34,351,377.74,1.9544117647058825,United Kingdom,0.0,0.0,1,377.74,377.74,351.0,34.0,0.0,0.0,0.0,377.74,378.74,Future_High
15052,219,0,27,79,207.73000000000002,3.565714285714286,United Kingdom,0.0,0.0,1,207.73000000000002,207.73000000000002,79.0,27.0,0.0,0.0,207.73000000000002,0.0,0.004790878167968188,Future_Inactive
15053,56,125,28,514,478.6,1.70075,United Kingdom,0.0,0.0,2,239.3,255.95,257.0,19.5,0.0,0.0,222.65,255.95,1.1488933601609657,Future_Low
15057,175,40,25,668,1489.5,3.5916,United Kingdom,0.0,0.0,2,744.75,1131.0,334.0,12.5,0.0,0.0,1489.5,0.0,0.0006709158000670916,Future_Inactive
15058,24,187,131,607,1234.76,2.97672619047619,United Kingdom,0.5535714285714286,0.0,7,176.3942857142857,270.55,86.71428571428571,23.571428571428573,0.0,0.0,729.86,504.9,0.6921982322195769,Future_Mid
15059,7,227,127,405,1008.6,3.0624043715846994,United Kingdom,0.3879781420765027,0.0,7,144.0857142857143,199.11,57.857142857142854,26.0,2.0,0.0116609505144537,369.91,638.69,1.72465018468092,Future_Low
15061,27,244,59,19193,36575.0,2.516442953020134,United Kingdom,0.0,0.0,37,988.5135135135135,5375.28,518.7297297297297,8.054054054054054,6.0,0.006680970098585047,27074.56,9500.44,0.3509231203343532,Future_High
15062,117,141,38,541,814.04,2.2506666666666666,United Kingdom,0.0,0.0,3,271.34666666666664,353.06,180.33333333333334,15.0,0.0,0.0,460.98,353.06,0.7663968137148794,Future_Low
15063,113,0,5,56,370.79999999999995,8.57,United Kingdom,0.0,0.0,1,370.79999999999995,370.79999999999995,56.0,5.0,0.0,0.0,0.0,370.79999999999995,371.79999999999995,Future_Inactive
15065,64,126,132,1181,2858.75,5.49536231884058,United Kingdom,0.0,0.0,3,952.9166666666666,1452.35,393.6666666666667,46.0,3.0,0.0076885695442396465,773.66,2085.09,2.692910438127695,Future_Low
15067,182,0,35,335,848.05,4.02,United Kingdom,0.0,0.0,1,848.05,848.05,335.0,35.0,0.0,0.0,848.05,0.0,0.0011777869383428538,Future_Mid
15068,156,0,39,130,239.95999999999998,3.353846153846154,United Kingdom,0.0,0.0,1,239.95999999999998,239.95999999999998,130.0,39.0,0.0,0.0,239.95999999999998,0.0,0.004150066401062418,Future_Low
15069,79,0,70,520,1109.53,4.523428571428571,United Kingdom,0.0,0.0,1,1109.53,1109.53,520.0,70.0,0.0,0.0,0.0,1109.53,1110.53,Future_Inactive
15070,272,0,1,36,106.2,2.95,United Kingdom,0.0,0.0,1,106.2,106.2,36.0,1.0,0.0,0.0,106.2,0.0,0.009328358208955223,Future_Inactive
15071,175,0,12,165,588.6700000000001,3.8491666666666666,United Kingdom,0.0,0.0,1,588.6700000000001,588.6700000000001,165.0,12.0,0.0,0.0,588.6700000000001,0.0,0.00169586378822053,Future_Mid
15073,85,1,22,428,861.96,2.3654545454545453,United Kingdom,0.0,0.0,2,430.98,430.98,214.0,22.0,22.0,0.3333333333333333,0.0,861.96,862.96,Future_Low
15074,5,0,41,431,735.67,2.2509756097560976,United Kingdom,0.0,0.0,1,735.67,735.67,431.0,41.0,0.0,0.0,0.0,735.67,736.67,Future_Inactive
15076,72,0,49,571,880.85,3.0477551020408162,United Kingdom,0.0,0.0,1,880.85,880.85,571.0,49.0,0.0,0.0,0.0,880.85,881.85,Future_Inactive
15078,5,262,83,3387,6702.59,2.4931746031746034,United Kingdom,0.0,0.0,22,304.66318181818184,590.03,153.95454545454547,14.318181818181818,11.0,0.01755406861272142,2574.94,4127.650000000001,1.602774132937879,Future_High
15079,112,153,46,389,895.61,4.605957446808511,United Kingdom,0.0,0.0,4,223.9025,367.29,97.25,11.75,1.0,0.002172556709300771,509.24,386.37,0.7591917529005958,Future_Inactive
15081,108,158,16,113,248.05,4.1776470588235295,United Kingdom,0.5294117647058824,0.0,2,124.025,136.9,56.5,8.5,2.0,0.06572504708097929,111.15,136.9,1.229603209986625,Future_Low
15083,156,0,5,38,88.2,6.67,United Kingdom,0.0,0.0,1,88.2,88.2,38.0,5.0,0.0,0.0,88.2,0.0,0.011210762331838564,Future_Inactive
15087,181,0,15,470,306.94,2.036,United Kingdom,0.0,0.0,1,306.94,306.94,470.0,15.0,0.0,0.0,306.94,0.0,0.0032473858543872183,Future_Inactive
15089,8,19,102,1085,1677.23,2.8136274509803925,United Kingdom,0.0,0.0,2,838.615,1221.56,542.5,51.0,0.0,0.0,0.0,1677.23,1678.23,Future_Mid
15090,208,0,23,208,381.32,3.5617391304347827,United Kingdom,0.0,0.0,1,381.32,381.32,208.0,23.0,0.0,0.0,381.32,0.0,0.0026156099602427287,Future_Inactive
15092,115,68,23,135,457.81,5.378076923076923,United Kingdom,0.2692307692307692,0.0,2,228.90500000000003,323.16,67.5,13.0,0.0,0.0,323.16,134.65,0.4184661895360316,Future_Inactive
15093,16,255,51,3279,4027.1,2.6591666666666667,United Kingdom,0.0,0.16666666666666666,5,805.4200000000001,1220.4,655.8,19.2,4.0,0.04434762386152758,2603.21,1423.8899999999999,0.5471486554463734,Future_Mid
15095,3,99,30,1079,1370.6,2.5157446808510637,United Kingdom,0.2127659574468085,0.0,4,342.65,770.5,269.75,11.75,2.0,0.004286233200145297,0.0,1370.6,1371.6,Future_Inactive
15098,82,0,1,121,39916.5,434.65000000000003,United Kingdom,0.0,0.0,3,13305.5,38970.0,40.333333333333336,1.0,2.0,0.4958987667885355,0.0,39916.5,39917.5,Future_Inactive
15100,233,40,1,80,876.0,10.949999999999998,United Kingdom,0.0,0.0,3,292.0,350.4,26.666666666666668,1.0,3.0,0.21568627450980388,876.0,0.0,0.0011402508551881414,Future_Inactive
15101,259,0,4,34,102.28,3.3850000000000002,United Kingdom,0.0,0.0,1,102.28,102.28,34.0,4.0,1.0,0.06831845509200218,102.28,0.0,0.009682416731216111,Future_Low
15104,96,85,66,635,993.54,5.081940298507463,United Kingdom,0.0,0.0,2,496.77,618.9,317.5,33.5,2.0,0.02444915753505361,374.64,618.9,1.6502502395910978,Future_Inactive
15105,34,0,19,274,532.98,2.2352631578947366,United Kingdom,0.0,0.0,1,532.98,532.98,274.0,19.0,0.0,0.0,0.0,532.98,533.98,Future_High
15106,41,128,67,822,1032.83,2.6038888888888887,United Kingdom,0.0,0.0,3,344.27666666666664,410.7,274.0,24.0,1.0,0.006579010647609338,410.7,622.13,1.5135535584163227,Future_Mid
15107,211,61,12,169,319.5,5.584375,United Kingdom,0.3125,0.0,6,53.25,116.0,28.166666666666668,2.6666666666666665,3.0,0.1835743854448817,319.5,0.0,0.0031201248049922,Future_Inactive
15108,41,85,50,499,1300.25,4.83,European Community,0.31666666666666665,0.0,4,325.0625,676.8,124.75,15.0,1.0,0.006494746895893027,0.0,1300.25,1301.25,Future_Inactive
15109,145,0,28,131,484.95,5.880357142857143,United Kingdom,0.0,0.0,1,484.95,484.95,131.0,28.0,3.0,0.041884816753926704,484.95,0.0,0.0020578248791027886,Future_Inactive
15110,26,191,13,121,376.55,6.310526315789474,United Kingdom,0.0,0.0,2,188.275,206.9,60.5,9.5,2.0,0.029510309278350515,169.65,206.9,1.218283035452681,Future_Mid
15111,272,0,16,106,288.5,4.05,United Kingdom,0.0,0.0,1,288.5,288.5,106.0,16.0,0.0,0.0,288.5,0.0,0.0034542314335060447,Future_High
15114,16,185,66,1509,1354.01,1.7378125000000002,United Kingdom,0.0,0.0,6,225.66833333333332,309.34000000000003,251.5,16.0,0.0,0.0,474.39,879.62,1.8524159111466376,Future_High
15116,34,70,20,255,790.97,3.614347826086956,United Kingdom,0.0,0.0,2,395.485,479.65,127.5,11.5,0.0,0.0,0.0,790.97,791.97,Future_Mid
15117,20,94,31,1085,675.73,1.5242857142857142,United Kingdom,0.22857142857142856,0.0,2,337.865,363.33,542.5,17.5,0.0,0.0,0.0,675.73,676.73,Future_Mid
15118,34,0,1,1440,244.8,0.17,United Kingdom,0.0,0.0,1,244.8,244.8,1440.0,1.0,0.0,0.0,0.0,244.8,245.8,Future_Inactive
15119,145,0,14,88,266.4,7.728571428571429,United Kingdom,0.0,0.0,1,266.4,266.4,88.0,14.0,0.0,0.0,266.4,0.0,0.0037397157816005987,Future_Inactive
15120,33,0,21,296,358.82,4.91952380952381,United Kingdom,0.0,0.0,1,358.82,358.82,296.0,21.0,1.0,0.04012626397731529,0.0,358.82,359.82,Future_Inactive
15121,188,0,18,125,295.15,3.2444444444444445,United Kingdom,0.0,0.0,1,295.15,295.15,125.0,18.0,0.0,0.0,295.15,0.0,0.0033766672294445383,Future_Low
15122,14,183,65,800,1633.78,3.2530487804878048,United Kingdom,0.0,0.2682926829268293,3,544.5933333333334,703.17,266.6666666666667,27.333333333333332,4.0,0.011824620614154464,397.04,1236.74,3.109586976183298,Future_Inactive
15123,106,0,53,509,1069.47,3.00377358490566,United Kingdom,0.0,0.0,1,1069.47,1069.47,509.0,53.0,0.0,0.0,0.0,1069.47,1070.47,Future_High
15124,91,0,9,89,90.75,2.161111111111111,United Kingdom,0.0,0.0,1,90.75,90.75,89.0,9.0,0.0,0.0,0.0,90.75,91.75,Future_Low
15125,13,157,97,5909,10795.48,3.3575833333333334,United Kingdom,0.0,0.0,12,899.6233333333333,3840.88,492.4166666666667,10.0,11.0,0.014697198286680703,4367.88,6427.6,1.471452637746974,Future_Mid
15128,26,92,66,1007,1170.24,2.3369135802469136,United Kingdom,0.0,0.0,3,390.08,483.7,335.6666666666667,27.0,9.0,0.042121633788982565,0.0,1170.24,1171.24,Future_Low
15129,6,185,48,1621,2796.73,2.769189189189189,United Kingdom,0.0,0.0,10,279.673,414.1,162.1,7.4,0.0,0.0,659.8,2136.93,3.2353662227602906,Future_Mid
15130,69,0,22,197,330.11,2.42,United Kingdom,0.0,0.0,1,330.11,330.11,197.0,22.0,0.0,0.0,0.0,330.11,331.11,Future_Inactive
15132,5,156,47,633,842.23,1.9887500000000002,United Kingdom,0.0,0.0,3,280.74333333333334,352.36,211.0,16.0,0.0,0.0,313.77,528.46,1.6820535629189568,Future_Low
15133,27,174,27,680,982.42,2.2120689655172416,United Kingdom,0.2413793103448276,0.0,3,327.47333333333336,333.2,226.66666666666666,9.666666666666666,0.0,0.0,657.9,324.52,0.49403551373501287,Future_Inactive
15134,27,113,27,390,614.86,2.266111111111111,United Kingdom,0.0,0.0,4,153.715,203.78,97.5,9.0,0.0,0.0,110.1,504.76,4.552295229522953,Future_Mid
15135,139,0,9,43,139.05,3.5944444444444446,United Kingdom,0.0,1.0,1,139.05,139.05,43.0,9.0,1.0,0.07883405101026829,139.05,0.0,0.007140307033202427,Future_Inactive
15139,139,96,13,208,178.96,1.3546153846153846,United Kingdom,0.0,0.0,2,89.48,122.10000000000001,104.0,6.5,0.0,0.0,178.96,0.0,0.005556790397866192,Future_Inactive
15140,15,148,53,1266,1728.11,2.1361403508771932,United Kingdom,0.2982456140350877,0.0,5,345.622,566.76,253.2,11.4,1.0,0.002453300699623635,446.15,1281.96,2.8691937828469194,Future_Mid
15143,125,0,14,150,259.45,2.8335714285714286,United Kingdom,0.0,0.0,1,259.45,259.45,150.0,14.0,0.0,0.0,0.0,259.45,260.45,Future_Inactive
15144,13,199,78,1450,2968.94,2.5609574468085103,United Kingdom,0.0,0.0,9,329.88222222222225,1030.7,161.11111111111111,10.444444444444445,1.0,0.016692389727556354,648.72,2320.22,3.5726466785692295,Future_High
15145,127,21,35,438,724.03,4.094390243902439,United Kingdom,0.0,0.0,2,362.015,422.23,219.0,20.5,0.0,0.0,422.23,301.8,0.7154502280084115,Future_Mid
15146,64,126,90,1473,1327.16,1.5287912087912088,United Kingdom,0.0,0.0,2,663.58,834.22,736.5,45.5,4.0,0.010069667178852207,834.22,492.94,0.5913890950887191,Future_Inactive
15147,140,0,28,366,623.5,2.9839285714285713,United Kingdom,0.0,0.0,1,623.5,623.5,366.0,28.0,1.0,0.023263100180151954,623.5,0.0,0.0016012810248198558,Future_Inactive
15149,33,0,23,128,520.8000000000001,5.95,United Kingdom,0.0,0.0,1,520.8000000000001,520.8000000000001,128.0,23.0,0.0,0.0,0.0,520.8000000000001,521.8000000000001,Future_Inactive
15150,9,160,225,2474,3569.62,2.9772340425531914,United Kingdom,0.0,0.0,5,713.924,1654.31,494.8,47.0,0.0,0.0,501.25,3068.37,6.111239422598308,Future_High
15152,13,73,110,1173,2383.21,4.129924242424242,United Kingdom,0.32575757575757575,0.0,6,397.20166666666665,756.1,195.5,22.0,7.0,0.02513641978843684,0.0,2383.21,2384.21,Future_High
15157,54,203,89,1910,1505.37,2.1424719101123597,United Kingdom,0.0,0.0,2,752.6850000000001,1085.46,955.0,44.5,8.0,0.042348944616206724,1085.46,419.91,0.3874141707932183,Future_Mid
15159,12,248,205,5666,8969.97,3.1149858356940507,United Kingdom,0.0,0.0,18,498.3316666666667,1822.88,314.77777777777777,19.61111111111111,2.0,0.0029677647396203267,3352.2200000000003,5617.75,1.675628202145997,Future_High
15160,257,0,4,84,158.16,1.7475,United Kingdom,0.0,0.0,1,158.16,158.16,84.0,4.0,0.0,0.0,158.16,0.0,0.0062829856747926615,Future_Inactive
15163,92,0,10,48,155.0,3.2049999999999996,United Kingdom,0.0,0.0,1,155.0,155.0,48.0,10.0,0.0,0.0,0.0,155.0,156.0,Future_Low
15164,108,130,52,142,363.23,3.131636363636364,United Kingdom,0.7272727272727273,0.0,2,181.615,194.79,71.0,26.5,0.0,0.0,168.44,194.79,1.1555122757318224,Future_Mid
15165,273,0,27,160,487.75,4.987037037037037,United Kingdom,0.0,0.0,1,487.75,487.75,160.0,27.0,0.0,0.0,487.75,0.0,0.0020460358056265983,Future_Inactive
15167,220,0,39,65,158.8,2.703846153846154,United Kingdom,1.0,0.0,1,158.8,158.8,65.0,39.0,0.0,0.0,158.8,0.0,0.006257822277847309,Future_Inactive
15171,231,0,5,290,1289.5,3.7700000000000005,United Kingdom,0.0,0.0,1,1289.5,1289.5,290.0,5.0,2.0,0.16510197474910973,1289.5,0.0,0.0007748934521503294,Future_Inactive
15172,35,100,60,838,886.74,1.947049180327869,United Kingdom,0.4098360655737705,0.0,3,295.58,360.54,279.3333333333333,20.333333333333332,0.0,0.0,0.0,886.74,887.74,Future_Mid
15174,222,0,11,145,135.75,1.549090909090909,United Kingdom,0.0,0.0,1,135.75,135.75,145.0,11.0,0.0,0.0,135.75,0.0,0.007312614259597806,Future_Inactive
15178,160,0,3,30,40.5,1.3499999999999999,United Kingdom,0.0,0.0,1,40.5,40.5,30.0,3.0,0.0,0.0,40.5,0.0,0.024096385542168676,Future_Inactive
15179,133,85,45,1294,1455.12,3.1626086956521737,United Kingdom,0.0,0.0,3,485.03999999999996,1285.62,431.3333333333333,15.333333333333334,1.0,0.011212133567089331,1387.62,67.5,0.0493295502009189,Future_Mid
15180,267,0,6,36,87.5,3.266666666666667,United Kingdom,0.0,0.0,1,87.5,87.5,36.0,6.0,0.0,0.0,87.5,0.0,0.011299435028248588,Future_Inactive
15181,75,94,10,252,434.99999999999994,1.81,United Kingdom,0.0,0.0,2,217.5,300.0,126.0,5.0,2.0,0.02071139126519586,300.0,135.0,0.45182724252491696,Future_Low
15182,54,114,24,253,622.85,2.9741379310344827,United Kingdom,0.0,0.0,2,311.425,370.48,126.5,14.5,0.0,0.0,370.48,252.37,0.6820555615376332,Future_Inactive
15184,90,0,20,73,235.23000000000002,5.3865,United Kingdom,0.0,0.0,1,235.23000000000002,235.23000000000002,73.0,20.0,0.0,0.0,0.0,235.23000000000002,236.23000000000002,Future_Low
15186,68,0,10,162,229.26,1.9469999999999998,United Kingdom,0.0,0.0,1,229.26,229.26,162.0,10.0,0.0,0.0,0.0,229.26,230.26,Future_Low
15187,29,82,29,572,1552.04,2.847931034482759,United Kingdom,0.0,0.0,4,388.01,607.2,143.0,7.25,1.0,0.01933478238891978,0.0,1552.04,1553.04,Future_High
15189,6,225,61,4027,11128.54,4.650194805194805,United Kingdom,0.0,0.01948051948051948,28,397.4478571428571,1284.1200000000001,143.82142857142858,5.5,20.0,0.036639343339863344,3155.3,7973.24,2.526451858188385,Future_High
15192,19,245,36,918,1044.32,2.514705882352941,United Kingdom,0.0,0.0,3,348.1066666666666,422.99,306.0,17.0,0.0,0.0,315.0,729.32,2.3111392405063294,Future_Inactive
15194,26,241,152,3283,4469.53,2.4083962264150944,United Kingdom,0.0,0.0,11,406.3209090909091,843.78,298.45454545454544,19.272727272727273,13.0,0.01888892303504713,2848.8,1620.73,0.5690680047722647,Future_High
15197,152,105,15,202,773.25,5.178666666666667,United Kingdom,0.0,0.2,2,386.625,556.5,101.0,7.5,1.0,0.35165388001509246,773.25,0.0,0.0012915724895059735,Future_Low
15198,24,0,5,64,107.64,2.2039999999999997,United Kingdom,1.0,0.0,1,107.64,107.64,64.0,5.0,0.0,0.0,0.0,107.64,108.64,Future_Low
15199,135,72,3,227,657.15,4.483333333333333,United Kingdom,0.0,0.0,2,328.57499999999993,353.09999999999997,113.5,3.0,0.0,0.0,353.09999999999997,304.04999999999995,0.8614798079638519,Future_Mid
15201,26,121,29,914,933.26,1.6701923076923075,United Kingdom,0.0,0.0,4,233.31500000000003,301.48,228.5,13.0,10.0,0.04337932306935361,301.48,631.78,2.0919730230097855,Future_Low
15203,5,205,73,1339,1328.32,1.2105714285714286,United Kingdom,0.0,0.0,4,332.08,480.96,334.75,26.25,0.0,0.0,211.94,1116.38,5.247393632009017,Future_Mid
15204,257,0,9,258,316.58,2.4044444444444446,United Kingdom,0.0,0.0,1,316.58,316.58,258.0,9.0,0.0,0.0,316.58,0.0,0.0031488128975376284,Future_Inactive
15205,27,0,24,196,476.29999999999995,5.01,United Kingdom,0.0,0.0,1,476.29999999999995,476.29999999999995,196.0,24.0,1.0,0.009173930228204116,0.0,476.29999999999995,477.29999999999995,Future_Low
15206,45,130,3,18,53.10000000000001,2.9500000000000006,United Kingdom,0.6666666666666666,0.0,2,26.550000000000004,35.400000000000006,9.0,1.5,0.0,0.0,17.700000000000003,35.400000000000006,1.946524064171123,Future_Low
15208,63,190,16,154,323.52,4.06125,United Kingdom,0.0,0.0,2,161.76,258.12,77.0,8.0,0.0,0.0,65.4,258.12,3.9024096385542166,Future_Mid
15210,125,0,20,228,331.18,6.341,United Kingdom,0.0,0.0,1,331.18,331.18,228.0,20.0,0.0,0.0,0.0,331.18,332.18,Future_Inactive
15211,265,0,23,117,383.07,5.164782608695653,United Kingdom,0.0,0.0,1,383.07,383.07,117.0,23.0,0.0,0.0,383.07,0.0,0.002603692035306064,Future_Mid
15212,141,0,5,36,101.8,3.63,United Kingdom,0.0,0.0,1,101.8,101.8,36.0,5.0,2.0,0.11208024422154383,101.8,0.0,0.009727626459143969,Future_Inactive
15213,218,11,22,272,328.35,1.55375,United Kingdom,0.0,0.0,2,164.17499999999998,313.2,136.0,12.0,1.0,0.009950248756218904,328.35,0.0,0.003036283588887202,Future_Inactive
15214,83,58,46,556,651.63,2.2743478260869567,United Kingdom,0.0,0.0,2,325.81500000000005,514.9300000000001,278.0,23.0,0.0,0.0,514.9300000000001,136.7,0.2668966720291512,Future_High
15218,16,202,68,2258,3865.35,3.031068702290076,United Kingdom,0.0,0.0,8,483.16875,690.3399999999999,282.25,16.25,0.0,0.0,1109.51,2755.84,2.482499031976299,Future_High
15219,76,0,9,45,305.75,9.883333333333333,United Kingdom,0.0,0.0,1,305.75,305.75,45.0,9.0,0.0,0.0,0.0,305.75,306.75,Future_Inactive
15220,15,165,84,1137,1284.05,2.253068181818182,United Kingdom,0.0,0.0,5,256.81,346.4,227.4,17.6,2.0,0.015367037551089266,511.78999999999996,772.26,1.5079467228300085,Future_Mid
15221,266,0,5,43,403.25,12.709999999999999,United Kingdom,0.0,0.0,1,403.25,403.25,43.0,5.0,6.0,0.4176054303870595,403.25,0.0,0.0024737167594310453,Future_Inactive
15222,218,0,5,440,585.0,1.3439999999999999,United Kingdom,0.0,0.0,1,585.0,585.0,440.0,5.0,0.0,0.0,585.0,0.0,0.0017064846416382253,Future_Inactive
15223,125,23,14,213,755.75,4.0865,United Kingdom,0.0,0.0,2,377.875,454.90000000000003,106.5,10.0,12.0,0.28473405262161655,300.85,454.90000000000003,1.5103528242504556,Future_Inactive
15224,258,4,13,152,322.08,3.2135714285714285,United Kingdom,0.14285714285714285,0.0,2,161.04000000000002,310.48,76.0,7.0,2.0,0.034763845600575397,322.08,0.0,0.00309520861706079,Future_Inactive
15225,134,0,23,226,409.40000000000003,3.45,United Kingdom,0.0,0.0,1,409.40000000000003,409.40000000000003,226.0,23.0,0.0,0.0,0.0,409.40000000000003,410.40000000000003,Future_Inactive
15226,210,0,8,71,154.41,3.8425,United Kingdom,0.0,0.0,1,154.41,154.41,71.0,8.0,0.0,0.0,154.41,0.0,0.006434592368573451,Future_Inactive
15227,115,101,36,589,876.8199999999999,4.458372093023256,United Kingdom,0.3023255813953488,0.0,3,292.2733333333333,318.23,196.33333333333334,14.333333333333334,0.0,0.0,625.07,251.75,0.40370885044803295,Future_Low
15228,29,165,83,1505,2224.03,3.4974157303370785,United Kingdom,0.0,0.0,3,741.3433333333332,970.58,501.6666666666667,29.666666666666668,1.0,0.004364798682054634,904.85,1319.18,1.4573936082132803,Future_High
15230,139,1,23,351,429.6,1.7817391304347827,United Kingdom,0.0,0.0,2,214.8,370.20000000000005,175.5,11.5,0.0,0.0,429.6,0.0,0.002322340919647004,Future_Inactive
15232,13,27,26,686,612.06,1.0306451612903225,United Kingdom,0.0,0.0,2,306.03,310.36,343.0,15.5,0.0,0.0,0.0,612.06,613.06,Future_Inactive
15234,176,0,14,196,197.0,1.682857142857143,United Kingdom,0.0,0.0,1,197.0,197.0,196.0,14.0,0.0,0.0,197.0,0.0,0.005050505050505051,Future_Inactive
15235,117,155,132,1324,2247.51,2.9905594405594402,United Kingdom,0.027972027972027972,0.0,12,187.29250000000002,529.59,110.33333333333333,11.916666666666666,0.0,0.0,1876.74,370.77,0.1979880068593096,Future_Inactive
15236,198,0,15,269,321.05,1.6386666666666665,United Kingdom,0.0,0.0,1,321.05,321.05,269.0,15.0,0.0,0.0,321.05,0.0,0.0031051079024996117,Future_Inactive
15237,103,23,74,798,1093.65,2.686052631578947,United Kingdom,0.0,0.0,2,546.825,938.9200000000001,399.0,38.0,0.0,0.0,0.0,1093.65,1094.65,Future_Low
15238,84,0,14,222,300.14,2.130714285714286,United Kingdom,0.0,0.0,1,300.14,300.14,222.0,14.0,2.0,0.04895592382521626,0.0,300.14,301.14,Future_Mid
15240,91,120,30,755,1045.38,3.0300000000000002,United Kingdom,0.0,0.0,3,348.46000000000004,416.28000000000003,251.66666666666666,14.0,5.0,0.0196927924379677,629.1,416.28000000000003,0.662244088239962,Future_Mid
15241,27,156,73,1558,1344.86,1.7524175824175825,United Kingdom,0.0,0.0,6,224.14333333333332,395.33,259.6666666666667,15.166666666666666,1.0,0.013098898518393498,395.33,949.53,2.3983296747659777,Future_Mid
15244,148,0,15,240,297.94,1.7753333333333332,United Kingdom,0.0,0.0,1,297.94,297.94,240.0,15.0,0.0,0.0,297.94,0.0,0.0033451528734863185,Future_Low
15245,34,127,55,1784,2515.84,1.8764044943820224,United Kingdom,0.1797752808988764,0.2696629213483146,3,838.6133333333333,1251.48,594.6666666666666,29.666666666666668,0.0,0.0,1251.48,1264.36,1.0102835973428717,Future_Inactive
15246,138,120,32,247,514.15,2.9833333333333334,United Kingdom,0.0,0.0,2,257.07500000000005,328.15000000000003,123.5,16.5,0.0,0.0,514.15,0.0,0.0019411821799475881,Future_Inactive
15247,22,0,6,160,356.0,2.0833333333333335,United Kingdom,0.0,0.0,1,356.0,356.0,160.0,6.0,0.0,0.0,0.0,356.0,357.0,Future_Inactive
15249,7,148,178,2922,5357.03,2.7914028776978417,United Kingdom,0.0,0.0,10,535.703,1001.82,292.2,27.8,8.0,0.005771946853546593,1329.02,4028.01,3.0292852739056557,Future_High
15251,6,135,67,4576,7452.12,3.913246753246753,United Kingdom,0.0,0.07792207792207792,7,1064.5885714285714,2846.02,653.7142857142857,11.0,4.0,0.008633740498229351,2846.02,4606.1,1.6182183476055667,Future_High
15252,83,0,14,99,300.55,3.503571428571429,United Kingdom,0.0,0.0,1,300.55,300.55,99.0,14.0,0.0,0.0,0.0,300.55,301.55,Future_Mid
15253,69,0,12,211,173.85,1.5066666666666668,United Kingdom,0.0,0.0,1,173.85,173.85,211.0,12.0,0.0,0.0,0.0,173.85,174.85,Future_Mid
15254,27,0,18,275,300.36,2.03,United Kingdom,0.0,0.0,1,300.36,300.36,275.0,18.0,0.0,0.0,0.0,300.36,301.36,Future_Inactive
15256,48,0,6,55,98.45,1.8166666666666667,United Kingdom,0.0,0.0,1,98.45,98.45,55.0,6.0,0.0,0.0,0.0,98.45,99.45,Future_Inactive
15257,183,0,7,46,317.15,30.957142857142856,United Kingdom,0.0,0.0,1,317.15,317.15,46.0,7.0,1.0,0.2113639189357205,317.15,0.0,0.0031431714600031434,Future_Inactive
15258,68,48,32,142,623.16,5.6376470588235295,United Kingdom,0.0,0.0,2,311.58000000000004,315.66,71.0,17.0,0.0,0.0,0.0,623.16,624.16,Future_Inactive
15260,0,272,62,885,1810.77,3.4683116883116885,United Kingdom,0.0,0.0,7,258.68142857142857,387.88,126.42857142857143,11.0,1.0,0.016297527665053213,420.5,1390.27,3.300759193357058,Future_Inactive
15261,35,0,19,270,254.82,1.1994736842105262,United Kingdom,0.0,0.0,1,254.82,254.82,270.0,19.0,0.0,0.0,0.0,254.82,255.82,Future_Inactive
15262,223,0,10,73,178.95000000000002,3.2950000000000004,United Kingdom,0.0,0.0,1,178.95000000000002,178.95000000000002,73.0,10.0,0.0,0.0,178.95000000000002,0.0,0.005557099194220616,Future_Inactive
15263,6,0,12,89,156.51,2.9575,United Kingdom,0.0,0.0,1,156.51,156.51,89.0,12.0,0.0,0.0,0.0,156.51,157.51,Future_Inactive
15265,51,84,76,612,1506.1200000000001,4.574390243902439,United Kingdom,0.0,0.0,2,753.06,793.88,306.0,41.0,0.0,0.0,0.0,1506.1200000000001,1507.1200000000001,Future_Inactive
15266,238,0,6,18,119.3,6.75,United Kingdom,0.0,0.0,1,119.3,119.3,18.0,6.0,0.0,0.0,119.3,0.0,0.00831255195344971,Future_Inactive
15267,55,27,7,704,1407.76,2.141428571428571,United Kingdom,0.0,0.0,2,703.88,1035.76,352.0,3.5,0.0,0.0,0.0,1407.76,1408.76,Future_Low
15270,17,192,21,1017,1850.29,7.458285714285715,United Kingdom,0.2,0.0,5,370.058,536.54,203.4,7.0,7.0,0.042084718209962825,1313.75,536.54,0.40885339418140326,Future_Mid
15271,16,249,103,712,1368.3,2.979846153846154,United Kingdom,0.08461538461538462,0.0,9,152.03333333333333,253.1,79.11111111111111,14.11111111111111,0.0,0.0,512.45,855.85,1.6688090369071964,Future_High
15279,254,0,19,189,290.51,3.8610526315789473,United Kingdom,0.0,0.0,1,290.51,290.51,189.0,19.0,2.0,0.04314745891110306,290.51,0.0,0.0034304140509759527,Future_Inactive
15280,72,0,16,154,113.12,0.804375,United Kingdom,0.0,0.0,1,113.12,113.12,154.0,16.0,0.0,0.0,0.0,113.12,114.12,Future_Inactive
15281,36,196,113,1128,2191.78,3.996846153846154,United Kingdom,0.25384615384615383,0.0,8,273.9725,780.42,141.0,16.25,11.0,0.04036812931812012,1118.97,1072.81,0.9587846103020616,Future_Low
15288,55,209,74,721,2006.3600000000001,2.9137974683544305,United Kingdom,0.3924050632911392,0.0,4,501.59000000000003,986.75,180.25,19.75,0.0,0.0,1152.4,853.96,0.7412519507542916,Future_Low
15289,37,111,41,768,697.98,1.226875,United Kingdom,0.0,0.0,2,348.99,375.45,384.0,24.0,1.0,0.006660404747673127,375.45,322.53000000000003,0.8594235622260593,Future_Low
15290,3,255,51,1723,3392.5899999999997,3.393162393162393,United Kingdom,0.008547008547008548,0.0,12,282.71583333333336,526.22,143.58333333333334,9.75,3.0,0.013564043218850677,1379.98,2012.61,1.4581022172659994,Future_High
15291,72,201,57,1166,3306.27,5.658795180722891,United Kingdom,0.21686746987951808,0.0,11,300.57,408.29,106.0,7.545454545454546,6.0,0.02125184277366299,2679.59,626.6800000000001,0.23415740564577203,Future_High
15292,101,0,24,55,178.39,4.7195833333333335,United Kingdom,1.0,0.0,1,178.39,178.39,55.0,24.0,0.0,0.0,0.0,178.39,179.39,Future_Inactive
15296,9,217,118,1275,2599.49,3.604788732394366,United Kingdom,0.0,0.0,5,519.8979999999999,1199.33,255.0,28.4,2.0,0.010581245313612124,1199.33,1400.16,1.167312322444661,Future_High
15298,42,224,71,1685,2767.2,2.412087912087912,United Kingdom,0.3626373626373626,0.0,6,461.2,990.0,280.8333333333333,15.166666666666666,1.0,0.2634940913446183,1238.44,1528.76,1.2342348157232297,Future_High
15299,64,208,5,2578,3035.01,122.18800000000002,United Kingdom,0.0,0.0,5,607.0020000000001,1003.2,515.6,1.0,5.0,0.19172661008327715,2435.01,600.0,0.24671491496340325,Future_High
15301,13,254,130,1998,3727.4,3.0465680473372783,United Kingdom,0.1952662721893491,0.0,9,414.15555555555557,673.37,222.0,18.77777777777778,2.0,0.001962658612536917,1295.87,2431.53,1.875693014720057,Future_High
15303,190,0,31,248,574.02,3.8406451612903227,United Kingdom,0.0,0.0,1,574.02,574.02,248.0,31.0,0.0,0.0,574.02,0.0,0.0017390699453932038,Future_Inactive
15304,64,203,8,74,491.90000000000003,7.522222222222222,United Kingdom,0.0,0.0,6,81.98333333333333,123.15,12.333333333333334,3.0,3.0,0.027865612648221343,279.6,212.3,0.7601568068424803,Future_Low
15306,48,0,17,278,344.62,2.3147058823529414,United Kingdom,0.0,0.0,1,344.62,344.62,278.0,17.0,0.0,0.0,0.0,344.62,345.62,Future_Mid
15308,174,0,19,175,310.47,4.0336842105263155,United Kingdom,0.0,0.0,1,310.47,310.47,175.0,19.0,2.0,0.025731948410581476,310.47,0.0,0.0032105820785308372,Future_Inactive
15311,12,261,466,28817,44996.54,2.4752871521610422,United Kingdom,0.03315571343990527,0.0041444641799881585,63,714.2307936507937,2764.29,457.41269841269843,26.714285714285715,78.0,0.024362670112738145,22542.22,22454.32,0.9961008232186883,Future_High
15312,3,251,33,410,794.8,2.530263157894737,United Kingdom,0.5789473684210527,0.0,3,264.93333333333334,318.15999999999997,136.66666666666666,12.666666666666666,1.0,0.004696011520881598,289.74,505.06,1.7405929696636169,Future_Low
15313,10,0,1,25,52.0,2.08,United Kingdom,1.0,0.0,1,52.0,52.0,25.0,1.0,0.0,0.0,0.0,52.0,53.0,Future_Inactive
15314,99,0,24,313,327.97,1.71375,United Kingdom,0.0,0.0,1,327.97,327.97,313.0,24.0,0.0,0.0,0.0,327.97,328.97,Future_Inactive
15315,16,0,16,262,233.54,1.0425,United Kingdom,0.0,0.0,1,233.54,233.54,262.0,16.0,1.0,0.07508910891089109,0.0,233.54,234.54,Future_Low
15316,226,0,1,100,165.0,1.65,United Kingdom,0.0,0.0,1,165.0,165.0,100.0,1.0,0.0,0.0,165.0,0.0,0.006024096385542169,Future_Inactive
15319,183,0,16,175,204.5,3.24125,United Kingdom,0.0,0.0,1,204.5,204.5,175.0,16.0,0.0,0.0,204.5,0.0,0.004866180048661801,Future_Inactive
15321,191,0,38,545,1159.47,3.0371052631578945,United Kingdom,0.0,0.0,1,1159.47,1159.47,545.0,38.0,0.0,0.0,1159.47,0.0,0.0008617198204175894,Future_High
15325,3,0,47,231,161.74,1.1008333333333333,United Kingdom,1.0,0.0,1,161.74,161.74,231.0,47.0,0.0,0.0,0.0,161.74,162.74,Future_Inactive
15326,233,0,29,386,311.71,1.4520689655172414,United Kingdom,0.0,0.0,1,311.71,311.71,386.0,29.0,0.0,0.0,311.71,0.0,0.0031978510440983663,Future_Inactive
15329,34,37,42,386,754.0,3.3440476190476187,United Kingdom,0.0,0.0,2,377.0,444.90000000000003,193.0,21.0,3.0,0.02293637423869379,0.0,754.0,755.0,Future_Low
15332,266,3,29,652,1661.06,2.841142857142857,Lithuania,0.9714285714285714,0.0,4,415.265,1145.06,163.0,8.75,0.0,0.0,1661.06,0.0,0.0006016629965223879,Future_Inactive
15333,108,0,16,344,1028.56,2.96375,United Kingdom,1.0,0.0,1,1028.56,1028.56,344.0,16.0,0.0,0.0,0.0,1028.56,1029.56,Future_Inactive
15334,56,16,67,273,350.82,1.5029591836734693,United Kingdom,0.29591836734693877,0.0,3,116.94,127.53,91.0,32.0,0.0,0.0,0.0,350.82,351.82,Future_Inactive
15339,218,0,40,159,257.9,2.260975609756098,United Kingdom,0.0,0.0,1,257.9,257.9,159.0,40.0,0.0,0.0,257.9,0.0,0.0038624951718810355,Future_Low
15342,29,0,24,283,406.09,2.368333333333333,United Kingdom,0.0,0.0,1,406.09,406.09,283.0,24.0,2.0,0.03408496265639123,0.0,406.09,407.09,Future_Inactive
15346,232,0,17,144,252.42000000000002,2.5700000000000003,United Kingdom,0.0,0.0,1,252.42000000000002,252.42000000000002,144.0,17.0,0.0,0.0,252.42000000000002,0.0,0.003946018467366427,Future_Inactive
15347,266,0,5,130,201.60000000000002,2.2700000000000005,United Kingdom,0.0,0.0,1,201.60000000000002,201.60000000000002,130.0,5.0,0.0,0.0,201.60000000000002,0.0,0.004935834155972358,Future_Inactive
15349,58,29,65,321,463.90999999999997,2.958450704225352,United Kingdom,0.8309859154929577,0.0,2,231.95499999999998,356.21,160.5,35.0,0.0,0.0,0.0,463.90999999999997,464.90999999999997,Future_Inactive
15350,273,0,5,51,115.65,2.6700000000000004,United Kingdom,0.0,0.0,1,115.65,115.65,51.0,5.0,0.0,0.0,115.65,0.0,0.008572653236176597,Future_Inactive
15351,269,0,49,129,274.67,2.5841176470588234,United Kingdom,1.0,0.0,1,274.67,274.67,129.0,49.0,2.0,0.04648337151982226,274.67,0.0,0.003627525664744078,Future_High
15353,154,113,59,341,770.12,3.308360655737705,United Kingdom,0.0,0.0,2,385.06,458.47,170.5,30.0,0.0,0.0,770.12,0.0,0.0012968150223052184,Future_Inactive
15356,5,262,201,1355,2231.17,2.0244124700239805,United Kingdom,0.0,0.0,8,278.89625,405.76,169.375,51.0,0.0,0.0,797.19,1433.98,1.7977925055437927,Future_Mid
15358,20,245,240,4933,5639.81,2.093951612903226,United Kingdom,0.0,0.0,15,375.98733333333337,829.85,328.8666666666667,24.8,7.0,0.01755055255933219,3819.16,1820.65,0.47685175490031834,Future_High
15361,261,0,7,336,418.92,1.3442857142857143,United Kingdom,0.0,0.0,1,418.92,418.92,336.0,7.0,0.0,0.0,418.92,0.0,0.0023814059820918268,Future_Inactive
15363,272,0,16,144,326.0,2.9875000000000003,United Kingdom,0.0,0.0,1,326.0,326.0,144.0,16.0,1.0,0.023805958975894596,326.0,0.0,0.0030581039755351682,Future_Inactive
15364,154,0,3,84,331.80000000000007,3.2833333333333337,United Kingdom,0.0,0.0,1,331.80000000000007,331.80000000000007,84.0,3.0,0.0,0.0,331.80000000000007,0.0,0.0030048076923076916,Future_Mid
15365,215,0,12,85,208.61,3.3691666666666666,United Kingdom,0.0,0.0,1,208.61,208.61,85.0,12.0,0.0,0.0,208.61,0.0,0.0047707647535900006,Future_High
15366,258,0,8,61,105.54,2.9175,United Kingdom,0.0,0.0,1,105.54,105.54,61.0,8.0,0.0,0.0,105.54,0.0,0.009386146048432513,Future_Mid
15367,145,29,65,750,1416.18,2.698923076923077,United Kingdom,0.0,0.0,2,708.09,764.58,375.0,32.5,1.0,0.006942107034668461,1416.18,0.0,0.0007056266670430009,Future_Mid
15370,41,191,54,611,1513.46,3.486029411764706,United Kingdom,0.0,0.25,4,378.365,570.02,152.75,17.0,1.0,0.01656963143941363,754.22,759.24,1.0066470697280263,Future_Mid
15372,37,0,27,2924,2007.3999999999999,0.8248148148148148,United Kingdom,0.0,0.0,1,2007.3999999999999,2007.3999999999999,2924.0,27.0,0.0,0.0,0.0,2007.3999999999999,2008.3999999999999,Future_Inactive
15373,15,255,65,354,1686.9,4.7977,United Kingdom,0.17,0.0,9,187.43333333333334,334.3,39.333333333333336,11.0,5.0,0.10731862200349261,1076.21,610.69,0.5678465665933291,Future_Mid
15374,28,0,3,126,168.0,3.8166666666666664,United Kingdom,0.0,0.0,1,168.0,168.0,126.0,3.0,0.0,0.0,0.0,168.0,169.0,Future_Inactive
15376,17,105,94,533,977.22,2.6367326732673266,United Kingdom,1.0,0.0,2,488.61,642.37,266.5,50.0,0.0,0.0,0.0,977.22,978.22,Future_Low
15379,69,189,145,2305,3703.29,2.5399484536082473,United Kingdom,0.05154639175257732,0.0,7,529.0414285714286,1491.46,329.2857142857143,27.714285714285715,2.0,0.018915460607361136,3053.9300000000003,649.36,0.21288867502692368,Future_Inactive
15380,41,224,17,216,582.5600000000001,5.459411764705883,United Kingdom,0.0,0.0,2,291.28000000000003,352.46000000000004,108.0,8.5,0.0,0.0,230.10000000000002,352.46000000000004,1.5294677628732152,Future_High
15381,113,54,8,171,596.85,6.2,United Kingdom,0.0,0.0,2,298.42499999999995,314.55,85.5,4.0,0.0,0.0,282.29999999999995,314.55,1.1138369219908226,Future_Inactive
15382,84,110,97,1628,2127.12,2.2236153846153845,United Kingdom,0.0,0.0,4,531.78,1019.42,407.0,32.5,4.0,0.012923613785806766,1019.42,1107.7,1.0865133964446014,Future_High
15384,69,189,34,596,642.41,1.8617073170731706,United Kingdom,0.0,0.0,2,321.205,338.84,298.0,20.5,2.0,0.0102455859242597,303.57,338.84,1.1158026069540663,Future_Inactive
15386,86,0,31,446,394.14,1.3864516129032256,United Kingdom,0.0,0.0,1,394.14,394.14,446.0,31.0,0.0,0.0,0.0,394.14,395.14,Future_Inactive
15388,170,0,10,88,140.54,2.0629999999999997,Canada,0.0,0.0,1,140.54,140.54,88.0,10.0,0.0,0.0,140.54,0.0,0.007065140596297867,Future_Inactive
15389,72,0,1,400,500.0,1.25,United Kingdom,0.0,0.0,1,500.0,500.0,400.0,1.0,0.0,0.0,0.0,500.0,501.0,Future_Inactive
15392,260,0,19,402,338.98,1.1847368421052633,United Kingdom,0.0,0.0,1,338.98,338.98,402.0,19.0,1.0,0.0551870226879982,338.98,0.0,0.0029413494911465377,Future_High
15393,181,0,8,94,124.10000000000001,1.36875,United Kingdom,0.0,0.0,1,124.10000000000001,124.10000000000001,94.0,8.0,0.0,0.0,124.10000000000001,0.0,0.007993605115907274,Future_Low
15394,104,154,44,546,1436.44,3.5448148148148144,United Kingdom,0.0,0.0,2,718.22,848.78,273.0,27.0,0.0,0.0,587.66,848.78,1.4435837325451024,Future_Mid
15395,225,0,7,17,107.45,6.542857142857143,United Kingdom,0.0,0.0,1,107.45,107.45,17.0,7.0,0.0,0.0,107.45,0.0,0.009220839096357769,Future_Inactive
15396,12,0,14,122,288.18,3.599285714285714,United Kingdom,0.0,0.0,1,288.18,288.18,122.0,14.0,0.0,0.0,0.0,288.18,289.18,Future_Inactive
15397,189,0,6,20,94.0,4.933333333333334,United Kingdom,0.0,0.0,1,94.0,94.0,20.0,6.0,0.0,0.0,94.0,0.0,0.010526315789473684,Future_Inactive
15400,13,164,9,340,611.2,2.1045454545454545,United Kingdom,0.45454545454545453,0.0,4,152.8,346.1,85.0,2.75,1.0,0.07492053882246102,346.1,265.1,0.766637856525497,Future_Low
15402,48,47,35,694,626.77,3.5076190476190474,United Kingdom,0.0,0.0,2,313.385,440.99,347.0,21.0,0.0,0.0,0.0,626.77,627.77,Future_Inactive
15405,89,0,8,193,349.1,3.6,United Kingdom,0.0,0.0,1,349.1,349.1,193.0,8.0,0.0,0.0,0.0,349.1,350.1,Future_Inactive
15406,201,0,42,130,252.29,3.153488372093023,United Kingdom,0.0,0.0,1,252.29,252.29,130.0,42.0,0.0,0.0,252.29,0.0,0.003948043744324687,Future_Low
15407,83,121,62,329,740.73,6.5767741935483865,United Kingdom,0.6129032258064516,0.0,3,246.91,410.87,109.66666666666667,20.666666666666668,0.0,0.0,165.0,575.73,3.474277108433735,Future_Low
15408,164,0,34,106,267.18,4.476176470588236,United Kingdom,1.0,0.0,1,267.18,267.18,106.0,34.0,0.0,0.0,267.18,0.0,0.003728838839585353,Future_Inactive
15410,29,131,43,937,2702.67,3.802717391304348,United Kingdom,0.2391304347826087,0.0,6,450.445,809.9200000000001,156.16666666666666,15.333333333333334,0.0,0.0,382.6,2320.07,6.050755995828989,Future_Mid
15411,24,58,22,155,382.21,4.151818181818182,United Kingdom,0.5454545454545454,0.0,2,191.10500000000002,225.81,77.5,11.0,0.0,0.0,0.0,382.21,383.21,Future_Mid
15412,71,0,10,108,190.53,3.471,United Kingdom,0.0,0.0,1,190.53,190.53,108.0,10.0,0.0,0.0,0.0,190.53,191.53,Future_Inactive
15414,142,0,5,12,36.2,4.0200000000000005,United Kingdom,0.0,0.0,1,36.2,36.2,12.0,5.0,0.0,0.0,36.2,0.0,0.026881720430107524,Future_Mid
15415,213,0,46,551,559.61,1.7710638297872339,United Kingdom,1.0,0.0,1,559.61,559.61,551.0,46.0,0.0,0.0,559.61,0.0,0.0017837712491750057,Future_Inactive
15416,55,127,135,1698,3144.33,3.439072847682119,United Kingdom,0.0,0.2913907284768212,3,1048.11,1375.24,566.0,50.333333333333336,1.0,0.0031544441203697833,2274.43,869.9,0.3827408445876164,Future_Mid
15421,115,94,35,379,739.36,2.8270731707317074,United Kingdom,0.6097560975609756,0.0,3,246.45333333333335,406.1,126.33333333333333,13.666666666666666,0.0,0.0,295.06,444.3,1.5040870093899885,Future_Low
15422,223,0,6,38,97.7,3.016666666666667,United Kingdom,0.0,0.0,2,48.85,55.5,19.0,3.0,0.0,0.0,97.7,0.0,0.010131712259371834,Future_Inactive
15424,154,0,17,554,383.34,1.7388235294117649,United Kingdom,0.0,0.0,2,191.67000000000002,193.5,277.0,8.5,0.0,0.0,383.34,0.0,0.0026018629338606446,Future_Inactive
15426,157,112,101,255,634.13,2.971090909090909,United Kingdom,1.0,0.0,2,317.065,382.57,127.5,54.0,1.0,0.007745509169431057,634.13,0.0,0.0015744808149512697,Future_Mid
15433,113,53,40,534,533.3,1.2573170731707317,United Kingdom,0.0,0.0,2,266.65,372.64,267.0,20.5,0.0,0.0,372.64,160.66,0.43266245583984586,Future_Inactive
15434,7,93,32,479,587.28,3.03625,United Kingdom,0.0,0.0,3,195.76,306.96,159.66666666666666,10.666666666666666,4.0,0.06969965783804334,0.0,587.28,588.28,Future_Mid
15436,134,0,124,246,484.1,2.2783200000000003,United Kingdom,0.0,0.0,1,484.1,484.1,246.0,124.0,0.0,0.0,0.0,484.1,485.1,Future_Mid
15437,162,0,44,79,200.16,2.845333333333333,United Kingdom,0.0,0.0,1,200.16,200.16,79.0,44.0,0.0,0.0,200.16,0.0,0.00497116723006562,Future_Inactive
15438,31,0,25,59,156.57999999999998,3.5376,United Kingdom,1.0,0.0,1,156.57999999999998,156.57999999999998,59.0,25.0,0.0,0.0,0.0,156.57999999999998,157.57999999999998,Future_Inactive
15440,36,72,25,125,237.66,2.2984375,United Kingdom,0.625,0.0,2,118.83,125.8,62.5,16.0,0.0,0.0,0.0,237.66,238.66,Future_Low
15442,148,0,2,120,594.0,4.95,United Kingdom,0.0,0.0,1,594.0,594.0,120.0,2.0,0.0,0.0,594.0,0.0,0.0016806722689075631,Future_Inactive
15443,9,210,72,347,684.8,3.732972972972973,United Kingdom,0.6891891891891891,0.0,2,342.4,437.71,173.5,36.5,0.0,0.0,437.71,247.09,0.5654988488979052,Future_High
15445,164,0,5,58,113.5,5.55,United Kingdom,1.0,0.0,1,113.5,113.5,58.0,5.0,0.0,0.0,113.5,0.0,0.008733624454148471,Future_Inactive
15447,230,0,9,85,155.17,3.121111111111111,United Kingdom,0.0,0.0,1,155.17,155.17,85.0,9.0,0.0,0.0,155.17,0.0,0.006403278478581034,Future_Inactive
15448,212,0,28,232,494.64,3.5778571428571424,United Kingdom,0.0,0.0,1,494.64,494.64,232.0,28.0,0.0,0.0,494.64,0.0,0.002017593414575095,Future_Inactive
15449,85,76,30,516,647.7,2.055,United Kingdom,0.0,0.0,2,323.85,345.92,258.0,20.0,1.0,0.0025410025410025406,345.92,301.78,0.8727660555747722,Future_Low
15452,164,0,36,134,237.0,2.660487804878049,United Kingdom,1.0,0.0,1,237.0,237.0,134.0,36.0,0.0,0.0,237.0,0.0,0.004201680672268907,Future_Low
15453,31,56,77,261,479.36,2.5597169811320755,United Kingdom,0.6698113207547169,0.330188679245283,3,159.78666666666666,194.34,87.0,35.0,0.0,0.0,0.0,479.36,480.36,Future_Mid
15454,262,0,23,86,179.1,2.782,United Kingdom,1.0,0.0,1,179.1,179.1,86.0,23.0,0.0,0.0,179.1,0.0,0.00555247084952804,Future_Inactive
15456,183,75,48,633,434.59000000000003,1.648103448275862,United Kingdom,0.0,0.0,3,144.86333333333332,231.22,211.0,19.333333333333332,0.0,0.0,434.59000000000003,0.0,0.0022957368167313297,Future_Inactive
15457,162,0,56,132,237.07,1.8825862068965518,United Kingdom,0.0,0.0,1,237.07,237.07,132.0,56.0,0.0,0.0,237.07,0.0,0.004200445247196203,Future_Inactive
15460,254,0,53,107,214.26,2.884642857142857,United Kingdom,0.0,0.0,1,214.26,214.26,107.0,53.0,0.0,0.0,214.26,0.0,0.0046455449224194,Future_Inactive
15462,43,43,7,124,169.8,1.6642857142857144,United Kingdom,0.7142857142857143,0.0,2,84.9,105.0,62.0,3.5,0.0,0.0,0.0,169.8,170.8,Future_Low
15464,238,0,155,348,1044.65,4.2381290322580645,United Kingdom,0.0,0.0,1,1044.65,1044.65,348.0,155.0,0.0,0.0,1044.65,0.0,0.0009563429445799263,Future_Inactive
15465,38,230,38,906,5992.129999999999,6.868933333333333,United Kingdom,0.8666666666666667,0.0,15,399.47533333333325,645.56,60.4,5.0,5.0,0.050868961934208534,4566.46,1425.6699999999998,0.31235522588046744,Future_High
15467,45,7,36,235,402.56,2.436153846153846,United Kingdom,1.0,0.0,2,201.28,288.42,117.5,19.0,0.0,0.0,0.0,402.56,403.56,Future_Low
15469,20,0,16,128,304.3,4.034375,United Kingdom,0.0,0.0,1,304.3,304.3,128.0,16.0,2.0,0.04428391959798995,0.0,304.3,305.3,Future_Low
15472,13,0,76,251,371.56,2.2892105263157894,United Kingdom,0.0,0.0,1,371.56,371.56,251.0,76.0,0.0,0.0,0.0,371.56,372.56,Future_Inactive
15480,16,0,45,303,905.5,4.2637777777777774,Malta,0.0,0.0,1,905.5,905.5,303.0,45.0,0.0,0.0,0.0,905.5,906.5,Future_Inactive
15482,65,193,17,675,1928.3,4.069523809523809,United Kingdom,0.2857142857142857,0.0,4,482.075,713.8,168.75,5.25,0.0,0.0,1262.24,666.06,0.528054843101865,Future_High
15483,61,105,74,291,225.26,1.609047619047619,United Kingdom,0.0,0.0,4,56.315,110.95,72.75,19.75,0.0,0.0,110.95,114.31,1.0300133988387672,Future_Inactive
15485,236,37,33,578,1268.13,3.6440476190476194,United Kingdom,0.0,0.0,2,634.065,939.59,289.0,21.0,0.0,0.0,1268.13,0.0,0.0007879413456462301,Future_High
15489,111,0,23,220,348.26,2.8291304347826083,United Kingdom,0.0,0.0,1,348.26,348.26,220.0,23.0,0.0,0.0,0.0,348.26,349.26,Future_Mid
15491,0,135,108,1490,2800.9300000000003,3.9587248322147652,United Kingdom,0.0,0.0,5,560.186,837.97,298.0,29.8,1.0,0.003288057306141621,0.0,2800.9300000000003,2801.9300000000003,Future_Low
15493,49,120,126,358,1286.95,4.3503664921465965,United Kingdom,0.0,0.0,3,428.98333333333335,514.91,119.33333333333333,59.666666666666664,2.0,0.026144532727960648,919.45,367.5,0.4003476560378076,Future_Mid
15494,21,0,87,1071,1119.88,1.9550574712643678,United Kingdom,0.0,0.0,1,1119.88,1119.88,1071.0,87.0,0.0,0.0,0.0,1119.88,1120.88,Future_Low
15497,219,0,10,528,970.6,3.4199999999999995,United Kingdom,0.0,0.0,1,970.6,970.6,528.0,10.0,1.0,0.0025691090329873598,970.6,0.0,0.0010292301358583778,Future_Low
15498,20,245,288,4525,9126.37,3.035608465608466,United Kingdom,0.0,0.0,19,480.33526315789476,1761.18,238.1578947368421,19.894736842105264,7.0,0.0557924772699997,4999.96,4126.41,0.8253235378807269,Future_High
15502,23,245,148,3761,5955.53,3.5444186046511628,United Kingdom,0.12790697674418605,0.0,5,1191.106,3315.0699999999997,752.2,34.4,19.0,0.3764051885172434,2640.46,3315.0699999999997,1.255392850923353,Future_High
15503,262,0,66,70,141.04,2.085909090909091,United Kingdom,1.0,0.0,1,141.04,141.04,70.0,66.0,0.0,0.0,141.04,0.0,0.007040270346381302,Future_Inactive
15505,13,41,36,964,2091.14,3.1465,United Kingdom,0.0,0.0,3,697.0466666666667,944.1600000000001,321.3333333333333,13.333333333333334,0.0,0.0,0.0,2091.14,2092.14,Future_High
15506,38,0,45,144,208.77,2.125576923076923,United Kingdom,1.0,0.0,1,208.77,208.77,144.0,45.0,0.0,0.0,0.0,208.77,209.77,Future_Mid
15507,71,0,41,160,475.86,3.96,United Kingdom,0.0,0.0,1,475.86,475.86,160.0,41.0,0.0,0.0,0.0,475.86,476.86,Future_Inactive
15508,89,46,78,440,1000.27,3.392608695652174,United Kingdom,0.0,0.0,6,166.71166666666667,311.42,73.33333333333333,15.333333333333334,0.0,0.0,0.0,1000.27,1001.27,Future_Inactive
15510,230,0,1,2,250.0,125.0,United Kingdom,0.0,0.0,1,250.0,250.0,2.0,1.0,0.0,0.0,250.0,0.0,0.00398406374501992,Future_Inactive
15512,55,203,7,68,121.0,1.95,United Kingdom,0.0,0.0,2,60.5,101.2,34.0,3.5,0.0,0.0,101.2,19.799999999999997,0.20352250489236787,Future_Inactive
15513,6,267,145,3717,8928.87,4.257311320754717,United Kingdom,0.0,0.0,15,595.258,1726.6000000000001,247.8,14.133333333333333,1.0,0.01680777756122055,4518.76,4410.11,0.9759611129794501,Future_High
15514,125,138,50,1184,2501.94,2.4283838383838385,United Kingdom,0.0,0.0,6,416.99,1076.3200000000002,197.33333333333334,15.166666666666666,31.0,0.3085144311690035,2116.7400000000002,385.2,0.18236421845930093,Future_High
15517,133,0,27,293,267.03,1.807777777777778,United Kingdom,0.0,0.0,1,267.03,267.03,293.0,27.0,0.0,0.0,0.0,267.03,268.03,Future_Inactive
15518,24,208,125,1117,1603.86,2.3525806451612903,United Kingdom,0.6505376344086021,0.005376344086021506,7,229.12285714285713,399.15999999999997,159.57142857142858,26.142857142857142,6.0,0.018697764344538126,618.95,984.91,1.5903056698120814,Future_Low
15521,48,106,112,1366,2116.98,3.5814093959731546,United Kingdom,0.0,0.0,5,423.396,505.0,273.2,29.8,1.0,0.05575428861988064,980.69,1136.29,1.1585021748209718,Future_Mid
15525,273,0,44,113,274.93,3.2762499999999997,United Kingdom,0.0,0.0,1,274.93,274.93,113.0,44.0,0.0,0.0,274.93,0.0,0.003624107563512485,Future_Mid
15527,44,209,68,509,1330.79,3.864268292682927,United Kingdom,0.0,0.0,5,266.158,358.9,101.8,16.2,2.0,0.012503339170698409,580.3,750.49,1.2927748150696716,Future_High
15528,154,0,26,123,229.33,2.6076923076923078,United Kingdom,0.0,0.0,1,229.33,229.33,123.0,26.0,0.0,0.0,229.33,0.0,0.004341596839317501,Future_Inactive
15529,42,223,280,2025,2387.23,1.840859375,United Kingdom,0.0,0.0,8,298.40375,456.66999999999996,253.125,47.625,0.0,0.0,1517.19,870.04,0.5737358301661847,Future_High
15530,49,97,77,654,1163.69,2.897741935483871,United Kingdom,0.0,0.0,3,387.8966666666667,548.09,218.0,29.666666666666668,0.0,0.0,548.09,615.6,1.1229488790544355,Future_Low
15532,31,226,165,371,1214.49,3.8719,United Kingdom,0.755,0.0,3,404.83,536.59,123.66666666666667,66.33333333333333,7.0,0.04994758827854874,353.8,860.69,2.428664036076663,Future_Low
15535,73,154,55,135,502.9,4.718055555555555,United Kingdom,1.0,0.0,4,125.725,236.84,33.75,17.75,3.0,0.13203313772868486,259.04,243.85999999999999,0.9416243654822334,Future_Inactive
15537,63,0,24,29,110.92,3.862083333333333,United Kingdom,0.0,0.0,1,110.92,110.92,29.0,24.0,0.0,0.0,0.0,110.92,111.92,Future_Inactive
15541,14,0,29,49,85.13000000000001,2.0941379310344828,United Kingdom,0.0,0.0,1,85.13000000000001,85.13000000000001,49.0,29.0,0.0,0.0,0.0,85.13000000000001,86.13000000000001,Future_Inactive
15543,188,0,26,86,127.86,2.1992857142857143,United Kingdom,0.0,0.0,1,127.86,127.86,86.0,26.0,0.0,0.0,127.86,0.0,0.007760360080707744,Future_Inactive
15544,19,252,95,2212,2772.37,1.7093,United Kingdom,0.145,0.0,7,396.05285714285714,560.35,316.0,28.571428571428573,1.0,0.0005948046517328642,1199.1200000000001,1573.25,1.311743825617438,Future_Mid
15545,271,0,31,75,135.32999999999998,2.9829032258064516,United Kingdom,0.0,0.0,1,135.32999999999998,135.32999999999998,75.0,31.0,0.0,0.0,135.32999999999998,0.0,0.007335142668524904,Future_Low
15547,10,252,236,1841,2745.16,2.864804469273743,United Kingdom,0.9050279329608939,0.0,8,343.145,767.37,230.125,43.625,0.0,0.0,1975.7,769.46,0.38977083017149794,Future_High
15549,57,158,94,656,1619.88,3.4081553398058255,United Kingdom,0.0,0.0,2,809.94,930.3000000000001,328.0,49.0,1.0,0.022626072475835354,930.3000000000001,689.58,0.7415226028132718,Future_Low
15550,6,195,36,252,433.28,2.706530612244898,United Kingdom,0.0,0.0,3,144.42666666666665,154.24,84.0,16.333333333333332,0.0,0.0,137.89999999999998,295.38,2.1337652987760984,Future_Low
15552,117,0,17,60,90.12,1.7841176470588236,United Kingdom,0.0,0.0,1,90.12,90.12,60.0,17.0,0.0,0.0,0.0,90.12,91.12,Future_Inactive
15554,177,0,14,74,217.2,4.810714285714285,United Kingdom,0.0,0.0,1,217.2,217.2,74.0,14.0,0.0,0.0,217.2,0.0,0.00458295142071494,Future_Inactive
15555,3,265,260,2428,2809.63,1.623089430894309,United Kingdom,0.5365853658536586,0.0,10,280.963,620.35,242.8,48.4,12.0,0.01085039342357725,989.82,1819.81,1.8376799014957306,Future_High
15561,49,65,16,95,449.66999999999996,5.979375,United Kingdom,0.4375,0.0,3,149.89000000000001,265.75,31.666666666666668,5.333333333333333,0.0,0.0,0.0,449.66999999999996,450.66999999999996,Future_Low
15562,251,0,1,39,134.55,3.45,United Kingdom,0.0,0.0,1,134.55,134.55,39.0,1.0,0.0,0.0,134.55,0.0,0.007377351530800442,Future_Inactive
15563,100,158,55,742,735.62,1.7238709677419355,United Kingdom,0.0,0.0,2,367.81,465.43,371.0,31.0,0.0,0.0,270.19,465.43,1.719938050813083,Future_Mid
15569,3,228,27,666,1375.71,2.165161290322581,United Kingdom,0.7419354838709677,0.0,5,275.142,352.81,133.2,6.2,0.0,0.0,288.5,1087.21,3.758929188255613,Future_Inactive
15570,41,227,184,1135,2809.98,4.042863070539419,United Kingdom,0.3360995850622407,0.0,9,312.22,517.65,126.11111111111111,25.333333333333332,7.0,0.019385593590016504,2261.43,548.55,0.24290254284110446,Future_High
15572,9,168,109,687,1552.79,4.132824427480916,United Kingdom,0.3053435114503817,0.0,4,388.1975,679.25,171.75,32.25,0.0,0.0,873.54,679.25,0.7778374917099276,Future_High
15574,77,194,131,332,675.64,2.634144736842105,United Kingdom,0.0,0.0,4,168.91,349.04,83.0,35.75,0.0,0.0,563.54,112.1,0.2003400999043469,Future_Inactive
15577,51,154,39,89,258.88,3.0605128205128205,United Kingdom,0.0,0.0,3,86.29333333333334,156.85,29.666666666666668,13.0,0.0,0.0,29.65,229.23,7.511582381729201,Future_Inactive
15578,62,0,13,52,127.1,2.3884615384615384,United Kingdom,0.0,0.0,1,127.1,127.1,52.0,13.0,0.0,0.0,0.0,127.1,128.1,Future_Inactive
15579,213,0,25,55,195.35,4.478,United Kingdom,1.0,0.0,1,195.35,195.35,55.0,25.0,0.0,0.0,195.35,0.0,0.005092946269416858,Future_Low
15581,20,245,134,283,3675.77,22.986301369863014,United Kingdom,0.1506849315068493,0.0,13,282.7515384615385,2500.0,21.76923076923077,11.076923076923077,1.0,0.06368177453085637,455.0,3220.77,7.065285087719298,Future_Inactive
15582,0,120,33,407,541.51,2.1983333333333333,United Kingdom,0.0,0.0,2,270.755,303.61,203.5,18.0,0.0,0.0,0.0,541.51,542.51,Future_Low
15584,62,0,35,48,150.4,3.3728571428571428,United Kingdom,0.0,0.0,1,150.4,150.4,48.0,35.0,0.0,0.0,0.0,150.4,151.4,Future_Mid
15585,76,0,31,320,455.3,2.2641935483870967,United Kingdom,0.0,0.0,1,455.3,455.3,320.0,31.0,0.0,0.0,0.0,455.3,456.3,Future_Inactive
15587,42,209,3,156,456.84,2.964,United Kingdom,0.0,0.0,2,228.42,344.88,78.0,2.5,0.0,0.0,344.88,111.96,0.326587255695617,Future_Mid
15589,155,54,28,243,478.53000000000003,3.6893103448275864,United Kingdom,0.0,0.0,3,159.51,263.58,81.0,9.666666666666666,1.0,0.04385789641943734,478.53000000000003,0.0,0.0020853752632786268,Future_Inactive
15594,134,0,15,145,267.91,3.1026666666666665,United Kingdom,0.0,0.0,1,267.91,267.91,145.0,15.0,1.0,0.015615814226925337,0.0,267.91,268.91,Future_High
15596,0,264,51,561,1406.59,4.183246753246753,United Kingdom,0.0,0.0,5,281.318,402.32,112.2,15.4,7.0,0.04303189462798672,1080.5,326.09,0.3024410540915395,Future_Inactive
15599,104,0,29,361,448.83,2.306551724137931,United Kingdom,0.0,0.0,1,448.83,448.83,361.0,29.0,0.0,0.0,0.0,448.83,449.83,Future_Low
15601,22,249,200,4003,5585.46,2.6783086053412464,United Kingdom,0.0,0.0,11,507.7690909090909,768.38,363.90909090909093,30.636363636363637,2.0,0.0012874017015159155,4057.05,1528.41,0.37688298567045747,Future_High
15602,100,167,12,345,542.95,3.979411764705883,United Kingdom,0.0,0.0,5,108.59,192.2,69.0,3.4,7.0,0.2829408734927825,404.75,138.2,0.34306839186691307,Future_Mid
15605,152,121,37,266,690.1800000000001,4.688974358974359,United Kingdom,0.0,0.0,3,230.06000000000003,312.58,88.66666666666667,13.0,0.0,0.0,690.1800000000001,0.0,0.001446801122717671,Future_Mid
15606,19,205,42,762,2439.38,3.680615384615385,United Kingdom,0.2153846153846154,0.0,8,304.9225,320.88,95.25,8.125,0.0,0.0,1505.47,933.91,0.6205964937901186,Future_Inactive
15607,236,0,13,202,104.76,1.1753846153846153,United Kingdom,0.0,0.0,1,104.76,104.76,202.0,13.0,0.0,0.0,104.76,0.0,0.0094553706505295,Future_Inactive
15608,20,0,18,230,285.68,2.0611111111111113,United Kingdom,0.0,0.0,1,285.68,285.68,230.0,18.0,0.0,0.0,0.0,285.68,286.68,Future_Mid
15609,84,0,16,148,298.48,4.44625,United Kingdom,0.0,0.0,1,298.48,298.48,148.0,16.0,2.0,0.08702168659957789,0.0,298.48,299.48,Future_Inactive
15611,3,230,17,257,947.1400000000001,6.5375000000000005,United Kingdom,0.5,0.125,8,118.39250000000001,385.47,32.125,3.0,1.0,0.01651021764412693,331.5,615.6400000000001,1.8545563909774438,Future_Mid
15615,5,253,153,3837,7367.85,2.6087540983606554,United Kingdom,0.0,0.09836065573770492,19,387.7815789473684,1048.64,201.94736842105263,16.05263157894737,6.0,0.005359396831610992,3730.8,3637.05,0.9748780749236293,Future_High
15618,36,0,12,100,222.831,3.40675,United Kingdom,0.0,0.0,1,222.831,222.831,100.0,12.0,0.0,0.0,0.0,222.831,223.831,Future_Mid
15620,120,137,59,600,875.01,3.6078333333333332,United Kingdom,0.0,0.0,2,437.505,450.52,300.0,30.0,2.0,0.02338274030090629,424.49,450.52,1.0611765258877999,Future_Mid
15622,97,85,127,1225,2602.0,4.104637681159421,United Kingdom,0.0,0.0,5,520.4,1537.2,245.0,27.6,13.0,0.03736588975212726,576.0,2026.0,3.512998266897747,Future_Mid
15623,41,0,19,125,301.03,4.2905263157894735,United Kingdom,0.0,0.0,1,301.03,301.03,125.0,19.0,0.0,0.0,0.0,301.03,302.03,Future_Inactive
15624,16,139,26,357,588.13,3.6561764705882354,United Kingdom,0.0,0.0,4,147.0325,208.63000000000002,89.25,8.5,0.0,0.0,183.9,404.23,2.1916170903190912,Future_Inactive
15625,3,131,44,1188,1534.26,1.62359375,United Kingdom,0.15625,0.0,4,383.56499999999994,695.3299999999999,297.0,16.0,4.0,0.018990255505255887,0.0,1534.26,1535.26,Future_Inactive
15626,229,0,20,312,281.88,2.082,United Kingdom,0.0,0.0,1,281.88,281.88,312.0,20.0,0.0,0.0,281.88,0.0,0.0035350678733031674,Future_Mid
15628,28,238,53,861,1313.55,2.1929870129870133,United Kingdom,0.0,0.0,4,328.38750000000005,371.83000000000004,215.25,19.25,2.0,0.0034897394075029398,691.01,622.54,0.9010563431164289,Future_High
15630,104,0,21,280,396.86,3.296666666666667,United Kingdom,0.0,0.0,1,396.86,396.86,280.0,21.0,1.0,0.014771232094535887,0.0,396.86,397.86,Future_Mid
15632,21,153,76,1304,2351.84,2.916578947368421,United Kingdom,0.0,0.0,6,391.97333333333336,547.27,217.33333333333334,19.0,1.0,0.006715264344902733,695.23,1656.61,2.38083679243928,Future_Mid
15636,182,0,8,82,306.7,4.35,United Kingdom,0.0,0.0,1,306.7,306.7,82.0,8.0,0.0,0.0,306.7,0.0,0.0032499187520311995,Future_Mid
15639,34,0,25,323,425.32,4.3084,United Kingdom,0.0,0.0,1,425.32,425.32,323.0,25.0,0.0,0.0,0.0,425.32,426.32,Future_Inactive
15640,21,250,193,4861,8836.74,2.788632218844985,United Kingdom,0.4133738601823708,0.0,11,803.34,1485.78,441.90909090909093,29.727272727272727,10.0,0.008901864153762123,5382.11,3454.63,0.641939325037014,Future_High
15641,5,253,102,1562,1887.2,1.9095798319327733,United Kingdom,0.0,0.0,4,471.80000000000007,581.82,390.5,29.75,0.0,0.0,1305.38,581.82,0.44613359053261686,Future_Inactive
15643,91,90,31,246,664.0,5.933030303030303,United Kingdom,0.0,0.0,3,221.33333333333334,337.1,82.0,11.0,3.0,0.024390243902439025,337.1,326.90000000000003,0.9698314108251996,Future_Inactive
15644,66,94,166,550,803.54,1.794353448275862,United Kingdom,0.5172413793103449,0.0,4,200.885,380.35,137.5,56.5,0.0,0.0,423.19,380.35,0.8990075202149981,Future_Inactive
15646,57,214,35,394,447.64000000000004,2.914285714285714,United Kingdom,0.0,0.0,3,149.21333333333334,189.8,131.33333333333334,11.666666666666666,1.0,0.047858084825796565,340.04,107.60000000000001,0.3184377199155524,Future_Inactive
15648,104,62,23,218,639.5,4.522916666666666,United Kingdom,0.0,0.4583333333333333,2,319.75,340.5,109.0,12.0,3.0,0.08243059042972953,299.0,340.5,1.1383333333333334,Future_Inactive
15649,236,31,1,192,816.0,4.25,United Kingdom,0.0,0.0,2,408.0,510.0,96.0,1.0,0.0,0.0,816.0,0.0,0.0012239902080783353,Future_Inactive
15651,160,0,16,238,227.32,1.7374999999999998,United Kingdom,0.0,0.0,1,227.32,227.32,238.0,16.0,0.0,0.0,227.32,0.0,0.004379817799579537,Future_Mid
15653,15,0,4,48,48.0,1.0,United Kingdom,0.0,0.0,1,48.0,48.0,48.0,4.0,0.0,0.0,0.0,48.0,49.0,Future_Mid
15655,143,0,34,324,560.67,3.0920588235294115,United Kingdom,1.0,0.0,1,560.67,560.67,324.0,34.0,3.0,0.08089898691846169,560.67,0.0,0.0017804048640660888,Future_Inactive
15656,78,105,34,202,563.63,4.9557142857142855,United Kingdom,0.0,0.0,3,187.87666666666667,256.77,67.33333333333333,11.666666666666666,0.0,0.0,242.95,320.68,1.3186308669809388,Future_Low
15658,90,182,40,242,1024.1000000000001,6.244791666666667,United Kingdom,0.0,0.0,5,204.82,418.95,48.4,9.6,8.0,0.05985495272193151,597.6500000000001,426.45,0.7140232189092123,Future_Inactive
15660,35,229,35,578,884.34,2.2959615384615386,United Kingdom,0.0,0.0,6,147.39000000000001,358.22,96.33333333333333,8.666666666666666,4.0,0.052347324767732184,364.3,520.04,1.4263345195729535,Future_Mid
15661,217,21,4,236,309.8,0.9099999999999999,United Kingdom,0.0,0.0,2,154.89999999999998,193.79999999999998,118.0,2.5,0.0,0.0,309.8,0.0,0.0032175032175032173,Future_Inactive
15663,6,0,9,106,138.14,2.51,United Kingdom,0.0,0.0,1,138.14,138.14,106.0,9.0,0.0,0.0,0.0,138.14,139.14,Future_Inactive
15665,68,74,92,1654,2222.21,2.268521739130435,United Kingdom,0.6608695652173913,0.0,2,1111.105,1456.42,827.0,57.5,0.0,0.0,1456.42,765.79,0.5261283638209987,Future_Inactive
15668,117,0,1,72,76.32000000000001,1.06,United Kingdom,0.0,0.0,1,76.32000000000001,76.32000000000001,72.0,1.0,0.0,0.0,0.0,76.32000000000001,77.32000000000001,Future_Inactive
15669,3,160,29,262,565.54,3.344666666666667,United Kingdom,0.16666666666666666,0.0,3,188.51333333333332,235.94,87.33333333333333,10.0,2.0,0.011622013666789005,198.8,366.74,1.8405405405405404,Future_Low
15670,196,0,12,91,173.05,3.15,United Kingdom,0.0,0.0,1,173.05,173.05,91.0,12.0,0.0,0.0,173.05,0.0,0.005745475438092501,Future_Inactive
15671,26,144,44,801,1334.49,2.4496428571428575,United Kingdom,0.0,0.0,4,333.6225,375.96000000000004,200.25,14.0,3.0,0.015957172247498395,1033.13,301.36,0.29238103526635917,Future_High
15673,56,170,82,1031,2014.7,3.0179,United Kingdom,0.4,0.0,3,671.5666666666667,880.26,343.6666666666667,31.333333333333332,0.0,0.0,880.26,1134.44,1.2884279327326782,Future_Mid
15674,113,41,39,626,1379.66,8.586166666666665,United Kingdom,0.35,0.0,4,344.915,355.12,156.5,15.0,21.0,0.3374154756416167,710.24,669.42,0.9426072774309656,Future_High
15675,55,125,16,485,225.39,2.9968749999999997,United Kingdom,0.0,0.8125,2,112.695,180.39,242.5,8.0,0.0,0.0,45.0,180.39,3.943260869565217,Future_Low
15676,183,0,61,555,897.8,3.017377049180328,United Kingdom,0.0,0.0,1,897.8,897.8,555.0,61.0,2.0,0.022217381834023088,897.8,0.0,0.0011125945705384957,Future_High
15679,54,28,18,398,260.26,1.0386363636363638,United Kingdom,0.0,0.0,2,130.13,178.22,199.0,11.0,0.0,0.0,0.0,260.26,261.26,Future_Mid
15680,266,0,30,331,478.89,2.1813333333333333,United Kingdom,0.0,0.0,1,478.89,478.89,331.0,30.0,0.0,0.0,478.89,0.0,0.002083810873325137,Future_Mid
15681,83,97,22,450,703.22,1.761875,United Kingdom,0.0,0.0,3,234.40666666666667,345.68,150.0,10.666666666666666,0.0,0.0,345.68,357.54,1.034210222683743,Future_Low
15683,17,0,10,131,193.75,2.163,United Kingdom,1.0,0.0,1,193.75,193.75,131.0,10.0,0.0,0.0,0.0,193.75,194.75,Future_Inactive
15687,86,143,69,657,1679.45,4.697938144329897,United Kingdom,0.0,0.0,5,335.89,379.1,131.4,19.4,2.0,0.00685964341681204,1402.45,277.0,0.19808329473796715,Future_High
15689,19,241,8,84,254.1,3.5,United Kingdom,0.0,0.0,2,127.05,150.6,42.0,4.5,0.0,0.0,103.5,150.6,1.4507177033492822,Future_Inactive
15690,0,0,8,204,111.0,0.61,United Kingdom,0.0,0.0,1,111.0,111.0,204.0,8.0,0.0,0.0,0.0,111.0,112.0,Future_Low
15691,152,0,2,72,136.8,1.9,United Kingdom,0.0,0.0,1,136.8,136.8,72.0,2.0,0.0,0.0,136.8,0.0,0.007256894049346879,Future_Inactive
15694,76,196,23,739,3305.78,5.31025,United Kingdom,0.075,0.0,9,367.3088888888889,584.76,82.11111111111111,4.444444444444445,1.0,0.01659933721642799,2195.2799999999997,1110.5,0.5060830130948696,Future_High
15695,166,0,22,212,409.98,2.887272727272727,United Kingdom,0.0,0.0,2,204.99,359.73,106.0,11.0,0.0,0.0,409.98,0.0,0.002433208428633997,Future_Inactive
15696,120,106,89,717,1629.95,4.116504854368932,United Kingdom,0.1941747572815534,0.0,6,271.65833333333336,493.45,119.5,17.0,5.0,0.05069889341875364,1317.46,312.49,0.23776982236852084,Future_High
15700,72,1,85,357,696.68,2.933488372093023,United Kingdom,0.9883720930232558,0.0,2,348.34,692.78,178.5,42.5,3.0,0.04476711502337762,0.0,696.68,697.68,Future_Inactive
15701,10,0,119,472,853.9,3.2561290322580643,United Kingdom,1.0,0.0,1,853.9,853.9,472.0,119.0,0.0,0.0,0.0,853.9,854.9,Future_Mid
15703,164,0,5,66,211.5,2.93,United Kingdom,1.0,0.0,1,211.5,211.5,66.0,5.0,0.0,0.0,211.5,0.0,0.004705882352941176,Future_Inactive
15704,40,75,79,1028,2293.62,3.227008547008547,United Kingdom,0.6324786324786325,0.0,4,573.405,938.85,257.0,28.75,0.0,0.0,0.0,2293.62,2294.62,Future_Inactive
15705,101,0,6,62,143.1,6.05,United Kingdom,1.0,0.0,1,143.1,143.1,62.0,6.0,0.0,0.0,0.0,143.1,144.1,Future_Inactive
15706,16,0,29,160,450.05,4.562068965517242,United Kingdom,0.0,0.0,1,450.05,450.05,160.0,29.0,1.0,0.0065121412803532015,0.0,450.05,451.05,Future_Mid
15708,38,231,103,989,2589.34,3.8610859728506783,United Kingdom,1.0,0.0,6,431.5566666666667,632.13,164.83333333333334,34.666666666666664,9.0,0.01315618973573285,1513.3600000000001,1075.98,0.711178319554135,Future_Mid
15709,183,0,6,121,133.25,2.415,United Kingdom,0.0,0.0,1,133.25,133.25,121.0,6.0,0.0,0.0,133.25,0.0,0.0074487895716946,Future_Inactive
15712,9,178,32,371,766.3100000000001,3.2912195121951218,United Kingdom,0.0,0.0,3,255.4366666666667,307.66,123.66666666666667,13.666666666666666,0.0,0.0,299.8,466.51,1.554222074468085,Future_Low
15713,43,222,18,150,356.7,5.338421052631579,United Kingdom,0.0,0.0,2,178.35000000000002,185.55,75.0,9.5,1.0,0.027137597163507433,171.15,185.55,1.0836479814115598,Future_Inactive
15716,45,223,101,738,1101.1100000000001,2.2830769230769232,United Kingdom,1.0,0.0,4,275.27750000000003,529.4,184.5,27.75,0.0,0.0,644.66,456.45,0.7084998296316947,Future_Inactive
15717,134,0,7,70,150.3,2.4714285714285715,United Kingdom,0.0,0.0,1,150.3,150.3,70.0,7.0,0.0,0.0,0.0,150.3,151.3,Future_Inactive
15719,26,210,252,1922,3546.8,2.1576052249637154,United Kingdom,0.0,0.0,10,354.68,491.71999999999997,192.2,68.6,1.0,0.0004649917569643083,1705.88,1840.92,1.0791151106111736,Future_High
15722,8,181,32,590,1413.45,3.5234782608695654,United Kingdom,0.45652173913043476,0.0,3,471.15000000000003,654.15,196.66666666666666,14.666666666666666,3.0,0.028423150948584,324.05,1089.4,3.3545608367943394,Future_Mid
15723,264,0,37,73,190.7,2.651315789473684,United Kingdom,0.0,0.0,1,190.7,190.7,73.0,37.0,0.0,0.0,190.7,0.0,0.005216484089723527,Future_Inactive
15724,101,83,11,73,218.25,3.4136363636363636,United Kingdom,0.5454545454545454,0.0,2,109.125,114.60000000000001,36.5,5.5,1.0,0.026538804638715434,103.65,114.60000000000001,1.1046344959388439,Future_Inactive
15727,7,251,191,2625,4589.39,3.382022900763359,United Kingdom,0.0,0.0,6,764.8983333333334,1516.95,437.5,42.666666666666664,0.0,0.0,2856.15,1733.24,0.6069824825437936,Future_Mid
15729,112,0,5,28,85.0,3.75,United Kingdom,0.0,0.0,1,85.0,85.0,28.0,5.0,1.0,0.21296296296296297,0.0,85.0,86.0,Future_Inactive
15730,106,0,29,314,467.43,3.0731034482758623,United Kingdom,0.0,0.0,1,467.43,467.43,314.0,29.0,3.0,0.02604546496364053,0.0,467.43,468.43,Future_Mid
15732,112,159,13,215,294.12,1.8907142857142856,United Kingdom,0.0,0.0,2,147.06,156.02,107.5,7.0,0.0,0.0,138.1,156.02,1.12882818116463,Future_Inactive
15733,182,0,10,62,162.3,4.35,United Kingdom,0.0,0.0,1,162.3,162.3,62.0,10.0,0.0,0.0,162.3,0.0,0.00612369871402327,Future_Inactive
15734,14,85,25,346,1339.45,4.843846153846154,United Kingdom,0.0,0.0,2,669.7250000000001,760.8000000000001,173.0,13.0,0.0,0.0,0.0,1339.45,1340.45,Future_Inactive
15737,47,95,43,443,880.9300000000001,3.5598113207547173,United Kingdom,0.0,0.0,5,176.186,475.88,88.6,10.6,5.0,0.059368092853405656,475.88,405.05,0.8514720684448919,Future_Low
15738,9,262,42,2177,3558.4100000000003,2.1456557377049177,United Kingdom,0.11475409836065574,0.0,12,296.5341666666667,391.8,181.41666666666666,10.083333333333334,3.0,0.0066023461360222874,2005.0900000000001,1553.3200000000002,0.774800731771755,Future_High
15743,13,71,31,119,434.05,5.310294117647059,United Kingdom,0.0,0.0,2,217.025,322.55,59.5,17.0,0.0,0.0,0.0,434.05,435.05,Future_Low
15745,136,0,18,127,302.85,4.434444444444444,United Kingdom,1.0,0.0,1,302.85,302.85,127.0,18.0,0.0,0.0,0.0,302.85,303.85,Future_Mid
15746,34,0,28,178,196.88,1.4835714285714285,United Kingdom,0.0,0.0,1,196.88,196.88,178.0,28.0,1.0,0.06603415559772295,0.0,196.88,197.88,Future_Inactive
15747,20,52,26,281,525.37,2.3865116279069767,United Kingdom,0.0,0.0,2,262.685,282.71999999999997,140.5,20.0,0.0,0.0,0.0,525.37,526.37,Future_Mid
15749,135,97,5,18028,44534.3,3.0439999999999996,United Kingdom,0.0,0.0,3,14844.766666666668,21535.9,6009.333333333333,3.3333333333333335,5.0,0.3405520584842602,22998.4,21535.9,0.9364113846448169,Future_Inactive
15750,70,196,125,1053,1108.18,1.9252272727272728,United Kingdom,0.0,0.0,4,277.04499999999996,497.26,263.25,32.25,2.0,0.012695669217679497,610.92,497.26,0.8142567655902733,Future_High
15752,15,257,178,1317,1612.85,1.62875,United Kingdom,0.0,0.0,5,322.57,403.78000000000003,263.4,53.2,0.0,0.0,1042.68,570.17,0.5472654453472328,Future_High
15753,204,0,1,144,79.2,0.55,United Kingdom,0.0,0.0,1,79.2,79.2,144.0,1.0,0.0,0.0,79.2,0.0,0.012468827930174562,Future_Inactive
15754,146,0,6,36,91.8,2.9333333333333336,United Kingdom,0.0,0.0,1,91.8,91.8,36.0,6.0,0.0,0.0,91.8,0.0,0.010775862068965518,Future_Low
15755,8,186,65,624,1144.83,3.4575757575757575,United Kingdom,0.0,0.0,3,381.60999999999996,524.1,208.0,22.0,0.0,0.0,314.68,830.15,2.632887734414597,Future_High
15756,52,96,118,166,359.89,2.393037037037037,United Kingdom,0.362962962962963,0.0,3,119.96333333333332,123.59,55.333333333333336,44.666666666666664,0.0,0.0,123.59,236.3,1.9046472429568986,Future_Low
15757,117,0,16,167,261.36,3.1325000000000003,United Kingdom,0.0,0.0,1,261.36,261.36,167.0,16.0,0.0,0.0,0.0,261.36,262.36,Future_Mid
15759,118,139,5,60,253.04,5.174285714285714,United Kingdom,0.0,0.0,3,84.34666666666668,97.24000000000001,20.0,2.3333333333333335,0.0,0.0,185.04,68.0,0.3708879810793378,Future_Inactive
15764,7,169,150,2048,3276.62,2.8497191011235956,United Kingdom,0.0,0.0,5,655.3240000000001,1564.7,409.6,35.6,5.0,0.008142829466750616,1120.93,2155.69,1.9223035305232947,Future_Inactive
15768,15,110,23,244,621.8299999999999,7.899259259259259,United Kingdom,0.0,0.0,3,207.27666666666664,354.34999999999997,81.33333333333333,9.0,1.0,0.06043848118096793,0.0,621.8299999999999,622.8299999999999,Future_Inactive
15769,1,269,19,22140,41863.72,2.0793023255813954,United Kingdom,0.0,0.0,19,2203.3536842105264,10065.0,1165.2631578947369,4.526315789473684,1.0,0.004257574200717746,24401.88,17461.84,0.7156056989994624,Future_High
15775,145,0,7,68,104.9,2.4714285714285715,United Kingdom,0.0,0.0,1,104.9,104.9,68.0,7.0,0.0,0.0,104.9,0.0,0.009442870632672332,Future_Inactive
15776,33,0,18,138,241.62,4.183888888888889,United Kingdom,0.0,0.0,1,241.62,241.62,138.0,18.0,0.0,0.0,0.0,241.62,242.62,Future_Inactive
15777,141,120,18,378,1047.11,3.823333333333333,United Kingdom,0.0,0.0,4,261.7775,365.55,94.5,5.25,1.0,0.02377378543925565,1047.11,0.0,0.0009540983293738253,Future_Inactive
15780,83,174,26,220,475.28000000000003,4.157586206896552,United Kingdom,0.0,0.0,3,158.42666666666668,225.61,73.33333333333333,9.666666666666666,0.0,0.0,402.76,72.52,0.18208836932831385,Future_Inactive
15781,37,168,11,66,211.3,6.15,United Kingdom,0.0,0.0,2,105.65,127.95000000000002,33.0,5.5,1.0,0.053315412186379925,83.35,127.95000000000002,1.5287492590397158,Future_Low
15785,57,137,41,1011,1665.83,3.9781818181818185,United Kingdom,0.0,0.0,4,416.4575,928.58,252.75,13.75,2.0,0.0070218942424043725,928.58,737.25,0.7941758643688547,Future_Mid
15786,14,0,165,2286,3147.64,2.2955151515151515,United Kingdom,0.0,0.0,1,3147.64,3147.64,2286.0,165.0,9.0,0.020903062049744313,0.0,3147.64,3148.64,Future_High
15789,258,0,25,438,351.3,0.9984000000000001,United Kingdom,0.0,0.0,1,351.3,351.3,438.0,25.0,0.0,0.0,351.3,0.0,0.002838489923360772,Future_Inactive
15791,104,0,54,558,1223.24,3.409074074074074,United Kingdom,0.0,0.0,1,1223.24,1223.24,558.0,54.0,1.0,0.0066992017799576125,0.0,1223.24,1224.24,Future_Mid
15793,168,0,3,192,306.64,1.7666666666666666,United Kingdom,0.0,0.0,1,306.64,306.64,192.0,3.0,0.0,0.0,306.64,0.0,0.00325055259394097,Future_Mid
15795,49,0,42,581,610.01,3.058095238095238,United Kingdom,0.0,0.0,1,610.01,610.01,581.0,42.0,0.0,0.0,0.0,610.01,611.01,Future_Inactive
15796,9,192,59,528,1572.77,3.568809523809524,United Kingdom,0.4523809523809524,0.0,5,314.554,379.40000000000003,105.6,16.4,2.0,0.02778601983037856,343.92,1228.8500000000001,3.565609416676331,Future_High
15797,13,206,8,873,2207.4,4.23125,United Kingdom,0.0,0.0,4,551.85,1495.2,218.25,2.0,0.0,0.0,1510.2,697.2,0.46201694017998945,Future_Inactive
15799,85,149,37,539,481.24,3.0043243243243243,United Kingdom,0.5945945945945946,0.0,2,240.62,320.21999999999997,269.5,18.5,0.0,0.0,320.21999999999997,161.02,0.5043895149741611,Future_Mid
15800,7,139,116,332,696.89,2.7484615384615383,United Kingdom,0.0,0.0,2,348.445,452.39,166.0,58.5,0.0,0.0,244.5,452.39,1.8468024439918533,Future_Inactive
15801,9,0,9,70,137.22,2.6144444444444446,United Kingdom,0.0,0.0,1,137.22,137.22,70.0,9.0,0.0,0.0,0.0,137.22,138.22,Future_Mid
15802,42,0,1,1,451.42,451.42,United Kingdom,0.0,0.0,1,451.42,451.42,1.0,1.0,2.0,0.6666666666666667,0.0,451.42,452.42,Future_Inactive
15804,8,89,103,1101,2076.91,4.957295081967213,United Kingdom,0.2540983606557377,0.0,4,519.2275,600.03,275.25,30.5,3.0,0.10935241926146379,0.0,2076.91,2077.91,Future_High
15805,6,258,150,2273,3548.5,2.6443367346938773,United Kingdom,0.0,0.0,11,322.59090909090907,1052.56,206.63636363636363,17.818181818181817,4.0,0.01292090293328141,924.5600000000001,2623.94,2.836056009334889,Future_High
15806,57,119,19,413,521.88,2.0482608695652176,United Kingdom,0.0,0.0,2,260.94,300.36,206.5,11.5,0.0,0.0,300.36,221.52,0.7383859835412795,Future_Low
15808,206,63,142,1305,3651.27,3.6561538461538463,United Kingdom,0.5743589743589743,0.0,4,912.8175,1228.4,326.25,47.75,2.0,0.0027857663725225114,3651.27,0.0,0.0002738023202008614,Future_Inactive
15809,84,118,24,251,399.21,4.1466666666666665,United Kingdom,0.0,0.3333333333333333,4,99.80250000000001,198.8,62.75,6.75,0.0,0.0,262.22,136.99,0.5242382797659753,Future_Inactive
15810,70,126,64,856,1361.19,2.60816091954023,United Kingdom,0.0,0.367816091954023,3,453.73,507.07,285.3333333333333,29.0,1.0,0.0015257432496864158,377.32,983.87,2.603272362021569,Future_Inactive
15811,5,259,89,760,1773.8,3.8111428571428574,United Kingdom,0.0,0.0,5,354.76,478.96000000000004,152.0,21.0,5.0,0.022807404142794183,897.33,876.47,0.9767791346164549,Future_Mid
15812,7,210,36,922,1801.14,5.051707317073171,United Kingdom,0.0,0.0,5,360.228,533.0200000000001,184.4,8.2,0.0,0.0,764.76,1036.38,1.3547064354366904,Future_Inactive
15813,107,31,40,603,1303.9099999999999,3.775,United Kingdom,0.0,0.0,2,651.9549999999999,770.65,301.5,20.0,0.0,0.0,770.65,533.26,0.6923605261452731,Future_Inactive
15815,40,119,24,1514,1874.7,2.39525,United Kingdom,0.0,0.0,4,468.675,514.08,378.5,10.0,0.0,0.0,880.0,994.7,1.1301929625425653,Future_Low
15819,31,145,83,1139,1585.47,2.0408910891089107,United Kingdom,0.2376237623762376,0.0,3,528.49,639.64,379.6666666666667,33.666666666666664,0.0,0.0,639.64,945.83,1.477943931068931,Future_Low
15820,219,0,17,128,206.98,2.2494117647058824,United Kingdom,0.0,0.0,1,206.98,206.98,128.0,17.0,0.0,0.0,206.98,0.0,0.004808154630252909,Future_Inactive
15822,259,0,16,160,440.2,4.009375,United Kingdom,0.0,0.0,1,440.2,440.2,160.0,16.0,0.0,0.0,440.2,0.0,0.0022665457842248413,Future_Mid
15823,272,0,1,1,15.0,15.0,United Kingdom,0.0,0.0,1,15.0,15.0,1.0,1.0,16.0,0.9827736689788231,15.0,0.0,0.0625,Future_Inactive
15825,72,0,20,220,532.94,8.8395,United Kingdom,0.0,0.0,1,532.94,532.94,220.0,20.0,0.0,0.0,0.0,532.94,533.94,Future_Inactive
15826,110,0,28,488,720.0,2.6078571428571427,United Kingdom,0.0,0.0,1,720.0,720.0,488.0,28.0,0.0,0.0,0.0,720.0,721.0,Future_Mid
15827,14,258,60,749,1598.16,4.528181818181818,United Kingdom,0.1111111111111111,0.0,13,122.93538461538462,222.45,57.61538461538461,7.615384615384615,19.0,0.10855268662460886,734.28,863.88,1.1762593841801763,Future_Low
15829,40,0,26,420,325.44,1.4646153846153847,United Kingdom,0.0,0.0,1,325.44,325.44,420.0,26.0,0.0,0.0,0.0,325.44,326.44,Future_Low
15831,24,199,22,687,451.11,1.477391304347826,United Kingdom,0.2608695652173913,0.0,2,225.555,309.94,343.5,11.5,1.0,0.10690740630753696,309.94,141.17,0.4572264745610085,Future_Low
15832,154,0,54,465,836.79,2.310185185185185,United Kingdom,0.0,0.0,1,836.79,836.79,465.0,54.0,0.0,0.0,836.79,0.0,0.001193616538750761,Future_Inactive
15834,65,111,176,677,1783.22,4.709947916666667,United Kingdom,0.0,0.0,3,594.4066666666666,1022.77,225.66666666666666,60.333333333333336,3.0,0.07704172209081452,1272.77,510.45,0.40152460805325924,Future_Mid
15835,37,193,32,333,675.51,2.7537142857142856,United Kingdom,0.0,0.0,3,225.17,301.11,111.0,11.666666666666666,0.0,0.0,488.31,187.20000000000002,0.38462324497762157,Future_Low
15838,8,259,51,7998,14153.5,1.880970873786408,United Kingdom,0.0,0.0,12,1179.4583333333333,4105.9400000000005,666.5,8.583333333333334,2.0,0.020235611408698156,5608.2,8545.3,1.5236219068672894,Future_High
15839,48,0,20,234,299.18,2.0175,United Kingdom,0.0,0.0,1,299.18,299.18,234.0,20.0,0.0,0.0,0.0,299.18,300.18,Future_Mid
15840,72,0,17,256,241.74,1.9476470588235293,United Kingdom,0.0,0.0,1,241.74,241.74,256.0,17.0,1.0,0.03934191702432046,0.0,241.74,242.74,Future_Low
15841,118,120,19,366,613.26,1.5691666666666666,United Kingdom,0.0,0.0,2,306.63,331.6,183.0,12.0,1.0,0.015981515355733125,331.6,281.66,0.8498496692723992,Future_Mid
15843,203,0,8,27,118.95000000000002,7.14375,United Kingdom,0.0,0.0,1,118.95000000000002,118.95000000000002,27.0,8.0,0.0,0.0,118.95000000000002,0.0,0.008336807002917881,Future_Inactive
15845,44,192,73,1378,2526.76,2.5618279569892475,United Kingdom,0.0,0.0,5,505.35200000000003,929.22,275.6,18.6,2.0,0.02353477659352465,1232.58,1294.18,1.0499359587541952,Future_High
15847,188,0,9,348,180.68,2.256666666666667,United Kingdom,0.0,0.0,1,180.68,180.68,348.0,9.0,0.0,0.0,180.68,0.0,0.005504183179216204,Future_Low
15850,68,0,41,239,116.16,1.0445454545454547,United Kingdom,0.0,0.0,1,116.16,116.16,239.0,41.0,0.0,0.0,0.0,116.16,117.16,Future_Low
15852,86,10,22,48,160.71,3.355,United Kingdom,0.0,0.0,2,80.355,103.21000000000001,24.0,11.0,0.0,0.0,0.0,160.71,161.71,Future_Inactive
15854,40,221,70,744,2393.69,3.2965979381443296,United Kingdom,0.5360824742268041,0.0,9,265.96555555555557,356.0,82.66666666666667,10.777777777777779,0.0,0.0,1056.7,1336.99,1.2649995272761652,Future_Mid
15855,36,126,59,470,712.24,1.886,United Kingdom,0.0,0.0,5,142.448,237.55,94.0,15.8,0.0,0.0,202.2,510.04,2.51496062992126,Future_Inactive
15856,0,265,245,6705,9939.48,1.7308212560386476,United Kingdom,0.12077294685990338,0.0,15,662.632,1571.32,447.0,27.333333333333332,4.0,0.007890379127476787,5662.0,4277.4800000000005,0.7555147448348932,Future_High
15858,189,77,91,725,816.22,2.658333333333333,United Kingdom,0.0,0.0,2,408.11,432.29,362.5,51.0,0.0,0.0,816.22,0.0,0.0012236607033601723,Future_Mid
15860,24,244,62,273,654.28,4.253164556962025,United Kingdom,0.1518987341772152,0.0,5,130.856,292.85,54.6,15.6,0.0,0.0,395.51,258.77,0.6551411061511689,Future_Low
15861,34,132,174,870,1123.76,1.781039603960396,United Kingdom,0.0,0.5594059405940595,3,374.58666666666664,467.95,290.0,67.33333333333333,0.0,0.0,716.24,407.52,0.5695722491774022,Future_High
15862,12,261,98,499,659.73,2.7548000000000004,United Kingdom,0.0,0.0,3,219.91,354.23,166.33333333333334,33.333333333333336,0.0,0.0,354.23,305.5,0.8628212707260084,Future_Low
15863,92,0,2,2,9.2,4.6,United Kingdom,0.0,0.0,1,9.2,9.2,2.0,2.0,0.0,0.0,0.0,9.2,10.2,Future_Low
15864,77,138,7,206,414.26,2.9428571428571426,United Kingdom,0.0,0.0,2,207.13,242.42000000000002,103.0,3.5,3.0,0.032464499252615846,242.42000000000002,171.84,0.7100484758853011,Future_High
15865,113,0,16,178,313.93,5.0125,United Kingdom,0.0,0.0,1,313.93,313.93,178.0,16.0,0.0,0.0,0.0,313.93,314.93,Future_Mid
15866,1,0,43,124,211.89,3.6188372093023258,United Kingdom,0.0,0.0,1,211.89,211.89,124.0,43.0,0.0,0.0,0.0,211.89,212.89,Future_Inactive
15867,13,256,253,1485,2947.41,3.4645555555555556,United Kingdom,0.07777777777777778,0.0,12,245.61749999999998,566.13,123.75,30.0,0.0,0.0,1501.5,1445.91,0.9630016638935108,Future_Mid
15869,177,0,13,175,149.64,2.1420000000000003,United Kingdom,0.0,0.0,2,74.82,88.05,87.5,6.5,0.0,0.0,149.64,0.0,0.006638343069569836,Future_Inactive
15874,77,106,79,1065,2207.75,7.194597701149425,United Kingdom,0.0,0.0,6,367.9583333333333,1163.75,177.5,14.166666666666666,5.0,0.01190502830800904,2044.5,163.25,0.080298215595209,Future_High
15880,269,0,95,202,329.03000000000003,2.2252083333333332,United Kingdom,1.0,0.0,1,329.03000000000003,329.03000000000003,202.0,95.0,1.0,0.0835584770074924,329.03000000000003,0.0,0.003030027573250916,Future_Inactive
15881,212,52,26,260,501.39000000000004,3.3168965517241378,United Kingdom,0.0,0.0,5,100.278,339.29,52.0,5.8,3.0,0.11186098416409819,501.39000000000004,0.0,0.0019904854794084276,Future_Inactive
15882,98,169,23,276,516.36,1.9078260869565218,United Kingdom,0.0,0.0,4,129.09,270.52,69.0,5.75,1.0,0.03907994640464493,371.32000000000005,145.04000000000002,0.3922432316287065,Future_Inactive
15885,209,0,1,1,15.0,15.0,United Kingdom,0.0,0.0,1,15.0,15.0,1.0,1.0,0.0,0.0,15.0,0.0,0.0625,Future_Low
15889,56,212,79,206,420.07,2.8614117647058825,United Kingdom,0.6941176470588235,0.0,2,210.035,272.07,103.0,41.0,0.0,0.0,272.07,148.0,0.5456476361372542,Future_Inactive
15891,126,0,60,418,511.68,2.7223333333333333,United Kingdom,0.0,0.0,1,511.68,511.68,418.0,60.0,0.0,0.0,0.0,511.68,512.6800000000001,Future_Inactive
15894,153,115,35,164,258.25,2.0862162162162163,United Kingdom,0.918918918918919,0.0,2,129.125,151.44,82.0,17.5,0.0,0.0,258.25,0.0,0.003857280617164899,Future_Inactive
15895,49,0,11,94,179.17,1.9845454545454544,United Kingdom,0.0,0.0,1,179.17,179.17,94.0,11.0,0.0,0.0,0.0,179.17,180.17,Future_Inactive
15897,94,0,17,223,208.59,2.1386363636363637,United Kingdom,1.0,0.0,2,104.295,119.71000000000001,111.5,10.5,0.0,0.0,0.0,208.59,209.59,Future_Inactive
15898,126,141,67,421,997.94,3.1594444444444445,United Kingdom,0.09722222222222222,0.0,4,249.485,377.64,105.25,17.5,1.0,0.004191031193246452,685.34,312.6,0.4569163971209605,Future_Mid
15899,268,0,4,39,56.25,4.125,United Kingdom,0.0,0.0,1,56.25,56.25,39.0,4.0,0.0,0.0,56.25,0.0,0.017467248908296942,Future_Inactive
15901,54,0,24,209,110.49,2.1170833333333334,United Kingdom,0.0,0.0,1,110.49,110.49,209.0,24.0,0.0,0.0,0.0,110.49,111.49,Future_Low
15903,127,67,19,676,641.6400000000001,0.735,United Kingdom,0.0,0.0,2,320.82,480.36,338.0,13.0,1.0,0.0006541444724792075,161.28,480.36,2.966231205324131,Future_High
15906,44,110,56,242,797.71,4.043857142857143,United Kingdom,0.0,0.0,4,199.42749999999998,341.93,60.5,17.5,1.0,0.05440902786832779,411.33000000000004,386.38,0.9394902141488612,Future_Mid
15907,76,33,93,237,477.59000000000003,2.9014678899082567,United Kingdom,0.0,0.0,2,238.79500000000002,254.52,118.5,51.0,0.0,0.0,0.0,477.59000000000003,478.59000000000003,Future_Mid
15909,73,0,7,98,191.94,1.8599999999999999,United Kingdom,1.0,0.0,1,191.94,191.94,98.0,7.0,0.0,0.0,0.0,191.94,192.94,Future_Inactive
15910,107,109,117,431,550.61,2.034444444444444,United Kingdom,0.0,0.0,4,137.6525,161.41,107.75,33.0,0.0,0.0,429.79,120.82000000000001,0.28278279440098425,Future_Mid
15912,78,54,19,185,264.62,2.0957894736842104,United Kingdom,0.0,0.0,2,132.31,141.49,92.5,9.5,0.0,0.0,0.0,264.62,265.62,Future_Inactive
15916,91,174,64,393,846.95,4.004202898550725,United Kingdom,0.0,0.0,5,169.39000000000001,342.61,78.6,13.8,2.0,0.02114995665992488,733.6,113.35,0.15566294582085488,Future_Mid
15917,147,0,12,42,123.1,5.1499999999999995,United Kingdom,0.0,0.0,1,123.1,123.1,42.0,12.0,0.0,0.0,123.1,0.0,0.008058017727639002,Future_Inactive
15918,90,80,33,153,334.23,2.5142499999999997,United Kingdom,0.55,0.0,2,167.115,192.23,76.5,19.5,0.0,0.0,142.0,192.23,1.3512587412587411,Future_Inactive
15919,268,0,38,175,214.07999999999998,3.0692307692307694,United Kingdom,0.0,0.0,1,214.07999999999998,214.07999999999998,175.0,38.0,0.0,0.0,214.07999999999998,0.0,0.004649432769202158,Future_Low
15920,54,0,53,99,167.5,2.1593333333333335,United Kingdom,0.0,0.0,4,41.875,98.06,24.75,15.0,0.0,0.0,0.0,167.5,168.5,Future_Inactive
15921,72,0,24,162,323.03000000000003,3.8095833333333338,United Kingdom,0.0,0.0,1,323.03000000000003,323.03000000000003,162.0,24.0,0.0,0.0,0.0,323.03000000000003,324.03000000000003,Future_Inactive
15922,273,0,11,138,369.5,4.409090909090909,United Kingdom,0.0,0.0,1,369.5,369.5,138.0,11.0,1.0,0.015716568993074057,369.5,0.0,0.002699055330634278,Future_Inactive
15923,272,0,21,122,127.08,2.814761904761905,United Kingdom,0.0,0.0,1,127.08,127.08,122.0,21.0,0.0,0.0,127.08,0.0,0.007807620237351656,Future_Inactive
15925,94,0,12,93,207.15,2.8958333333333335,United Kingdom,1.0,0.0,1,207.15,207.15,93.0,12.0,0.0,0.0,0.0,207.15,208.15,Future_Inactive
15932,7,181,65,1509,1885.95,1.6451948051948053,United Kingdom,0.0,0.0,6,314.325,339.34,251.5,12.833333333333334,4.0,0.017719026859794682,968.23,917.72,0.9478864665765608,Future_Mid
15935,139,2,12,115,416.86,27.295,United Kingdom,0.0,0.0,2,208.43,308.82,57.5,6.0,0.0,0.0,416.86,0.0,0.0023931460297707367,Future_Inactive
15938,12,211,13,240,404.58,2.320555555555556,United Kingdom,0.2777777777777778,0.0,5,80.91600000000001,105.0,48.0,3.6,0.0,0.0,242.6,161.98,0.669047619047619,Future_Inactive
15939,7,224,28,4572,5860.25,1.8072972972972974,United Kingdom,0.14864864864864866,0.0,14,418.5892857142857,1265.3999999999999,326.57142857142856,5.285714285714286,1.0,0.0021709518133832795,3114.9500000000003,2745.2999999999997,0.8813684430109596,Future_Low
15940,211,0,1,4,35.8,8.95,United Kingdom,0.0,0.0,1,35.8,35.8,4.0,1.0,1.0,0.10050251256281408,35.8,0.0,0.027173913043478264,Future_Inactive
15942,33,0,14,232,337.44,2.657857142857143,United Kingdom,0.0,0.0,1,337.44,337.44,232.0,14.0,0.0,0.0,0.0,337.44,338.44,Future_Inactive
15944,176,0,6,50,325.1,5.083333333333333,United Kingdom,0.0,0.0,1,325.1,325.1,50.0,6.0,0.0,0.0,325.1,0.0,0.0030665440049064702,Future_Inactive
15945,265,0,2,52,181.0,2.75,United Kingdom,0.0,0.0,1,181.0,181.0,52.0,2.0,0.0,0.0,181.0,0.0,0.005494505494505495,Future_Inactive
15950,6,253,66,445,1091.38,3.0698529411764706,United Kingdom,0.0,0.0,2,545.69,662.5600000000001,222.5,33.5,0.0,0.0,428.82000000000005,662.5600000000001,1.5438090363407937,Future_Mid
15951,185,0,22,174,375.16999999999996,3.52,United Kingdom,1.0,0.0,1,375.16999999999996,375.16999999999996,174.0,22.0,0.0,0.0,375.16999999999996,0.0,0.0026583725443283623,Future_Low
15952,59,66,25,140,309.2,3.9426923076923077,United Kingdom,0.46153846153846156,0.0,2,154.6,232.65,70.0,13.0,0.0,0.0,0.0,309.2,310.2,Future_Mid
15953,111,157,29,450,824.04,2.5749999999999997,United Kingdom,0.39473684210526316,0.0,4,206.01,242.03,112.5,9.5,2.0,0.02242152466367713,652.12,171.92,0.26475992160705536,Future_Mid
15955,6,266,68,1103,2463.65,3.0962921348314607,United Kingdom,0.21348314606741572,0.0,8,307.95625,572.38,137.875,11.125,1.0,0.004022477360931436,1064.17,1399.48,1.3147948214838945,Future_High
15965,267,0,16,74,156.19,2.50125,United Kingdom,0.0,0.0,1,156.19,156.19,74.0,16.0,0.0,0.0,156.19,0.0,0.006361727845282779,Future_Mid
15967,218,0,32,60,161.9,3.3545454545454545,United Kingdom,0.0,0.0,1,161.9,161.9,60.0,32.0,0.0,0.0,161.9,0.0,0.006138735420503376,Future_Low
15969,85,0,10,44,308.7,7.55,United Kingdom,0.0,0.0,1,308.7,308.7,44.0,10.0,0.0,0.0,0.0,308.7,309.7,Future_Low
15970,203,0,11,116,314.1,2.6,United Kingdom,0.0,0.0,1,314.1,314.1,116.0,11.0,0.0,0.0,314.1,0.0,0.0031735956839098697,Future_Inactive
15971,8,202,9,912,2109.45,2.3665,United Kingdom,0.0,0.05,7,301.34999999999997,762.0,130.28571428571428,2.857142857142857,0.0,0.0,1086.15,1023.3,0.9421882904842936,Future_High
15973,266,0,4,106,307.82000000000005,4.4275,United Kingdom,0.0,0.0,1,307.82000000000005,307.82000000000005,106.0,4.0,2.0,0.4032992808265648,307.82000000000005,0.0,0.0032381322453208985,Future_Inactive
15974,33,155,100,1526,2547.13,3.0560483870967743,United Kingdom,0.0,0.0,5,509.42600000000004,769.24,305.2,24.8,1.0,0.004922394158758932,917.19,1629.94,1.7762554591097703,Future_Mid
15976,65,54,83,275,427.64,2.4234375,United Kingdom,0.0,0.0,2,213.82,217.65,137.5,48.0,0.0,0.0,0.0,427.64,428.64,Future_Inactive
15980,154,0,20,592,760.18,1.4045,United Kingdom,0.0,0.0,1,760.18,760.18,592.0,20.0,0.0,0.0,760.18,0.0,0.0013137497044063166,Future_High
15981,37,173,31,1296,2458.2,2.4020967741935486,United Kingdom,0.0,0.0,6,409.7,600.0,216.0,10.333333333333334,0.0,0.0,1390.8,1067.4,0.7676390285960627,Future_Mid
15983,260,13,57,694,1138.37,2.119625,United Kingdom,0.0,0.0,3,379.4566666666667,430.99,231.33333333333334,25.666666666666668,0.0,0.0,1138.37,0.0,0.0008776780150434012,Future_Low
15984,0,267,176,943,1807.51,2.7112745098039217,United Kingdom,0.5735294117647058,0.0,7,258.2157142857142,648.78,134.71428571428572,27.428571428571427,0.0,0.0,563.14,1244.37,2.207554862268231,Future_Mid
15985,23,113,29,1086,1142.42,1.8202702702702702,United Kingdom,0.7297297297297297,0.0,2,571.21,899.58,543.0,18.5,1.0,0.08417373458819002,0.0,1142.42,1143.42,Future_Inactive
15987,20,248,64,1365,1193.63,2.376363636363636,United Kingdom,0.0,0.0,6,198.93833333333336,403.05,227.5,11.666666666666666,0.0,0.0,113.48,1080.15,9.444007686932215,Future_Low
15990,187,0,23,171,401.37,4.0834782608695654,United Kingdom,0.0,0.0,1,401.37,401.37,171.0,23.0,0.0,0.0,401.37,0.0,0.0024852747471232946,Future_Mid
15996,16,249,91,336,879.76,3.895229357798165,United Kingdom,0.28440366972477066,0.0,5,175.952,263.25,67.2,21.6,1.0,0.017752272067525623,627.17,252.59,0.4036964515974975,Future_Low
15998,71,190,280,1370,2105.26,2.4472727272727273,United Kingdom,0.3460410557184751,0.0,3,701.7533333333332,912.03,456.6666666666667,112.66666666666667,3.0,0.002747434937898496,1775.42,329.84,0.18623974060188467,Future_High
16003,34,224,56,595,1793.9,7.341896551724138,United Kingdom,0.0,0.0,3,597.9666666666667,1181.0,198.33333333333334,19.333333333333332,0.0,0.0,1181.0,612.9,0.5193739424703891,Future_Mid
16005,82,88,77,117,275.41,2.736987951807229,United Kingdom,0.0,0.0,2,137.705,154.92000000000002,58.5,40.5,0.0,0.0,154.92000000000002,120.49000000000001,0.7791816316059518,Future_Low
16006,111,0,8,84,101.4,1.5775000000000001,United Kingdom,0.0,0.0,1,101.4,101.4,84.0,8.0,0.0,0.0,0.0,101.4,102.4,Future_Inactive
16007,80,34,128,581,727.67,2.020817610062893,United Kingdom,1.0,0.0,2,363.83500000000004,363.97,290.5,79.0,0.0,0.0,0.0,727.67,728.67,Future_High
16008,104,0,6,75,139.15,2.8083333333333336,United Kingdom,0.0,0.0,1,139.15,139.15,75.0,6.0,0.0,0.0,0.0,139.15,140.15,Future_Low
16009,59,0,55,196,441.59000000000003,2.628965517241379,United Kingdom,1.0,0.0,1,441.59000000000003,441.59000000000003,196.0,55.0,0.0,0.0,0.0,441.59000000000003,442.59000000000003,Future_Mid
16010,145,116,62,202,392.4,2.2455696202531645,United Kingdom,0.8227848101265823,0.0,3,130.79999999999998,163.55,67.33333333333333,24.666666666666668,0.0,0.0,392.4,0.0,0.0025419420437214034,Future_Inactive
16011,19,246,82,1128,1715.53,2.040074074074074,United Kingdom,0.1259259259259259,0.0,10,171.553,237.95,112.8,13.3,0.0,0.0,864.24,851.29,0.9850330544126484,Future_High
16012,28,26,49,551,1132.12,3.1505769230769234,United Kingdom,0.0,0.46153846153846156,2,566.06,767.0699999999999,275.5,25.0,0.0,0.0,0.0,1132.12,1133.12,Future_Low
16013,9,262,27,8250,21587.739999999998,3.440923076923077,United Kingdom,0.0,0.0,34,634.9335294117647,2145.0,242.64705882352942,1.8823529411764706,10.0,0.14794844844469512,9570.62,12017.119999999999,1.2555993656246276,Future_High
16014,52,138,115,222,514.38,2.675,United Kingdom,0.5538461538461539,0.0,2,257.19,260.75,111.0,64.5,0.0,0.0,253.63,260.75,1.0279621411459765,Future_Low
16016,96,170,99,300,791.07,3.1189256198347106,United Kingdom,0.0,0.0,4,197.76749999999998,363.02,75.0,28.5,1.0,0.010630714008779718,363.02,428.05,1.1786440305477721,Future_Mid
16018,80,0,15,44,161.9,4.473333333333333,United Kingdom,1.0,0.0,1,161.9,161.9,44.0,15.0,0.0,0.0,0.0,161.9,162.9,Future_Low
16019,36,228,85,1193,2952.25,3.8238317757009344,United Kingdom,0.0,0.0,7,421.75,1129.3500000000001,170.42857142857142,15.285714285714286,0.0,0.0,2256.82,695.4300000000001,0.3084524009885642,Future_Mid
16022,160,0,68,255,602.63,3.2222535211267607,United Kingdom,0.0,0.0,1,602.63,602.63,255.0,68.0,0.0,0.0,602.63,0.0,0.001656643970644269,Future_Inactive
16023,92,74,59,227,500.69,3.787846153846154,United Kingdom,0.0,0.0,2,250.34500000000003,322.85,113.5,32.5,0.0,0.0,177.84,322.85,1.8108365019011408,Future_Low
16027,37,165,11,859,776.22,14.374,United Kingdom,0.0,0.0,5,155.244,320.52,171.8,3.0,1.0,0.09607322526551146,399.72,376.5,0.9420543022559392,Future_Low
16029,7,266,43,24407,52213.24,49.30689655172414,United Kingdom,0.0,0.0,46,1135.0704347826086,8142.75,530.5869565217391,3.760869565217391,10.0,0.23392010639061137,23409.75,28803.49,1.2303958651474216,Future_High
16030,209,0,28,283,331.24,2.3137931034482757,United Kingdom,0.0,0.0,1,331.24,331.24,283.0,28.0,0.0,0.0,331.24,0.0,0.003009872381411028,Future_Inactive
16031,147,0,39,219,305.63,3.51,United Kingdom,0.0,0.0,1,305.63,305.63,219.0,39.0,0.0,0.0,305.63,0.0,0.003261259498418289,Future_Low
16033,8,261,367,2149,5864.55,3.5074825174825173,United Kingdom,0.12027972027972028,0.0,16,366.534375,687.08,134.3125,44.5,15.0,0.014914317005244116,1890.82,3973.73,2.1010085526107134,Future_High
16034,96,136,18,242,437.7,2.5545454545454547,United Kingdom,0.4090909090909091,0.0,3,145.9,153.6,80.66666666666667,7.333333333333333,0.0,0.0,153.6,284.1,1.8441138421733507,Future_Inactive
16036,163,0,11,127,188.73,2.7936363636363635,United Kingdom,0.0,0.0,1,188.73,188.73,127.0,11.0,0.0,0.0,188.73,0.0,0.005270647762610025,Future_Mid
16037,169,88,37,428,855.02,3.1225641025641027,United Kingdom,0.0,0.0,3,285.00666666666666,303.00000000000006,142.66666666666666,13.0,0.0,0.0,855.02,0.0,0.0011681970047428799,Future_Inactive
16038,77,24,23,229,393.33,2.93,United Kingdom,0.8260869565217391,0.0,2,196.665,316.95,114.5,11.5,2.0,0.04248015969618774,0.0,393.33,394.33,Future_Low
16040,48,120,42,509,876.1800000000001,3.6802173913043474,United Kingdom,0.0,0.0,2,438.09000000000003,453.75,254.5,23.0,0.0,0.0,422.43,453.75,1.0739673617835297,Future_Mid
16041,41,0,5,1044,2739.8,6.3100000000000005,United Kingdom,0.0,0.0,2,1369.9,2064.8,522.0,2.5,0.0,0.0,0.0,2739.8,2740.8,Future_Mid
16042,7,224,26,260,440.48,2.5296153846153846,United Kingdom,0.0,0.0,2,220.23999999999998,415.53,130.0,13.0,4.0,0.10175782046576125,24.95,415.53,16.05125240847784,Future_Mid
16043,111,106,22,342,676.49,5.481290322580644,United Kingdom,0.0,0.0,3,225.49666666666667,307.85,114.0,10.333333333333334,0.0,0.0,451.95,224.54000000000002,0.49793575449828903,Future_Low
16045,19,170,71,897,1340.7,2.8589156626506025,United Kingdom,0.0,0.0,4,335.175,664.45,224.25,20.75,0.0,0.0,861.25,479.45,0.5572049869527399,Future_Inactive
16048,273,0,8,144,256.44,1.62125,United Kingdom,0.0,0.0,2,128.22000000000003,251.40000000000003,72.0,4.0,0.0,0.0,256.44,0.0,0.003884400248601616,Future_Inactive
16050,73,0,10,278,137.9,2.585,United Kingdom,1.0,0.0,1,137.9,137.9,278.0,10.0,0.0,0.0,0.0,137.9,138.9,Future_Inactive
16053,22,0,62,1003,1124.19,2.5424193548387097,United Kingdom,0.0,0.0,1,1124.19,1124.19,1003.0,62.0,0.0,0.0,0.0,1124.19,1125.19,Future_Mid
16054,45,0,70,380,783.9,3.998142857142857,United Kingdom,1.0,0.0,1,783.9,783.9,380.0,70.0,0.0,0.0,0.0,783.9,784.9,Future_Inactive
16055,120,0,8,22,134.8,8.9875,United Kingdom,0.0,0.0,1,134.8,134.8,22.0,8.0,0.0,0.0,0.0,134.8,135.8,Future_Inactive
16057,111,73,58,377,1059.54,4.177833333333333,United Kingdom,0.0,0.0,3,353.18,683.98,125.66666666666667,20.0,10.0,0.0745082282240313,683.98,375.56,0.5497386785015621,Future_High
16059,63,204,99,390,944.6,3.1015151515151516,United Kingdom,0.22727272727272727,0.0,4,236.15,381.5,97.5,32.5,0.0,0.0,641.0,303.6,0.47445482866043615,Future_Mid
16062,33,231,37,650,778.14,2.243333333333333,United Kingdom,0.0,0.0,3,259.38,330.62,216.66666666666666,16.0,0.0,0.0,578.18,199.96,0.3469733070893332,Future_Mid
16063,160,0,23,262,335.32,2.242608695652174,United Kingdom,0.0,0.0,1,335.32,335.32,262.0,23.0,0.0,0.0,335.32,0.0,0.0029733587059942914,Future_Inactive
16065,265,0,71,228,367.14,1.8763013698630138,United Kingdom,0.0,0.0,1,367.14,367.14,228.0,71.0,0.0,0.0,367.14,0.0,0.0027163579073178684,Future_Inactive
16066,24,0,6,186,316.38,4.0616666666666665,United Kingdom,1.0,0.0,1,316.38,316.38,186.0,6.0,0.0,0.0,0.0,316.38,317.38,Future_High
16072,188,0,23,140,584.3199999999999,8.399565217391304,United Kingdom,0.0,0.0,1,584.3199999999999,584.3199999999999,140.0,23.0,0.0,0.0,584.3199999999999,0.0,0.0017084671632611223,Future_Inactive
16073,197,0,1,48,122.39999999999999,2.55,United Kingdom,0.0,0.0,1,122.39999999999999,122.39999999999999,48.0,1.0,1.0,0.1864406779661017,122.39999999999999,0.0,0.008103727714748784,Future_Inactive
16076,20,88,49,710,887.8000000000001,2.5170909090909093,United Kingdom,0.2909090909090909,0.0,3,295.93333333333334,325.46999999999997,236.66666666666666,18.333333333333332,0.0,0.0,0.0,887.8000000000001,888.8000000000001,Future_High
16078,183,0,1,16,79.2,4.95,United Kingdom,0.0,0.0,1,79.2,79.2,16.0,1.0,0.0,0.0,79.2,0.0,0.012468827930174562,Future_Inactive
16080,174,0,5,66,130.26,2.3280000000000003,United Kingdom,0.0,0.0,1,130.26,130.26,66.0,5.0,1.0,0.23744292237442924,130.26,0.0,0.007618467164406522,Future_Low
16081,85,181,57,476,992.37,3.4153968253968254,United Kingdom,0.0,0.0,3,330.79,424.24,158.66666666666666,20.666666666666668,0.0,0.0,568.13,424.24,0.7471755135030661,Future_High
16083,0,259,31,908,1317.62,1.5748387096774195,United Kingdom,0.0,0.0,2,658.81,979.64,454.0,15.5,0.0,0.0,337.98,979.64,2.8929140362263257,Future_Inactive
16084,199,0,38,216,436.18,2.6457894736842107,United Kingdom,1.0,0.0,1,436.18,436.18,216.0,38.0,0.0,0.0,436.18,0.0,0.002287387346173201,Future_Inactive
16085,136,84,48,224,325.04,2.174561403508772,United Kingdom,1.0,0.0,2,162.51999999999998,181.35,112.0,28.0,0.0,0.0,181.35,143.69,0.7934740882917467,Future_Mid
16086,100,167,16,248,587.0600000000001,3.7769565217391308,United Kingdom,0.0,0.0,3,195.68666666666664,308.61,82.66666666666667,7.666666666666667,1.0,0.0035305699833655833,278.45,308.61,1.1079262837716946,Future_Mid
16091,54,43,16,154,315.06,2.841666666666667,United Kingdom,0.0,0.0,2,157.53,157.81,77.0,9.0,0.0,0.0,0.0,315.06,316.06,Future_Inactive
16092,14,139,37,628,817.86,2.176862745098039,United Kingdom,0.0,0.0,3,272.62,310.87,209.33333333333334,17.0,1.0,0.010286073866111621,310.87,506.99,1.6288517651585597,Future_Inactive
16093,6,0,1,20,17.0,0.85,United Kingdom,0.0,0.0,1,17.0,17.0,20.0,1.0,0.0,0.0,0.0,17.0,18.0,Future_Inactive
16094,119,0,16,164,252.1,4.303125,United Kingdom,0.0,0.0,1,252.1,252.1,164.0,16.0,4.0,0.12616984402079723,0.0,252.1,253.1,Future_Mid
16096,164,0,12,155,320.62,13.269166666666669,United Kingdom,1.0,0.0,1,320.62,320.62,155.0,12.0,0.0,0.0,320.62,0.0,0.003109259374417014,Future_Inactive
16097,140,0,10,87,185.04999999999998,5.359999999999999,United Kingdom,0.0,0.0,1,185.04999999999998,185.04999999999998,87.0,10.0,0.0,0.0,185.04999999999998,0.0,0.005374899220639613,Future_Inactive
16098,28,245,31,501,1712.49,4.726111111111111,United Kingdom,0.0,0.0,6,285.415,430.6,83.5,9.0,0.0,0.0,852.4,860.09,1.0090110147644715,Future_Low
16099,37,88,26,362,592.1,1.848125,United Kingdom,0.0,0.0,2,296.05,318.3,181.0,16.0,0.0,0.0,0.0,592.1,593.1,Future_Low
16102,28,0,31,464,839.76,2.5003225806451614,United Kingdom,0.0,0.0,1,839.76,839.76,464.0,31.0,0.0,0.0,0.0,839.76,840.76,Future_High
16103,57,75,24,388,1156.4,5.197837837837838,United Kingdom,0.0,0.0,4,289.1,351.14,97.0,9.25,0.0,0.0,0.0,1156.4,1157.4,Future_Low
16105,148,0,13,330,336.96,1.18,United Kingdom,0.0,0.0,1,336.96,336.96,330.0,13.0,0.0,0.0,336.96,0.0,0.002958930050893597,Future_Inactive
16107,3,79,16,500,1494.1200000000001,5.1688888888888895,United Kingdom,0.2777777777777778,0.5555555555555556,3,498.04,642.4200000000001,166.66666666666666,6.0,0.0,0.0,0.0,1494.1200000000001,1495.1200000000001,Future_High
16109,118,89,18,612,611.88,1.5788888888888888,United Kingdom,0.0,0.0,2,305.93999999999994,314.99999999999994,306.0,9.0,0.0,0.0,314.99999999999994,296.88,0.9426582278481014,Future_Inactive
16110,162,48,173,342,678.18,2.3422222222222224,United Kingdom,0.0,0.0,2,339.09000000000003,404.0,171.0,94.0,0.0,0.0,678.18,0.0,0.0014723637327365353,Future_Mid
16112,43,195,15,574,195.73999999999998,0.5575,United Kingdom,0.0,0.0,4,48.935,72.0,143.5,4.0,0.0,0.0,136.14,59.599999999999994,0.4418842059209567,Future_Inactive
16113,83,0,30,176,161.38,2.6510000000000002,United Kingdom,0.0,0.0,1,161.38,161.38,176.0,30.0,0.0,0.0,0.0,161.38,162.38,Future_Inactive
16114,70,0,8,43,135.75000000000003,3.34375,United Kingdom,0.0,0.0,1,135.75000000000003,135.75000000000003,43.0,8.0,0.0,0.0,0.0,135.75000000000003,136.75000000000003,Future_Inactive
16115,17,175,125,592,924.59,2.258313253012048,United Kingdom,0.8493975903614458,0.0,5,184.918,273.02,118.4,32.8,0.0,0.0,339.36,585.23,1.7223821835703372,Future_Mid
16116,111,0,34,248,612.78,4.36735294117647,United Kingdom,0.0,0.0,1,612.78,612.78,248.0,34.0,1.0,0.031453499399380414,0.0,612.78,613.78,Future_Inactive
16117,89,0,30,130,232.21,2.449,United Kingdom,0.0,0.0,1,232.21,232.21,130.0,30.0,0.0,0.0,0.0,232.21,233.21,Future_Inactive
16121,115,0,60,139,285.94,2.2198591549295776,United Kingdom,1.0,0.0,1,285.94,285.94,139.0,60.0,0.0,0.0,0.0,285.94,286.94,Future_Mid
16122,12,253,24,912,550.26,1.6422222222222222,United Kingdom,0.0,0.0,3,183.42,300.42,304.0,12.0,0.0,0.0,249.84,300.42,1.2016424812629565,Future_Low
16124,217,0,11,48,249.0,8.549999999999999,United Kingdom,0.0,0.0,1,249.0,249.0,48.0,11.0,5.0,0.19897056458098758,249.0,0.0,0.004,Future_Inactive
16125,267,0,13,124,289.35,3.209230769230769,United Kingdom,0.0,0.0,1,289.35,289.35,124.0,13.0,0.0,0.0,289.35,0.0,0.0034441191665231614,Future_Inactive
16126,1,194,41,1084,3706.7000000000003,3.8801369863013697,United Kingdom,0.0,0.0,3,1235.5666666666666,1862.7,361.3333333333333,24.333333333333332,0.0,0.0,891.35,2815.35,3.156104667451112,Future_High
16128,43,138,34,366,694.7,2.554736842105263,United Kingdom,0.0,0.0,2,347.35,388.3,183.0,19.0,0.0,0.0,388.3,306.4,0.7896223991780117,Future_High
16131,15,124,46,1244,2278.5,3.0966666666666667,United Kingdom,0.0,0.0,4,569.625,1056.3600000000001,311.0,13.5,0.0,0.0,1056.3600000000001,1222.14,1.156786714080351,Future_High
16133,1,216,139,6223,10619.27,3.6304368932038833,United Kingdom,0.0,0.0,23,461.7073913043478,2210.05,270.5652173913044,8.956521739130435,19.0,0.013874495295616546,1335.78,9283.49,6.945413605828932,Future_High
16134,259,0,16,158,283.53000000000003,2.31625,United Kingdom,0.0,0.0,1,283.53000000000003,283.53000000000003,158.0,16.0,3.0,0.04833350115799013,283.53000000000003,0.0,0.0035145678838786765,Future_Low
16135,162,0,21,209,517.55,3.4428571428571426,United Kingdom,0.0,0.0,1,517.55,517.55,209.0,21.0,0.0,0.0,517.55,0.0,0.0019284543438434097,Future_Inactive
16136,177,0,8,66,159.3,4.07,United Kingdom,0.0,0.0,1,159.3,159.3,66.0,8.0,0.0,0.0,159.3,0.0,0.006238303181534622,Future_Mid
16139,12,94,13,155,306.37,3.228666666666667,United Kingdom,0.0,0.0,2,153.185,166.57,77.5,7.5,0.0,0.0,0.0,306.37,307.37,Future_Low
16140,271,0,7,104,124.14,1.7100000000000002,United Kingdom,0.0,0.0,1,124.14,124.14,104.0,7.0,0.0,0.0,124.14,0.0,0.00799105002397315,Future_Mid
16142,149,0,37,422,535.34,2.8767567567567567,United Kingdom,0.0,0.0,1,535.34,535.34,422.0,37.0,0.0,0.0,535.34,0.0,0.0018644889435805645,Future_Inactive
16143,8,261,70,715,1949.3600000000001,4.477872340425532,United Kingdom,0.1702127659574468,0.0,5,389.872,455.6,143.0,18.8,1.0,0.0026094164116942783,1212.8500000000001,736.51,0.6075791901800057,Future_Mid
16144,146,0,1,16,175.2,10.95,United Kingdom,0.0,0.0,1,175.2,175.2,16.0,1.0,0.0,0.0,175.2,0.0,0.005675368898978434,Future_Inactive
16145,23,236,93,1913,2282.3,2.0806060606060606,United Kingdom,0.0,0.0,7,326.04285714285714,366.06,273.2857142857143,18.857142857142858,12.0,0.019950531613390814,978.92,1303.38,1.3311086619315864,Future_High
16146,57,74,26,427,734.13,2.0944827586206896,United Kingdom,0.0,0.0,3,244.71,385.69,142.33333333333334,9.666666666666666,0.0,0.0,0.0,734.13,735.13,Future_Inactive
16147,33,0,22,246,375.0,3.9104545454545456,United Kingdom,0.0,0.0,1,375.0,375.0,246.0,22.0,0.0,0.0,0.0,375.0,376.0,Future_Inactive
16148,196,0,1,72,76.32000000000001,1.06,United Kingdom,0.0,0.0,1,76.32000000000001,76.32000000000001,72.0,1.0,0.0,0.0,76.32000000000001,0.0,0.012933264355923435,Future_Inactive
16149,42,0,11,168,163.68,1.3072727272727274,United Kingdom,0.0,0.0,1,163.68,163.68,168.0,11.0,0.0,0.0,0.0,163.68,164.68,Future_Low
16150,28,243,66,774,1408.7,2.86775,United Kingdom,0.0,0.275,3,469.56666666666666,571.06,258.0,26.666666666666668,11.0,0.07145211258321797,964.48,444.21999999999997,0.4611385010564693,Future_Mid
16152,168,0,29,642,1829.04,5.976206896551724,United Kingdom,0.0,0.0,1,1829.04,1829.04,642.0,29.0,0.0,0.0,1829.04,0.0,0.0005464361434722739,Future_Inactive
16153,15,239,50,530,1023.54,3.350357142857143,United Kingdom,0.0,0.0,4,255.885,323.44,132.5,14.0,0.0,0.0,215.01,808.53,3.74765057173279,Future_Mid
16156,51,158,62,654,1415.17,2.824029850746269,United Kingdom,0.0,0.0,5,283.034,417.71000000000004,130.8,13.2,5.0,0.039566465554100184,612.86,802.3100000000001,1.3086208581761314,Future_High
16159,181,0,14,236,348.2,1.8714285714285714,United Kingdom,0.0,0.0,1,348.2,348.2,236.0,14.0,0.0,0.0,348.2,0.0,0.00286368843069874,Future_Inactive
16161,40,228,172,1475,3036.66,2.8459927797833937,United Kingdom,0.0,0.07220216606498195,12,253.05499999999998,469.90000000000003,122.91666666666667,23.0,15.0,0.052970363416923696,1661.29,1375.3700000000001,0.8279963183319398,Future_High
16162,152,0,2,4,37.4,9.35,United Kingdom,0.0,0.0,1,37.4,37.4,4.0,2.0,0.0,0.0,37.4,0.0,0.026041666666666668,Future_Inactive
16163,132,132,5,192,856.6,4.791666666666667,United Kingdom,0.0,0.0,2,428.30000000000007,441.6,96.0,3.0,1.0,0.32636049072035234,441.6,415.00000000000006,0.9399005874378672,Future_Inactive
16168,3,266,39,1224,2361.2,3.133650793650794,United Kingdom,0.30158730158730157,0.0,16,147.575,275.8,76.5,3.9375,0.0,0.0,752.45,1608.75,2.136505408454443,Future_High
16170,12,135,91,1483,1560.6599999999999,2.1058823529411765,United Kingdom,0.0,0.0,5,312.13199999999995,319.29,296.6,20.4,2.0,0.002957918341010292,316.02,1244.6399999999999,3.929215822345593,Future_Low
16172,30,111,41,531,800.35,2.1422448979591837,United Kingdom,0.0,0.0,3,266.78333333333336,351.97,177.0,16.333333333333332,0.0,0.0,199.38,600.97,3.0041421299530895,Future_Low
16174,26,25,19,651,1009.5500000000001,3.7252173913043474,United Kingdom,0.0,0.0,3,336.51666666666665,383.2,217.0,7.666666666666667,0.0,0.0,0.0,1009.5500000000001,1010.5500000000001,Future_Inactive
16175,69,71,34,369,736.89,3.879047619047619,United Kingdom,0.0,0.3333333333333333,3,245.63,272.86,123.0,14.0,0.0,0.0,272.86,464.03,1.6980574015920542,Future_Low
16178,38,0,8,94,197.9,3.19375,United Kingdom,1.0,0.0,1,197.9,197.9,94.0,8.0,0.0,0.0,0.0,197.9,198.9,Future_Inactive
16180,0,152,90,5867,10254.18,2.43179012345679,United Kingdom,0.14814814814814814,0.0,8,1281.7725,2317.0,733.375,20.25,14.0,0.0035662644982742,413.88,9840.3,23.72083494022368,Future_Inactive
16182,30,164,8,2800,4844.0,1.7241176470588235,United Kingdom,0.0,0.0,3,1614.6666666666667,2327.0,933.3333333333334,5.666666666666667,0.0,0.0,825.0,4019.0,4.86682808716707,Future_High
16184,5,105,22,470,985.8000000000001,4.224864864864864,United Kingdom,0.0,0.0,5,197.16000000000003,315.98,94.0,7.4,1.0,0.0032859814973964915,0.0,985.8000000000001,986.8000000000001,Future_Low
16185,132,0,19,153,335.0,4.0473684210526315,United Kingdom,0.0,0.0,1,335.0,335.0,153.0,19.0,0.0,0.0,0.0,335.0,336.0,Future_Low
16186,3,268,67,2242,2696.53,1.5653642384105961,United Kingdom,0.12582781456953643,0.0,9,299.6144444444445,534.34,249.11111111111111,16.77777777777778,1.0,0.005531932156384034,700.09,1996.44,2.8490493374602406,Future_High
16187,13,170,130,3381,4601.32,2.3531707317073174,United Kingdom,0.0,0.0,10,460.13199999999995,910.98,338.1,20.5,0.0,0.0,1388.98,3212.34,2.3117886588296237,Future_High
16188,41,101,51,645,755.03,1.9173076923076924,United Kingdom,0.0,0.0,3,251.67666666666665,414.12,215.0,17.333333333333332,0.0,0.0,151.65,603.38,3.959253193580085,Future_Low
16191,162,97,25,1612,2615.68,2.519574468085106,United Kingdom,0.0,0.0,8,326.96,596.4,201.5,5.875,11.0,0.024101959496769,2615.68,0.0,0.0003821636577648012,Future_High
16193,136,0,19,219,314.45,2.3473684210526318,United Kingdom,1.0,0.0,1,314.45,314.45,219.0,19.0,0.0,0.0,0.0,314.45,315.45,Future_Inactive
16200,64,0,58,231,550.57,3.2975862068965514,United Kingdom,0.0,0.0,1,550.57,550.57,231.0,58.0,0.0,0.0,0.0,550.57,551.57,Future_Mid
16201,9,0,19,208,303.8,1.543684210526316,United Kingdom,0.0,0.0,1,303.8,303.8,208.0,19.0,0.0,0.0,0.0,303.8,304.8,Future_High
16202,260,0,18,191,365.27,3.4850000000000003,United Kingdom,0.0,0.0,1,365.27,365.27,191.0,18.0,0.0,0.0,365.27,0.0,0.002730226335763235,Future_Inactive
16203,47,224,19,158,378.3,3.0625,United Kingdom,0.0,0.0,3,126.09999999999998,170.7,52.666666666666664,8.0,1.0,0.009815469179426776,170.7,207.6,1.2149097262667443,Future_Low
16205,79,0,27,64,112.35,2.0433333333333334,United Kingdom,0.0,0.0,1,112.35,112.35,64.0,27.0,0.0,0.0,0.0,112.35,113.35,Future_Mid
16206,24,202,48,203,409.86,2.4021818181818184,United Kingdom,1.0,0.0,3,136.62,161.3,67.66666666666667,18.0,0.0,0.0,161.3,248.56,1.5376463339494761,Future_Low
16208,189,0,40,243,497.59,3.68525,United Kingdom,0.0,0.0,1,497.59,497.59,243.0,40.0,0.0,0.0,497.59,0.0,0.002005655949778375,Future_Low
16209,19,127,35,1103,2116.9,2.5236585365853657,United Kingdom,0.0,0.0,4,529.225,1336.2,275.75,10.25,0.0,0.0,305.95000000000005,1810.9500000000003,5.903078677309008,Future_Low
16210,16,257,47,4261,10904.08,2.9530000000000003,United Kingdom,0.0,0.0,10,1090.4080000000001,2474.7400000000002,426.1,7.0,0.0,0.0,8876.94,2027.14,0.2284471397644048,Future_High
16212,183,0,30,151,498.15000000000003,4.91,United Kingdom,0.0,0.0,1,498.15000000000003,498.15000000000003,151.0,30.0,2.0,0.018036664695446483,498.15000000000003,0.0,0.0020034057898427327,Future_Low
16214,70,98,36,420,1062.75,4.525454545454545,United Kingdom,0.0,0.0,3,354.25,542.97,140.0,14.666666666666666,0.0,0.0,749.67,313.08000000000004,0.4183995630570025,Future_Inactive
16216,167,0,37,254,914.9300000000001,8.991621621621622,United Kingdom,0.0,0.0,1,914.9300000000001,914.9300000000001,254.0,37.0,0.0,0.0,914.9300000000001,0.0,0.0010917864902339697,Future_Inactive
16217,135,46,13,91,304.25,4.21,United Kingdom,0.0,0.0,2,152.125,183.0,45.5,7.5,4.0,0.12849818108905503,183.0,121.25000000000001,0.6644021739130436,Future_Inactive
16218,14,258,51,1752,2635.48,1.6905555555555556,United Kingdom,0.08333333333333333,0.0,6,439.24666666666667,925.16,292.0,12.0,6.0,0.011184524010520433,687.6,1947.88,2.83020621550973,Future_Mid
16221,175,91,29,267,315.37,2.4571875,United Kingdom,0.0,0.0,2,157.685,166.74,133.5,16.0,0.0,0.0,315.37,0.0,0.003160855959793912,Future_Mid
16222,218,0,120,325,773.5500000000001,3.277868852459016,United Kingdom,0.0,0.0,1,773.5500000000001,773.5500000000001,325.0,120.0,0.0,0.0,773.5500000000001,0.0,0.0012910722354915756,Future_Inactive
16224,41,108,63,798,865.88,2.263333333333333,United Kingdom,0.0,0.3333333333333333,3,288.6266666666667,375.74,266.0,22.0,0.0,0.0,543.21,322.67,0.5947520258723654,Future_Mid
16225,49,128,108,451,953.64,2.347519379844961,United Kingdom,0.0,0.0,4,238.41000000000003,353.08,112.75,31.5,0.0,0.0,416.61,537.03,1.2883551639089101,Future_Low
16226,103,32,6,192,255.12,1.7675,United Kingdom,0.0,0.0,3,85.04,130.8,64.0,2.6666666666666665,0.0,0.0,0.0,255.12,256.12,Future_Inactive
16227,125,0,6,90,314.22,3.313333333333334,United Kingdom,0.0,0.0,1,314.22,314.22,90.0,6.0,1.0,0.018430588529301514,0.0,314.22,315.22,Future_Inactive
16229,112,0,12,92,358.2,4.75,United Kingdom,0.0,0.0,1,358.2,358.2,92.0,12.0,0.0,0.0,0.0,358.2,359.2,Future_Mid
16230,89,30,32,365,542.03,1.9505714285714284,United Kingdom,0.0,0.0,2,271.015,275.93,182.5,17.5,0.0,0.0,0.0,542.03,543.03,Future_Inactive
16232,43,71,23,438,725.04,2.263225806451613,United Kingdom,0.6129032258064516,0.0,3,241.67999999999998,358.57,146.0,10.333333333333334,0.0,0.0,0.0,725.04,726.04,Future_Low
16233,229,36,9,90,326.5,4.627777777777777,United Kingdom,0.0,0.0,2,163.25,179.10000000000002,45.0,4.5,3.0,0.2597211200544156,326.5,0.0,0.0030534351145038168,Future_Low
16235,86,145,34,251,665.29,4.74,United Kingdom,0.0,0.0,3,221.76333333333332,320.83,83.66666666666667,12.0,2.0,0.01320102641688545,344.46,320.83,0.9315984484455508,Future_Low
16239,89,0,15,182,347.9,2.566666666666667,United Kingdom,0.0,0.0,1,347.9,347.9,182.0,15.0,2.0,0.10611510791366909,0.0,347.9,348.9,Future_Low
16241,14,255,247,838,1501.82,2.19338747099768,United Kingdom,0.19721577726218098,0.0,8,187.7275,277.65000000000003,104.75,53.625,0.0,0.0,661.9,839.92,1.2685472922009353,Future_High
16242,65,111,60,375,846.59,3.1719999999999997,United Kingdom,0.0,0.0,3,282.19666666666666,453.69,125.0,25.666666666666668,1.0,0.005812997627827231,211.36,635.23,2.9959973629685437,Future_High
16244,111,160,88,855,1522.75,2.567252747252747,United Kingdom,0.0,0.0,2,761.375,1056.63,427.5,45.5,0.0,0.0,1056.63,466.12,0.441666745459187,Future_Inactive
16245,21,135,49,430,769.7,3.6256862745098037,United Kingdom,0.0,0.0,2,384.85,453.98,215.0,25.5,1.0,0.011367285338128573,453.98,315.72,0.6961185107037672,Future_Mid
16247,70,0,16,182,114.56,2.7112499999999997,United Kingdom,0.0,0.0,1,114.56,114.56,182.0,16.0,0.0,0.0,0.0,114.56,115.56,Future_Inactive
16249,12,126,48,762,1440.77,3.5642857142857145,United Kingdom,0.10204081632653061,0.0,4,360.1925,814.83,190.5,12.25,0.0,0.0,814.83,625.94,0.7684689212213329,Future_Low
16250,161,112,22,208,389.44,3.0883333333333334,United Kingdom,0.0,0.0,2,194.72,226.14,104.0,12.0,0.0,0.0,389.44,0.0,0.0025612129904722877,Future_Inactive
16253,155,0,53,1340,1700.4,1.9118867924528302,United Kingdom,0.0,0.0,1,1700.4,1700.4,1340.0,53.0,0.0,0.0,1700.4,0.0,0.0005877512636652169,Future_High
16255,31,233,122,1184,1797.75,2.8723469387755105,United Kingdom,0.4387755102040816,0.0,6,299.625,438.76,197.33333333333334,32.666666666666664,4.0,0.0058671945851489745,1061.67,736.08,0.6936113751211571,Future_Mid
16256,166,0,13,581,752.4300000000001,2.3407692307692307,United Kingdom,0.0,0.0,1,752.4300000000001,752.4300000000001,581.0,13.0,1.0,0.025640029524882483,752.4300000000001,0.0,0.0013272633157692154,Future_Inactive
16257,76,0,2,2,46.95,23.475,United Kingdom,0.0,0.0,1,46.95,46.95,2.0,2.0,0.0,0.0,0.0,46.95,47.95,Future_Inactive
16258,27,92,72,2345,3741.06,3.0764044943820226,United Kingdom,0.0,0.0,4,935.265,1152.8,586.25,22.25,0.0,0.0,0.0,3741.06,3742.06,Future_High
16261,13,132,66,194,409.99,3.1126027397260274,United Kingdom,0.0,1.0,2,204.995,252.52,97.0,34.5,0.0,0.0,252.52,157.47,0.6250788892395077,Future_Low
16265,10,254,132,1871,4062.02,4.004896907216495,United Kingdom,0.10309278350515463,0.0,7,580.2885714285715,802.65,267.2857142857143,27.714285714285715,2.0,0.0058371901210758055,2875.14,1186.8799999999999,0.4130118839833944,Future_High
16266,15,90,37,353,761.12,4.1448,United Kingdom,0.0,0.0,6,126.85333333333334,161.9,58.833333333333336,8.333333333333334,0.0,0.0,0.0,761.12,762.12,Future_Low
16270,253,0,54,688,1141.24,3.222777777777778,United Kingdom,0.0,0.0,1,1141.24,1141.24,688.0,54.0,0.0,0.0,1141.24,0.0,0.0008754727552878554,Future_Inactive
16271,26,232,51,672,868.4300000000001,1.5021333333333333,United Kingdom,0.0,0.0,3,289.4766666666667,435.79,224.0,24.0,1.0,0.006804821702234726,133.22,735.21,5.485099091044554,Future_Mid
16272,16,0,25,224,411.7,1.7372,United Kingdom,0.0,0.0,1,411.7,411.7,224.0,25.0,0.0,0.0,0.0,411.7,412.7,Future_Inactive
16274,273,0,64,153,351.75,4.313846153846153,United Kingdom,0.0,0.0,1,351.75,351.75,153.0,64.0,0.0,0.0,351.75,0.0,0.002834868887313962,Future_Inactive
16275,96,0,33,336,559.87,4.386969696969698,United Kingdom,0.0,0.0,1,559.87,559.87,336.0,33.0,0.0,0.0,0.0,559.87,560.87,Future_Inactive
16276,76,0,6,420,810.6000000000001,1.9916666666666665,United Kingdom,0.0,0.0,1,810.6000000000001,810.6000000000001,420.0,6.0,0.0,0.0,0.0,810.6000000000001,811.6000000000001,Future_Inactive
16278,0,0,23,114,566.38,9.835217391304349,United Kingdom,0.0,0.0,1,566.38,566.38,114.0,23.0,0.0,0.0,0.0,566.38,567.38,Future_Inactive
16279,76,0,16,156,359.08000000000004,2.665625,United Kingdom,0.0,0.0,1,359.08000000000004,359.08000000000004,156.0,16.0,2.0,0.03467928383246411,0.0,359.08000000000004,360.08000000000004,Future_High
16282,239,0,11,114,168.3,2.731818181818182,United Kingdom,0.0,0.0,1,168.3,168.3,114.0,11.0,0.0,0.0,168.3,0.0,0.005906674542232723,Future_Inactive
16283,20,87,59,441,586.35,2.625135135135135,United Kingdom,0.9054054054054054,0.0,3,195.45000000000002,277.81,147.0,24.666666666666668,1.0,0.006607369758576874,0.0,586.35,587.35,Future_Mid
16287,69,0,8,298,142.5,2.2375000000000003,United Kingdom,0.0,0.0,1,142.5,142.5,298.0,8.0,0.0,0.0,0.0,142.5,143.5,Future_Inactive
16292,21,0,17,191,302.25,2.360588235294118,United Kingdom,0.0,0.0,1,302.25,302.25,191.0,17.0,2.0,0.06597651421508033,0.0,302.25,303.25,Future_Inactive
16293,107,159,58,513,1129.74,4.525409836065574,United Kingdom,0.0,0.0,4,282.435,378.75,128.25,15.25,0.0,0.0,696.3100000000001,433.43,0.6230084180637019,Future_High
16297,168,0,20,206,301.9,2.7915,United Kingdom,0.0,0.0,1,301.9,301.9,206.0,20.0,3.0,0.08069427527405602,301.9,0.0,0.003301419610432486,Future_Inactive
16298,86,0,7,50,114.3,2.742857142857143,United Kingdom,0.0,0.0,1,114.3,114.3,50.0,7.0,0.0,0.0,0.0,114.3,115.3,Future_Mid
16302,26,0,11,158,233.22,1.7618181818181817,United Kingdom,0.0,0.0,1,233.22,233.22,158.0,11.0,1.0,0.08043529690087532,0.0,233.22,234.22,Future_Inactive
16303,15,217,112,2025,4036.33,2.9407751937984496,United Kingdom,0.0,0.0,2,2018.165,3209.15,1012.5,64.5,5.0,0.013394832234614885,827.1800000000001,3209.15,3.8761501122944284,Future_High
16305,38,0,22,256,361.21999999999997,1.6831818181818183,United Kingdom,1.0,0.0,1,361.21999999999997,361.21999999999997,256.0,22.0,0.0,0.0,0.0,361.21999999999997,362.21999999999997,Future_Inactive
16306,113,153,36,487,632.27,1.6270731707317072,United Kingdom,0.0,0.0,6,105.37833333333333,335.3,81.16666666666667,6.833333333333333,3.0,0.04529874522475727,594.47,37.8,0.06515861420390615,Future_Inactive
16308,7,153,1,5000,1600.0,0.32,United Kingdom,0.0,0.0,3,533.3333333333334,640.0,1666.6666666666667,1.0,0.0,0.0,320.0,1280.0,3.9906542056074765,Future_High
16309,6,134,39,467,706.57,2.4180952380952383,United Kingdom,0.0,0.0,2,353.28499999999997,372.37,233.5,21.0,0.0,0.0,334.2,372.37,1.1138723150357996,Future_Inactive
16315,230,0,14,75,226.37,5.351428571428571,United Kingdom,0.0,0.0,1,226.37,226.37,75.0,14.0,0.0,0.0,226.37,0.0,0.004398117605664775,Future_Inactive
16316,57,201,103,1185,2212.81,5.356782608695652,United Kingdom,0.0,0.0,7,316.11571428571426,806.05,169.28571428571428,16.428571428571427,3.0,0.07262867177120921,1148.97,1063.84,0.9259719818777881,Future_Mid
16317,19,177,64,890,1341.65,2.979420289855072,United Kingdom,0.0,0.0,3,447.2166666666667,570.76,296.6666666666667,23.0,0.0,0.0,570.76,770.89,1.350024485798237,Future_Inactive
16319,117,0,3,72,404.40000000000003,5.616666666666667,United Kingdom,0.0,0.0,1,404.40000000000003,404.40000000000003,72.0,3.0,0.0,0.0,0.0,404.40000000000003,405.40000000000003,Future_Inactive
16320,72,40,56,732,1038.46,2.4805357142857143,Unspecified,0.0,0.0,2,519.23,852.68,366.0,28.0,0.0,0.0,0.0,1038.46,1039.46,Future_Inactive
16321,205,18,5,63,223.65,4.3625,Australia,0.0,0.0,3,74.55,87.75,21.0,2.6666666666666665,2.0,0.23302469135802467,223.65,0.0,0.00445136879590474,Future_Low
16323,96,0,1,50,207.50000000000003,4.15,United Kingdom,0.0,0.0,1,207.50000000000003,207.50000000000003,50.0,1.0,0.0,0.0,0.0,207.50000000000003,208.50000000000003,Future_Inactive
16324,28,48,100,270,408.59000000000003,2.122252252252252,United Kingdom,0.0,0.0,3,136.1966666666667,249.27,90.0,36.0,0.0,0.0,0.0,408.59000000000003,409.59000000000003,Future_Inactive
16325,55,90,11,120,416.02000000000004,4.233846153846154,United Kingdom,0.0,0.0,2,208.01000000000002,225.20000000000002,60.0,6.5,1.0,0.1131906548431105,190.82000000000002,225.20000000000002,1.1792305286205818,Future_Low
16326,17,216,74,234,1215.52,5.7859649122807015,United Kingdom,0.8947368421052632,0.0,7,173.6457142857143,265.75,33.42857142857143,15.571428571428571,0.0,0.0,425.18,790.34,1.8568210615233,Future_High
16327,99,170,119,1618,2469.64,2.0685714285714285,United Kingdom,0.3142857142857143,0.0,4,617.4100000000001,729.07,404.5,52.5,0.0,0.0,1740.57,729.07,0.41920221409417946,Future_High
16330,12,0,17,23,48.96,2.173529411764706,United Kingdom,0.0,0.0,2,24.48,27.36,11.5,8.5,2.0,0.16535969996590522,0.0,48.96,49.96,Future_Low
16332,30,174,43,269,651.77,4.033962264150944,United Kingdom,0.0,0.0,3,217.25666666666666,307.97,89.66666666666667,17.0,0.0,0.0,122.3,529.47,4.302270884022709,Future_Mid
16333,23,186,8,23224,14369.2,0.9611428571428572,United Kingdom,0.0,0.0,17,845.2470588235294,1920.48,1366.1176470588234,2.0588235294117645,0.0,0.0,10461.84,3907.36,0.3735467616822966,Future_High
16338,57,0,11,94,214.79999999999998,3.7345454545454544,United Kingdom,0.0,0.0,1,214.79999999999998,214.79999999999998,94.0,11.0,0.0,0.0,0.0,214.79999999999998,215.79999999999998,Future_Inactive
16339,184,0,17,21,94.05,4.958333333333333,United Kingdom,0.0,0.0,1,94.05,94.05,21.0,17.0,0.0,0.0,94.05,0.0,0.010520778537611783,Future_Inactive
16340,7,0,124,486,534.31,1.555177304964539,United Kingdom,0.0,0.0,1,534.31,534.31,486.0,124.0,0.0,0.0,0.0,534.31,535.31,Future_Inactive
16341,101,0,29,534,797.65,2.013448275862069,United Kingdom,1.0,0.0,1,797.65,797.65,534.0,29.0,3.0,0.0067738360582251045,0.0,797.65,798.65,Future_High
16342,7,71,10,145,283.71,5.616923076923078,United Kingdom,0.3076923076923077,0.0,3,94.57,136.95,48.333333333333336,4.333333333333333,0.0,0.0,0.0,283.71,284.71,Future_Low
16344,58,0,1,18,101.10000000000001,5.7,United Kingdom,0.0,0.0,1,101.10000000000001,101.10000000000001,18.0,1.0,0.0,0.0,0.0,101.10000000000001,102.10000000000001,Future_Inactive
16348,28,111,116,400,738.29,2.637058823529412,United Kingdom,0.0,0.0,4,184.5725,278.76,100.0,36.0,0.0,0.0,431.45,306.84,0.7118510810498323,Future_Mid
16349,190,0,9,9,53.5,5.944444444444445,United Kingdom,0.0,0.0,1,53.5,53.5,9.0,9.0,0.0,0.0,53.5,0.0,0.01834862385321101,Future_Inactive
16350,233,0,22,196,376.7,3.347272727272727,United Kingdom,0.0,0.0,1,376.7,376.7,196.0,22.0,3.0,0.04074357015533486,376.7,0.0,0.0026476039184537992,Future_Mid
16351,232,0,8,90,153.9,1.9875,United Kingdom,0.0,0.0,1,153.9,153.9,90.0,8.0,0.0,0.0,153.9,0.0,0.006455777921239509,Future_Inactive
16353,3,266,45,1211,3325.9100000000003,2.557121212121212,United Kingdom,0.18181818181818182,0.030303030303030304,13,255.8392307692308,664.83,93.15384615384616,5.076923076923077,0.0,0.0,1470.92,1854.99,1.2609313006141638,Future_High
16356,97,79,20,93,211.77,2.201290322580645,United Kingdom,0.0,0.0,3,70.58999999999999,107.67,31.0,10.333333333333334,1.0,0.0068004877591220335,102.0,109.77000000000001,1.0754368932038836,Future_Inactive
16357,62,51,9,55,257.95,6.520833333333333,United Kingdom,0.0,0.0,2,128.97500000000002,137.9,27.5,6.0,0.0,0.0,0.0,257.95,258.95,Future_Mid
16358,84,0,22,221,462.15000000000003,2.559090909090909,United Kingdom,0.0,0.0,1,462.15000000000003,462.15000000000003,221.0,22.0,1.0,0.005487411233053582,0.0,462.15000000000003,463.15000000000003,Future_High
16359,76,155,37,796,1246.83,9.100980392156861,United Kingdom,0.27450980392156865,0.1568627450980392,6,207.80499999999998,423.4,132.66666666666666,8.5,4.0,0.18899036022323695,855.61,391.22,0.45787464540455985,Future_Mid
16364,37,0,28,114,346.3,3.9575,United Kingdom,0.0,0.0,1,346.3,346.3,114.0,28.0,0.0,0.0,0.0,346.3,347.3,Future_Low
16365,23,243,34,325,862.56,5.742222222222222,United Kingdom,0.0,0.08333333333333333,7,123.22285714285714,228.6,46.42857142857143,5.142857142857143,0.0,0.0,489.35999999999996,373.2,0.7631128150746391,Future_Mid
16367,262,0,33,87,167.09,2.908529411764706,United Kingdom,1.0,0.0,1,167.09,167.09,87.0,33.0,0.0,0.0,167.09,0.0,0.005949193884228687,Future_Mid
16369,96,0,15,199,354.45,2.5833333333333335,United Kingdom,0.0,0.0,1,354.45,354.45,199.0,15.0,0.0,0.0,0.0,354.45,355.45,Future_High
16370,17,107,133,519,944.49,2.674514285714286,United Kingdom,0.38857142857142857,0.0,3,314.83,401.28000000000003,173.0,57.666666666666664,0.0,0.0,0.0,944.49,945.49,Future_Low
16374,162,0,26,51,154.2,3.7819230769230767,United Kingdom,0.0,0.0,1,154.2,154.2,51.0,26.0,0.0,0.0,154.2,0.0,0.0064432989690721655,Future_Low
16377,167,0,5,1500,676.2,0.534,United Kingdom,0.0,0.0,1,676.2,676.2,1500.0,5.0,0.0,0.0,676.2,0.0,0.0014766686355581807,Future_Inactive
16378,147,63,22,267,362.95,1.8021739130434784,United Kingdom,0.0,0.0,3,120.98333333333333,144.2,89.0,7.666666666666667,0.0,0.0,362.95,0.0,0.0027476301689792555,Future_Inactive
16383,168,0,48,298,309.46,1.6133962264150945,United Kingdom,0.0,0.0,1,309.46,309.46,298.0,48.0,0.0,0.0,309.46,0.0,0.0032210268633640405,Future_Low
16384,163,0,24,200,409.1,2.889583333333333,United Kingdom,0.0,0.0,1,409.1,409.1,200.0,24.0,0.0,0.0,409.1,0.0,0.0024384296513045595,Future_Low
16385,58,208,36,152,273.82,2.5786486486486484,United Kingdom,0.0,0.0,2,136.91000000000003,147.20000000000002,76.0,18.5,0.0,0.0,147.20000000000002,126.62,0.8611336032388663,Future_Low
16386,153,0,4,26,61.10000000000001,3.0250000000000004,United Kingdom,0.0,0.0,1,61.10000000000001,61.10000000000001,26.0,4.0,0.0,0.0,61.10000000000001,0.0,0.01610305958132045,Future_Low
16387,222,0,4,44,94.36,3.16,United Kingdom,0.0,0.0,1,94.36,94.36,44.0,4.0,0.0,0.0,94.36,0.0,0.010486577181208054,Future_Inactive
16389,105,77,16,307,670.17,2.56,United Kingdom,0.0,0.0,2,335.085,550.52,153.5,8.0,0.0,0.0,119.65,550.52,4.571239121425611,Future_Mid
16392,169,0,41,201,217.89,2.007674418604651,United Kingdom,0.0,0.0,1,217.89,217.89,201.0,41.0,0.0,0.0,217.89,0.0,0.004568504728402394,Future_Inactive
16393,42,226,94,898,1503.33,1.8309239130434782,United Kingdom,0.2391304347826087,0.0,8,187.91625,380.45,112.25,22.125,8.0,0.026302835602419784,633.85,869.48,1.3711585413877294,Future_High
16394,71,118,49,1404,933.1,1.4198333333333333,United Kingdom,0.0,0.0,3,311.0333333333333,313.8,468.0,20.0,6.0,0.012508995470516022,619.3,313.8,0.5074963727228761,Future_Mid
16395,68,162,87,896,964.3,2.171574074074074,United Kingdom,0.0,0.0,3,321.43333333333334,513.74,298.6666666666667,36.0,0.0,0.0,450.56,513.74,1.1399149614669146,Future_Mid
16398,54,99,75,758,1705.8,5.544634146341464,United Kingdom,0.0,0.0,2,852.9000000000001,1169.95,379.0,41.0,4.0,0.041927602572383385,1169.95,535.85,0.4584738887228319,Future_Inactive
16399,135,0,31,159,178.41,2.168709677419355,United Kingdom,0.0,0.0,1,178.41,178.41,159.0,31.0,0.0,0.0,0.0,178.41,179.41,Future_Low
16401,31,196,52,2320,2455.42,1.4878504672897195,United Kingdom,0.6728971962616822,0.0,7,350.7742857142857,487.9,331.42857142857144,15.142857142857142,8.0,0.010569580722503174,972.4,1483.02,1.5245736593384014,Future_High
16402,164,104,55,146,293.45,2.700877192982456,United Kingdom,1.0,0.0,2,146.725,205.65,73.0,28.0,0.0,0.0,293.45,0.0,0.0033961623365596876,Future_Inactive
16403,212,0,10,114,177.5,1.6099999999999999,United Kingdom,0.0,0.0,1,177.5,177.5,114.0,10.0,5.0,0.08481567414282032,177.5,0.0,0.0056022408963585435,Future_Inactive
16405,202,7,3,187,167.25,2.33,United Kingdom,0.0,0.0,2,83.625,160.4,93.5,2.5,0.0,0.0,167.25,0.0,0.005943536404160475,Future_Inactive
16407,10,201,76,746,1482.37,3.28025,United Kingdom,0.7916666666666666,0.0,8,185.29625000000001,410.81,93.25,14.75,0.0,0.0,595.39,886.98,1.4889250322775365,Future_Mid
16409,50,167,106,675,1033.3700000000001,2.528238993710692,United Kingdom,0.0,0.0,3,344.45666666666665,532.0,225.0,53.0,0.0,0.0,803.5600000000001,229.81,0.2868772993934573,Future_High
16411,269,0,19,69,128.55,2.245,United Kingdom,1.0,0.0,1,128.55,128.55,69.0,19.0,0.0,0.0,128.55,0.0,0.007719027402547278,Future_Low
16414,180,0,3,16,50.8,6.383333333333333,United Kingdom,0.0,0.0,1,50.8,50.8,16.0,3.0,0.0,0.0,50.8,0.0,0.019305019305019305,Future_Low
16418,126,0,18,87,145.91,4.071111111111112,United Kingdom,0.0,0.0,1,145.91,145.91,87.0,18.0,0.0,0.0,0.0,145.91,146.91,Future_Mid
16419,12,199,36,428,958.71,4.368399999999999,United Kingdom,0.0,0.0,6,159.785,264.27,71.33333333333333,8.333333333333334,1.0,0.01312457538138472,516.9300000000001,441.78,0.8549031722433532,Future_Inactive
16422,7,261,68,27260,28566.72,1.904355400696864,United Kingdom,0.11149825783972125,0.0,38,751.7557894736842,2353.0,717.3684210526316,7.552631578947368,29.0,0.029723356190834604,12750.36,15816.36,1.2404449407749447,Future_High
16424,91,0,5,88,133.56,3.9979999999999998,United Kingdom,0.0,0.0,1,133.56,133.56,88.0,5.0,1.0,0.27633289986996096,0.0,133.56,134.56,Future_Inactive
16425,202,0,21,199,302.7,4.171904761904762,United Kingdom,0.0,0.0,1,302.7,302.7,199.0,21.0,0.0,0.0,302.7,0.0,0.003292723081988805,Future_Inactive
16426,176,0,11,157,328.37,3.9927272727272727,United Kingdom,0.0,0.0,1,328.37,328.37,157.0,11.0,0.0,0.0,328.37,0.0,0.0030360992197225006,Future_High
16427,163,21,8,156,241.06,1.488888888888889,United Kingdom,0.0,0.0,2,120.53,131.26,78.0,4.5,0.0,0.0,241.06,0.0,0.004131207138725936,Future_Inactive
16429,6,0,2,9,284.55,19.950000000000003,United Kingdom,0.0,0.0,1,284.55,284.55,9.0,2.0,0.0,0.0,0.0,284.55,285.55,Future_Inactive
16431,113,84,51,442,623.28,1.8013157894736842,United Kingdom,0.0,0.0,3,207.76,288.68,147.33333333333334,21.666666666666668,0.0,0.0,334.6,288.68,0.8631704410011919,Future_Inactive
16434,92,107,36,385,716.72,3.2997500000000004,United Kingdom,0.725,0.0,3,238.90666666666667,393.5,128.33333333333334,13.333333333333334,0.0,0.0,515.45,201.26999999999998,0.39165456481750405,Future_Mid
16440,114,0,35,115,272.46,2.802285714285714,United Kingdom,0.0,0.0,1,272.46,272.46,115.0,35.0,0.0,0.0,0.0,272.46,273.46,Future_High
16441,191,0,12,110,211.0,2.4461538461538463,United Kingdom,0.0,0.0,1,211.0,211.0,110.0,12.0,0.0,0.0,211.0,0.0,0.0047169811320754715,Future_Low
16442,127,133,99,352,432.43,2.3529,United Kingdom,0.0,0.0,2,216.215,285.37,176.0,49.5,0.0,0.0,147.06,285.37,1.9341483182493584,Future_Low
16444,94,69,37,134,240.08,2.1975555555555557,United Kingdom,1.0,0.0,2,120.03999999999999,121.0,67.0,21.5,2.0,0.06211422767403702,119.08,121.0,1.015989340439707,Future_Mid
16446,105,0,2,2,2.9,1.45,United Kingdom,0.0,0.0,1,2.9,2.9,2.0,2.0,0.0,0.0,0.0,2.9,3.9,Future_Inactive
16447,35,0,34,221,255.91,3.037058823529412,United Kingdom,0.0,0.0,1,255.91,255.91,221.0,34.0,0.0,0.0,0.0,255.91,256.90999999999997,Future_Inactive
16448,98,0,19,76,182.99,2.917894736842105,United Kingdom,0.0,0.0,1,182.99,182.99,76.0,19.0,0.0,0.0,0.0,182.99,183.99,Future_Inactive
16449,97,82,40,367,707.69,3.2979999999999996,United Kingdom,0.0,0.0,2,353.845,416.69,183.5,20.0,3.0,0.044553051884054055,416.69,291.0,0.6990830520242285,Future_Inactive
16450,49,0,11,200,311.92,1.4845454545454544,United Kingdom,0.0,0.0,1,311.92,311.92,200.0,11.0,0.0,0.0,0.0,311.92,312.92,Future_Inactive
16455,104,166,44,612,1133.78,2.1133898305084746,United Kingdom,0.0,0.0,5,226.756,413.7,122.4,11.8,0.0,0.0,945.68,188.1,0.19975070773651077,Future_Mid
16456,3,269,77,927,1700.58,2.153979591836735,United Kingdom,0.6020408163265306,0.0,4,425.145,787.4,231.75,24.25,0.0,0.0,1236.49,464.09000000000003,0.3758333400673945,Future_Mid
16457,118,0,9,140,208.36,2.67,United Kingdom,0.0,0.0,1,208.36,208.36,140.0,9.0,0.0,0.0,0.0,208.36,209.36,Future_Inactive
16458,6,254,43,1360,2151.5,1.7534586466165414,United Kingdom,0.15789473684210525,0.0,11,195.5909090909091,254.8,123.63636363636364,12.090909090909092,0.0,0.0,725.1,1426.4,1.9658449249414682,Future_High
16461,77,0,31,48,142.92,3.935625,United Kingdom,0.0,0.0,1,142.92,142.92,48.0,31.0,0.0,0.0,0.0,142.92,143.92,Future_Inactive
16462,85,98,1,8,68.0,8.5,United Kingdom,0.0,0.0,2,34.0,34.0,4.0,1.0,0.0,0.0,34.0,34.0,1.0,Future_Low
16463,104,0,19,179,319.37,2.2742105263157897,United Kingdom,0.0,0.0,1,319.37,319.37,179.0,19.0,1.0,0.01526270350271337,0.0,319.37,320.37,Future_High
16464,42,0,88,310,380.33,2.3044086021505374,United Kingdom,0.0,0.0,1,380.33,380.33,310.0,88.0,0.0,0.0,0.0,380.33,381.33,Future_Mid
16466,3,189,68,529,999.63,2.3455555555555554,United Kingdom,1.0,0.0,5,199.926,245.67000000000002,105.8,16.8,0.0,0.0,109.12,890.51,8.09580457682528,Future_Mid
16469,146,0,52,111,268.3,3.0568181818181817,United Kingdom,0.0,0.0,2,134.15,170.6,55.5,31.0,0.0,0.0,268.3,0.0,0.003713330857779428,Future_Low
16470,15,242,83,358,539.13,2.320315789473684,United Kingdom,0.0,0.0,3,179.71,216.34,119.33333333333333,31.666666666666668,1.0,0.009097926775474195,216.34,322.79,1.4897855893990983,Future_Low
16471,174,0,13,141,223.95000000000002,2.2961538461538464,United Kingdom,0.0,0.0,1,223.95000000000002,223.95000000000002,141.0,13.0,0.0,0.0,223.95000000000002,0.0,0.004445432318292954,Future_Inactive
16473,64,171,18,196,316.11,2.6505555555555556,United Kingdom,0.0,0.0,3,105.37,149.41,65.33333333333333,6.0,1.0,0.003938744643307285,217.81,98.3,0.45381838124400165,Future_Inactive
16474,45,0,82,193,341.35,1.845,United Kingdom,1.0,0.0,1,341.35,341.35,193.0,82.0,0.0,0.0,0.0,341.35,342.35,Future_High
16475,43,130,22,318,459.3,2.151851851851852,United Kingdom,0.0,0.0,3,153.1,310.0,106.0,9.0,0.0,0.0,310.0,149.3,0.48327974276527336,Future_Low
16477,31,239,96,1099,1999.26,2.2917355371900827,United Kingdom,0.19834710743801653,0.0,6,333.21,446.75,183.16666666666666,20.166666666666668,0.0,0.0,1176.21,823.05,0.7000025483983315,Future_Mid
16483,92,0,19,44,139.35,4.410526315789474,United Kingdom,0.0,0.0,1,139.35,139.35,44.0,19.0,0.0,0.0,0.0,139.35,140.35,Future_Inactive
16484,73,17,25,200,404.3,3.2872000000000003,United Kingdom,0.28,0.0,2,202.15,285.7,100.0,12.5,1.0,0.05801491146318733,0.0,404.3,405.3,Future_Inactive
16488,14,33,22,619,354.57,3.682727272727273,United Kingdom,0.0,0.0,2,177.285,219.06,309.5,11.0,2.0,0.018273943018523132,0.0,354.57,355.57,Future_Low
16493,73,156,25,706,782.29,1.8088235294117647,United Kingdom,0.8235294117647058,0.0,3,260.7633333333333,414.49,235.33333333333334,11.333333333333334,3.0,0.02146475702045156,367.8,414.49,1.1265997830802603,Future_Mid
16494,196,0,47,675,826.53,1.4991999999999999,United Kingdom,0.0,0.0,1,826.53,826.53,675.0,47.0,0.0,0.0,826.53,0.0,0.0012084154048795815,Future_Inactive
16495,176,0,32,166,246.51,2.545151515151515,United Kingdom,0.0,0.0,2,123.255,238.01,83.0,16.5,0.0,0.0,246.51,0.0,0.0040402407983515815,Future_Mid
16496,107,109,71,784,1185.04,2.916901408450704,United Kingdom,0.0,0.0,2,592.52,736.7,392.0,35.5,2.0,0.03051524125856963,736.7,448.34,0.609109394062627,Future_Mid
16497,103,130,82,789,1550.7,3.318735632183908,United Kingdom,0.0,0.0,5,310.14,718.64,157.8,17.4,0.0,0.0,687.6800000000001,863.02,1.254603008654237,Future_High
16498,61,0,15,45,100.97,2.3680000000000003,United Kingdom,0.0,0.9333333333333333,2,50.485,91.22,22.5,7.5,1.0,0.12821619754791921,0.0,100.97,101.97,Future_Inactive
16499,260,4,18,127,365.45,4.302631578947368,United Kingdom,0.0,0.0,2,182.72500000000002,218.10000000000002,63.5,9.5,3.0,0.1125546381738708,365.45,0.0,0.0027288852503752218,Future_Inactive
16500,230,0,1,1,165.0,165.0,United Kingdom,0.0,0.0,1,165.0,165.0,1.0,1.0,0.0,0.0,165.0,0.0,0.006024096385542169,Future_Low
16503,6,253,71,569,1431.93,4.173571428571428,United Kingdom,0.0,0.0,4,357.98249999999996,488.09,142.25,21.0,2.0,0.007279382708346332,841.79,590.14,0.7014084172806987,Future_Inactive
16509,196,0,13,64,363.7,7.623076923076923,United Kingdom,0.0,0.0,1,363.7,363.7,64.0,13.0,0.0,0.0,363.7,0.0,0.002741979709350151,Future_Inactive
16510,272,0,13,92,248.1,5.346153846153846,United Kingdom,0.0,0.0,1,248.1,248.1,92.0,13.0,0.0,0.0,248.1,0.0,0.004014452027298274,Future_Inactive
16511,44,121,83,267,565.7,3.129381443298969,United Kingdom,0.0,0.0,2,282.85,330.35,133.5,46.0,0.0,0.0,330.35,235.35000000000002,0.7132940998943715,Future_Low
16515,50,160,63,544,984.62,2.61536231884058,United Kingdom,0.0,0.0,3,328.20666666666665,365.28,181.33333333333334,22.666666666666668,0.0,0.0,619.34,365.28,0.5904503981687461,Future_Mid
16517,177,0,17,96,162.7,2.8852941176470592,United Kingdom,0.0,0.0,1,162.7,162.7,96.0,17.0,0.0,0.0,162.7,0.0,0.006108735491753207,Future_Inactive
16518,184,0,11,124,190.7,2.490909090909091,United Kingdom,0.0,0.0,1,190.7,190.7,124.0,11.0,2.0,0.01751674394641937,190.7,0.0,0.005216484089723527,Future_Low
16519,265,0,5,24,103.7,6.12,United Kingdom,0.0,0.0,1,103.7,103.7,24.0,5.0,0.0,0.0,103.7,0.0,0.009551098376313277,Future_Low
16520,86,179,129,558,1046.57,2.7175641025641024,United Kingdom,0.0,0.0,3,348.85666666666674,423.65000000000003,186.0,52.0,1.0,0.009417710975655927,622.92,423.65000000000003,0.6806161046287986,Future_Inactive
16523,15,200,81,2123,4768.25,3.6449673202614377,United Kingdom,0.06535947712418301,0.0,12,397.3541666666667,743.9,176.91666666666666,12.75,3.0,0.01136210489213257,1819.3,2948.9500000000003,1.620584519035324,Future_High
16525,17,249,67,5589,9998.55,3.646474820143885,United Kingdom,0.18705035971223022,0.0,20,499.92750000000007,974.62,279.45,6.95,17.0,0.10169238744594773,5010.87,4987.68,0.9953729845347147,Future_High
16526,71,0,15,106,290.36,5.615333333333334,United Kingdom,0.0,0.0,1,290.36,290.36,106.0,15.0,0.0,0.0,0.0,290.36,291.36,Future_Inactive
16529,90,0,30,198,455.25,3.12,United Kingdom,0.0,0.0,1,455.25,455.25,198.0,30.0,0.0,0.0,0.0,455.25,456.25,Future_Inactive
16531,27,233,41,567,684.53,2.3906666666666667,United Kingdom,0.0,0.0,4,171.1325,245.91,141.75,11.25,0.0,0.0,484.83,199.7,0.4131074655743779,Future_Mid
16532,35,202,2,1536,4516.8,3.0933333333333337,United Kingdom,0.0,0.0,2,2258.4,2606.4,768.0,1.5,0.0,0.0,1910.4,2606.4,1.3641310034529663,Future_High
16536,10,0,49,250,548.12,3.6918518518518515,United Kingdom,1.0,0.0,1,548.12,548.12,250.0,49.0,1.0,0.01782930456752737,0.0,548.12,549.12,Future_Inactive
16539,119,153,34,421,1053.61,3.6007894736842108,United Kingdom,0.0,0.0,3,351.2033333333333,442.34999999999997,140.33333333333334,12.666666666666666,0.0,0.0,747.25,306.36,0.41077180086869364,Future_Low
16545,64,0,3,78,339.3,3.766666666666667,United Kingdom,0.0,0.0,1,339.3,339.3,78.0,3.0,0.0,0.0,0.0,339.3,340.3,Future_Inactive
16546,190,81,25,549,787.15,1.8880000000000001,United Kingdom,0.0,0.0,2,393.57500000000005,487.75,274.5,12.5,6.0,0.5287176017674212,787.15,0.0,0.0012687940112922668,Future_Inactive
16549,24,210,131,513,780.36,1.9309154929577466,United Kingdom,1.0,0.0,2,390.18,660.87,256.5,71.0,0.0,0.0,119.49000000000001,660.87,5.493152958751764,Future_High
16550,8,259,162,1540,2298.97,2.5740637450199206,United Kingdom,0.0,0.0,5,459.79400000000004,554.66,308.0,50.2,10.0,0.014032740201313213,554.66,1744.31,3.1409674981103555,Future_Inactive
16551,30,206,19,597,617.17,2.161818181818182,United Kingdom,0.0,0.0,2,308.58500000000004,311.07,298.5,11.0,0.0,0.0,311.07,306.1,0.9840740859422566,Future_Low
16552,142,130,17,219,379.73,4.11,United Kingdom,0.0,0.0,2,189.86500000000004,284.44000000000005,109.5,8.5,0.0,0.0,379.73,0.0,0.0026265332387781365,Future_Inactive
16553,63,197,62,4600,5719.82,2.1411904761904763,United Kingdom,0.0,0.047619047619047616,12,476.65166666666664,951.24,383.3333333333333,7.0,2.0,0.009566983603661948,2791.94,2927.88,1.0486727247989573,Future_Inactive
16554,122,109,21,129,314.11,4.294761904761905,United Kingdom,0.9523809523809523,0.0,2,157.055,313.26,64.5,10.5,12.0,0.22862896294295323,0.85,313.26,169.87027027027025,Future_Mid
16555,9,0,9,90,151.98,2.252222222222222,United Kingdom,0.0,0.0,1,151.98,151.98,90.0,9.0,0.0,0.0,0.0,151.98,152.98,Future_Low
16556,5,254,111,1342,2556.37,4.177375,United Kingdom,0.1625,0.0,6,426.06166666666667,640.14,223.66666666666666,26.666666666666668,0.0,0.0,1269.06,1287.31,1.0143693998708723,Future_Mid
16557,37,0,6,13,101.15,9.975,United Kingdom,0.0,0.0,1,101.15,101.15,13.0,6.0,0.0,0.0,0.0,101.15,102.15,Future_Low
16558,21,245,158,3008,4362.4,3.0511567164179105,United Kingdom,0.11194029850746269,0.0,13,335.5692307692307,613.54,231.3846153846154,20.615384615384617,14.0,0.01832870146382079,2529.88,1832.52,0.7244594765457074,Future_High
16560,258,0,20,169,332.18,4.2855,United Kingdom,0.0,0.0,1,332.18,332.18,169.0,20.0,0.0,0.0,332.18,0.0,0.003001380635092142,Future_Mid
16565,264,0,3,46,173.7,5.116666666666667,United Kingdom,0.0,0.0,1,173.7,173.7,46.0,3.0,0.0,0.0,173.7,0.0,0.005724098454493417,Future_Inactive
16566,70,122,9,216,463.88,3.311111111111111,United Kingdom,0.2222222222222222,0.0,3,154.62666666666667,185.22000000000003,72.0,3.0,1.0,0.0013992637719845867,94.89999999999999,368.98,3.857977059436914,Future_Low
16567,94,142,34,996,865.6,2.1654285714285715,United Kingdom,0.2571428571428571,0.0,2,432.8,557.5600000000001,498.0,17.5,0.0,0.0,557.5600000000001,308.03999999999996,0.5532798625035805,Future_Inactive
16570,27,184,52,1427,2134.07,2.7443589743589745,United Kingdom,0.0,0.0,6,355.6783333333333,569.0899999999999,237.83333333333334,13.0,6.0,0.048148544616015906,904.14,1229.93,1.3599332699913826,Future_High
16571,76,105,54,891,896.79,1.6935593220338983,United Kingdom,0.0,0.0,2,448.395,460.11,445.5,29.5,9.0,0.040609788713559775,436.68,460.11,1.0535322610126119,Future_Mid
16572,27,148,40,532,1009.6,3.7794736842105263,United Kingdom,0.0,0.0,3,336.5333333333333,367.32,177.33333333333334,19.0,1.0,0.009710642471799901,342.58,667.02,1.9442924500844054,Future_Inactive
16573,190,0,16,111,292.63,4.49,United Kingdom,0.0,0.0,1,292.63,292.63,111.0,16.0,3.0,0.033841785525620706,292.63,0.0,0.0034056465619997957,Future_Low
16581,82,0,9,134,105.84,1.1855555555555555,United Kingdom,0.0,0.0,1,105.84,105.84,134.0,9.0,2.0,0.2506372132540357,0.0,105.84,106.84,Future_Inactive
16582,13,0,6,164,313.62,1.6216666666666668,United Kingdom,0.0,0.0,1,313.62,313.62,164.0,6.0,0.0,0.0,0.0,313.62,314.62,Future_Inactive
16583,273,0,14,111,233.45,2.564285714285714,United Kingdom,0.0,0.0,1,233.45,233.45,111.0,14.0,0.0,0.0,233.45,0.0,0.0042653017701002344,Future_Inactive
16584,154,0,14,488,611.94,2.144285714285714,United Kingdom,0.0,0.0,1,611.94,611.94,488.0,14.0,3.0,0.04382880982515351,611.94,0.0,0.0016314810585049107,Future_Low
16586,148,0,8,95,463.95,4.68125,United Kingdom,0.0,0.0,1,463.95,463.95,95.0,8.0,0.0,0.0,463.95,0.0,0.0021507688998817077,Future_Inactive
16587,132,0,13,71,225.15,6.707692307692308,United Kingdom,0.0,0.0,1,225.15,225.15,71.0,13.0,0.0,0.0,0.0,225.15,226.15,Future_Inactive
16589,6,54,13,156,214.68,2.5580000000000003,United Kingdom,0.0,0.0,2,107.34,117.68,78.0,7.5,0.0,0.0,0.0,214.68,215.68,Future_Low
16592,36,151,102,1785,2214.33,2.0025,United Kingdom,0.1484375,0.0,10,221.433,668.39,178.5,12.8,5.0,0.010678080447496458,802.75,1411.58,1.7574867807153964,Future_High
16593,89,138,20,85,255.5,5.314285714285714,United Kingdom,0.047619047619047616,0.0,2,127.75,185.9,42.5,10.0,0.0,0.0,69.6,185.9,2.6473087818696888,Future_Low
16596,266,0,6,47,120.65,4.2,United Kingdom,0.0,0.0,1,120.65,120.65,47.0,6.0,0.0,0.0,120.65,0.0,0.008220304151253596,Future_Low
16598,185,0,10,73,145.04999999999998,2.56,United Kingdom,1.0,0.0,1,145.04999999999998,145.04999999999998,73.0,10.0,1.0,0.029116465863453816,145.04999999999998,0.0,0.006846970215679563,Future_Inactive
16600,153,85,18,368,237.46,1.0522222222222224,United Kingdom,0.0,0.5,2,118.72999999999999,125.86,184.0,9.0,0.0,0.0,237.46,0.0,0.004193575442422209,Future_Mid
16607,28,230,94,2070,2267.58,5.604234234234234,United Kingdom,0.0,0.0,10,226.75799999999998,421.7,207.0,11.1,2.0,0.11994007653437451,1390.06,877.52,0.6315471654709358,Future_High
16609,35,117,103,1245,2710.04,3.6092857142857144,United Kingdom,0.0,0.0,5,542.008,895.44,249.0,30.8,1.0,0.0012162132279773267,557.53,2152.51,3.855674717562173,Future_High
16610,119,0,6,66,75.66,1.2966666666666666,United Kingdom,0.0,0.0,1,75.66,75.66,66.0,6.0,0.0,0.0,0.0,75.66,76.66,Future_Inactive
16611,86,0,9,47,129.49,3.7870000000000004,United Kingdom,0.0,0.0,1,129.49,129.49,47.0,9.0,1.0,0.0615986665700413,0.0,129.49,130.49,Future_Inactive
16612,19,192,42,394,870.3000000000001,3.114901960784314,United Kingdom,0.0,0.0,3,290.1,428.85,131.33333333333334,17.0,0.0,0.0,280.05,590.25,2.1037181996086103,Future_Low
16614,82,0,26,223,506.19,4.756538461538462,United Kingdom,0.0,0.0,1,506.19,506.19,223.0,26.0,0.0,0.0,0.0,506.19,507.19,Future_Inactive
16616,57,0,11,110,210.10000000000002,5.261818181818182,United Kingdom,0.0,0.0,1,210.10000000000002,210.10000000000002,110.0,11.0,0.0,0.0,0.0,210.10000000000002,211.10000000000002,Future_Low
16617,135,0,5,91,151.85,3.91,United Kingdom,0.0,0.0,1,151.85,151.85,91.0,5.0,0.0,0.0,0.0,151.85,152.85,Future_Inactive
16618,110,111,44,771,1441.29,3.8922222222222222,United Kingdom,0.0,0.0,4,360.3225,728.16,192.75,13.5,1.0,0.011623601053324556,1082.82,358.46999999999997,0.3316694654093853,Future_High
16619,163,0,14,133,226.21,2.6757142857142857,United Kingdom,0.0,0.0,1,226.21,226.21,133.0,14.0,2.0,0.08789968146445708,226.21,0.0,0.004401214735266934,Future_Inactive
16620,160,0,5,48,95.75999999999999,3.5879999999999996,United Kingdom,0.0,0.0,1,95.75999999999999,95.75999999999999,48.0,5.0,0.0,0.0,95.75999999999999,0.0,0.010334849111202978,Future_Low
16621,47,130,17,187,609.41,4.712727272727272,United Kingdom,0.5454545454545454,0.0,3,203.13666666666668,327.85,62.333333333333336,7.333333333333333,0.0,0.0,162.85,446.56,2.7315227342081174,Future_Low
16623,145,0,5,39,129.45,3.1900000000000004,United Kingdom,0.0,0.0,1,129.45,129.45,39.0,5.0,0.0,0.0,129.45,0.0,0.007665772326561902,Future_Inactive
16624,97,0,21,196,426.43,4.27952380952381,United Kingdom,0.0,0.0,1,426.43,426.43,196.0,21.0,0.0,0.0,0.0,426.43,427.43,Future_Mid
16625,174,0,23,164,333.08,2.737391304347826,United Kingdom,0.0,0.0,1,333.08,333.08,164.0,23.0,0.0,0.0,333.08,0.0,0.0029932950191570882,Future_Inactive
16626,13,153,74,1108,2165.34,4.153235294117647,United Kingdom,0.0,0.0,7,309.3342857142857,795.75,158.28571428571428,14.571428571428571,1.0,0.0009688849518325767,795.75,1369.59,1.720225917791026,Future_High
16628,6,128,64,844,1619.8400000000001,2.466206896551724,United Kingdom,0.0,0.0,4,404.96,496.3,211.0,21.75,2.0,0.0030833615410653286,0.0,1619.8400000000001,1620.8400000000001,Future_Mid
16633,14,119,51,463,1168.26,5.058548387096774,United Kingdom,0.24193548387096775,0.0,3,389.42,464.94,154.33333333333334,20.666666666666668,0.0,0.0,0.0,1168.26,1169.26,Future_High
16634,122,149,9,82,217.9,4.5055555555555555,United Kingdom,0.1111111111111111,0.0,2,108.95,164.8,41.0,4.5,0.0,0.0,164.8,53.1,0.3262967430639324,Future_Inactive
16637,23,102,29,351,530.55,4.2825,United Kingdom,0.0,0.0,2,265.275,303.62,175.5,16.0,0.0,0.0,0.0,530.55,531.55,Future_Mid
16638,6,262,78,1010,1429.71,4.075189873417721,United Kingdom,0.13924050632911392,0.0,8,178.71375,528.27,126.25,9.875,1.0,0.0029638204691902143,1211.44,218.26999999999998,0.18085018640097653,Future_Low
16639,106,29,19,159,471.15000000000003,3.9725,United Kingdom,0.0,0.0,2,235.57500000000005,308.20000000000005,79.5,10.0,0.0,0.0,0.0,471.15000000000003,472.15000000000003,Future_Mid
16641,5,0,12,256,231.10000000000002,2.138333333333333,United Kingdom,0.0,0.0,1,231.10000000000002,231.10000000000002,256.0,12.0,0.0,0.0,0.0,231.10000000000002,232.10000000000002,Future_Inactive
16642,107,0,15,131,307.73,5.306,United Kingdom,0.0,0.0,1,307.73,307.73,131.0,15.0,1.0,0.0268791702242039,0.0,307.73,308.73,Future_Mid
16643,145,0,27,269,487.51,3.635925925925926,United Kingdom,0.0,0.0,1,487.51,487.51,269.0,27.0,0.0,0.0,487.51,0.0,0.002047041002231275,Future_Inactive
16644,77,34,62,826,833.78,1.5379032258064516,United Kingdom,0.0,0.0,2,416.89,722.41,413.0,31.0,0.0,0.0,0.0,833.78,834.78,Future_Inactive
16647,69,35,12,146,214.06,3.2507142857142854,United Kingdom,0.0,0.0,2,107.03,127.75,73.0,7.0,0.0,0.0,0.0,214.06,215.06,Future_Inactive
16652,9,163,53,2077,4525.87,3.920125,United Kingdom,0.0,0.0,5,905.174,1588.16,415.4,16.0,4.0,0.024981526682364502,1613.66,2912.21,1.8042250380885139,Future_High
16654,41,227,29,282,601.27,4.256206896551724,United Kingdom,0.034482758620689655,0.0,4,150.3175,274.45,70.5,7.25,2.0,0.01036917556824728,227.4,373.87,1.6412872154115588,Future_Inactive
16655,31,200,125,1033,1867.19,2.9753284671532847,United Kingdom,0.5766423357664233,0.0,3,622.3966666666666,812.25,344.3333333333333,45.0,0.0,0.0,812.25,1054.94,1.298419920073778,Future_High
16656,20,244,13,6278,6257.0,2.2749019607843137,United Kingdom,0.0,0.0,10,625.7,1093.44,627.8,5.1,5.0,0.0071894273686949695,1755.44,4501.5599999999995,2.5634579034865976,Future_High
16657,48,105,111,597,414.79,1.7235483870967743,United Kingdom,0.0,0.0,2,207.395,215.43,298.5,60.5,0.0,0.0,215.43,199.36,0.9257496650187128,Future_Mid
16658,268,0,8,40,123.24,3.02125,United Kingdom,0.0,0.0,1,123.24,123.24,40.0,8.0,0.0,0.0,123.24,0.0,0.008048937540244688,Future_Inactive
16659,89,0,2,72,39.12,0.62,United Kingdom,0.0,0.0,1,39.12,39.12,72.0,2.0,0.0,0.0,0.0,39.12,40.12,Future_Inactive
16660,110,108,5,228,384.36,1.6919999999999997,United Kingdom,0.0,0.0,2,192.17999999999998,282.59999999999997,114.0,2.5,0.0,0.0,282.59999999999997,101.76,0.3623413258110015,Future_Mid
16665,262,0,9,59,135.39999999999998,5.388888888888889,United Kingdom,1.0,0.0,1,135.39999999999998,135.39999999999998,59.0,9.0,0.0,0.0,135.39999999999998,0.0,0.007331378299120236,Future_Inactive
16667,184,0,20,77,200.4,3.4775,United Kingdom,0.0,0.0,1,200.4,200.4,77.0,20.0,0.0,0.0,200.4,0.0,0.004965243296921549,Future_Low
16668,16,167,9,258,266.52,1.3858823529411763,United Kingdom,0.058823529411764705,0.0,5,53.303999999999995,74.16,51.6,3.4,0.0,0.0,50.76,215.76,4.187789799072643,Future_Low
16670,6,252,150,2152,3239.9700000000003,2.7326470588235297,United Kingdom,0.0,0.0,8,404.99625000000003,691.21,269.0,25.5,5.0,0.01658764895496294,1948.22,1291.75,0.663214003550138,Future_Mid
16671,64,0,3,656,1382.88,3.02,United Kingdom,0.0,0.0,1,1382.88,1382.88,656.0,3.0,0.0,0.0,0.0,1382.88,1383.88,Future_Low
16672,12,154,22,2252,6303.74,3.660888888888889,United Kingdom,0.0,0.0,16,393.98375,1175.44,140.75,5.625,3.0,0.0065168500368001075,1958.74,4345.0,2.2176411156581994,Future_High
16676,113,124,58,412,1098.5,5.2421875,United Kingdom,0.0,0.0,3,366.1666666666667,464.82,137.33333333333334,21.333333333333332,3.0,0.029507907058927463,464.82,633.6800000000001,1.3625005366879912,Future_Mid
16678,19,163,74,1370,1830.34,2.058846153846154,United Kingdom,0.34615384615384615,0.0,7,261.4771428571429,326.75,195.71428571428572,14.857142857142858,2.0,0.0013640034045524978,742.08,1088.26,1.46587177692846,Future_High
16679,266,0,3,29,129.75,6.916666666666667,United Kingdom,0.0,0.0,1,129.75,129.75,29.0,3.0,0.0,0.0,129.75,0.0,0.0076481835564053535,Future_Inactive
16681,44,108,15,1050,1332.68,2.0011764705882356,United Kingdom,0.0,0.0,4,333.16999999999996,456.84,262.5,8.5,0.0,0.0,301.6,1031.08,3.410707204230006,Future_Mid
16682,58,28,15,562,626.3,2.017333333333333,United Kingdom,0.7333333333333333,0.0,2,313.15,525.5,281.0,7.5,0.0,0.0,0.0,626.3,627.3,Future_Mid
16684,33,224,88,24485,33883.5,2.642738095238095,United Kingdom,0.2857142857142857,0.0,18,1882.4166666666667,7138.12,1360.2777777777778,9.333333333333334,4.0,0.021979519110705215,18649.42,15234.08,0.816875973838659,Future_High
16686,3,251,281,1486,1998.65,2.582108108108108,United Kingdom,0.7081081081081081,0.0,5,399.73,803.02,297.2,72.6,3.0,0.009588701684836472,829.59,1169.06,1.4087094715804427,Future_High
16690,101,0,5,46,86.5,2.5300000000000002,United Kingdom,1.0,0.0,1,86.5,86.5,46.0,5.0,0.0,0.0,0.0,86.5,87.5,Future_Low
16692,156,32,2,152,1276.0,55.31666666666666,United Kingdom,0.0,0.0,2,638.0,1267.5,76.0,1.5,0.0,0.0,1276.0,0.0,0.0007830853563038371,Future_Inactive
16693,171,0,21,50,153.41,4.012380952380953,United Kingdom,1.0,0.0,1,153.41,153.41,50.0,21.0,0.0,0.0,153.41,0.0,0.006476264490641798,Future_Low
16696,35,112,7,146,657.9000000000001,3.9300000000000006,United Kingdom,0.0,0.0,4,164.47500000000002,404.70000000000005,36.5,2.5,0.0,0.0,35.400000000000006,622.5,17.129120879120876,Future_Inactive
16697,141,0,20,27,112.75,4.640476190476191,United Kingdom,0.0,0.0,1,112.75,112.75,27.0,20.0,0.0,0.0,112.75,0.0,0.008791208791208791,Future_Inactive
16698,126,26,4,840,1998.0,2.37,United Kingdom,0.0,0.0,2,999.0,1182.0,420.0,2.5,0.0,0.0,1182.0,816.0,0.6906170752324599,Future_Inactive
16700,21,244,142,3240,4095.95,2.0364313725490195,United Kingdom,0.09411764705882353,0.0,10,409.595,508.36,324.0,25.5,4.0,0.008844525105868119,1761.6,2334.35,1.324946102348803,Future_High
16701,29,232,80,4958,4050.42,2.0528181818181817,United Kingdom,0.22727272727272727,0.0,10,405.04200000000003,1080.65,495.8,11.0,10.0,0.057702194977259244,1575.92,2474.5,1.5698323313801588,Future_High
16705,44,214,81,3489,8194.43,4.292733812949641,United Kingdom,0.0,0.0,9,910.4922222222223,2489.11,387.6666666666667,15.444444444444445,9.0,0.004786345131797557,5028.7300000000005,3165.7000000000003,0.629596419688532,Future_High
16706,14,0,70,165,291.53,2.675,United Kingdom,0.0,0.0,1,291.53,291.53,165.0,70.0,0.0,0.0,0.0,291.53,292.53,Future_Low
16709,99,82,42,521,1984.5900000000001,5.7904,United Kingdom,0.0,0.0,4,496.1475,1120.53,130.25,12.5,0.0,0.0,1270.43,714.16,0.5624847612530772,Future_High
16710,38,230,215,1385,1835.08,2.2862,United Kingdom,0.3333333333333333,0.0,7,262.1542857142857,423.3,197.85714285714286,42.285714285714285,0.0,0.0,880.77,954.31,1.083400433219547,Future_Mid
16711,40,217,9,253,909.87,4.996,United Kingdom,0.0,0.0,3,303.29,384.6,84.33333333333333,3.3333333333333335,0.0,0.0,598.8000000000001,311.07,0.5202900966988996,Future_Mid
16712,8,167,147,1001,2010.91,3.1230416666666665,United Kingdom,0.0,0.0,7,287.27285714285716,414.5,143.0,33.142857142857146,0.0,0.0,717.58,1293.33,1.8012329872804695,Future_High
16713,15,250,237,2144,3970.77,3.3241353383458643,United Kingdom,0.0,0.0,11,360.9790909090909,529.67,194.9090909090909,36.27272727272727,6.0,0.015227532569311314,2459.43,1511.34,0.6146649162951191,Future_High
16714,118,98,77,589,1129.06,3.660919540229885,United Kingdom,0.0,0.0,3,376.3533333333333,1104.11,196.33333333333334,25.666666666666668,1.0,0.1812829028468667,1114.06,15.0,0.014349003641059675,Future_Inactive
16716,166,44,1,120,901.2,7.300000000000001,United Kingdom,0.0,0.0,2,450.6,734.4000000000001,60.0,1.0,1.0,0.39214892755969244,901.2,0.0,0.0011084016847705607,Future_Inactive
16717,62,203,61,516,1136.16,4.2826562500000005,United Kingdom,0.0,0.0,3,378.72,530.47,172.0,21.333333333333332,34.0,0.32998767492466374,307.25,828.91,2.6923276561232763,Future_High
16718,269,0,41,407,606.0500000000001,2.3229545454545453,United Kingdom,1.0,0.0,1,606.0500000000001,606.0500000000001,407.0,41.0,0.0,0.0,606.0500000000001,0.0,0.0016473107651758503,Future_Inactive
16719,48,219,85,737,1283.88,4.0807246376811595,United Kingdom,0.0,0.0,5,256.776,430.73,147.4,27.4,2.0,0.01268859871729802,752.51,531.37,0.7065201523536516,Future_Mid
16721,162,0,37,172,292.47,2.363243243243243,United Kingdom,0.0,0.0,1,292.47,292.47,172.0,37.0,0.0,0.0,292.47,0.0,0.003407503322315739,Future_Inactive
16722,6,261,79,3302,3234.5,1.2464625850340136,United Kingdom,0.0,0.0,9,359.3888888888889,480.68,366.8888888888889,16.333333333333332,3.0,0.0060231707691834925,1113.88,2120.62,1.9030030137772673,Future_High
16723,7,0,36,397,411.4,2.8739024390243904,United Kingdom,0.0,0.0,1,411.4,411.4,397.0,36.0,0.0,0.0,0.0,411.4,412.4,Future_Low
16725,202,69,110,288,758.27,3.637103448275862,United Kingdom,0.0,0.0,7,108.32428571428571,196.85,41.142857142857146,20.0,1.0,0.007785716155033891,758.27,0.0,0.0013170545392284694,Future_Inactive
16726,96,164,71,512,777.16,2.5156701030927837,United Kingdom,0.0,0.0,4,194.29000000000002,397.29,128.0,21.75,0.0,0.0,585.76,191.4,0.32790237916695075,Future_Mid
16727,264,0,41,167,256.32,1.6643181818181818,United Kingdom,0.0,0.0,1,256.32,256.32,167.0,41.0,0.0,0.0,256.32,0.0,0.00388621172081455,Future_Inactive
16728,66,97,113,320,548.31,2.291267605633803,United Kingdom,1.0,0.0,3,182.76999999999998,224.49,106.66666666666667,47.0,0.0,0.0,224.49,323.82,1.4405073395715995,Future_Mid
16729,14,126,135,3689,4996.29,2.2800243309002433,United Kingdom,0.0,0.0,16,312.268125,604.73,230.5625,25.3125,6.0,0.027908080774671044,504.27,4492.02,8.892314999901044,Future_High
16730,134,84,35,750,480.94,1.4116216216216217,United Kingdom,0.0,0.0,2,240.47,293.92,375.0,18.5,2.0,0.07735103403292024,187.01999999999998,293.92,1.5685565365386664,Future_Low
16734,14,0,27,108,302.40999999999997,3.784375,United Kingdom,0.0,0.0,2,151.20499999999998,299.46,54.0,13.5,0.0,0.0,0.0,302.40999999999997,303.40999999999997,Future_Low
16735,139,94,47,648,1044.77,2.7140677966101694,United Kingdom,0.6440677966101694,0.0,2,522.385,607.21,324.0,27.0,1.0,0.0031486446515976985,1044.77,0.0,0.0009562332061543169,Future_High
16738,197,0,1,3,3.75,1.25,United Kingdom,0.0,0.0,1,3.75,3.75,3.0,1.0,0.0,0.0,3.75,0.0,0.21052631578947367,Future_Inactive
16739,76,0,13,172,323.0,2.9038461538461537,United Kingdom,0.0,0.0,1,323.0,323.0,172.0,13.0,3.0,0.03133903133903134,0.0,323.0,324.0,Future_Inactive
16743,13,245,82,1666,1860.9,1.5106626506024097,United Kingdom,0.0,0.1686746987951807,6,310.15000000000003,430.28000000000003,277.6666666666667,27.5,2.0,0.0242508455024513,791.0600000000001,1069.84,1.3519682852309167,Future_Low
16744,45,27,47,145,240.74,2.5708928571428573,United Kingdom,1.0,0.0,2,120.37,130.78,72.5,28.0,0.0,0.0,0.0,240.74,241.74,Future_High
16745,19,192,136,5202,5897.33,1.9713694267515924,United Kingdom,0.10509554140127389,0.044585987261146494,15,393.1553333333333,561.81,346.8,20.666666666666668,1.0,0.0039858603293739326,2544.92,3352.4100000000003,1.3171702174459528,Future_High
16746,0,257,174,2575,4403.53,3.0097784810126584,United Kingdom,0.34177215189873417,0.0,12,366.9608333333333,587.3,214.58333333333334,26.166666666666668,3.0,0.0007601749990923283,1545.34,2858.19,1.8490047466921895,Future_High
16748,117,116,27,492,910.2,1.853235294117647,United Kingdom,0.4411764705882353,0.0,3,303.40000000000003,479.0,164.0,11.333333333333334,0.0,0.0,609.8,300.4,0.49345121152586774,Future_Mid
16750,21,110,44,138,416.12,4.359787234042553,United Kingdom,0.0,0.0,3,138.70666666666668,199.04,46.0,15.666666666666666,0.0,0.0,0.0,416.12,417.12,Future_Low
16752,272,0,9,54,207.5,13.594444444444443,United Kingdom,0.0,0.0,1,207.5,207.5,54.0,9.0,0.0,0.0,207.5,0.0,0.004796163069544364,Future_Inactive
16754,272,0,2,4280,2002.4,0.62,United Kingdom,0.0,0.0,1,2002.4,2002.4,4280.0,2.0,0.0,0.0,2002.4,0.0,0.000499151442547669,Future_Inactive
16755,14,201,133,1058,1475.43,2.721878787878788,United Kingdom,0.0,0.0,3,491.80999999999995,592.41,352.6666666666667,54.666666666666664,6.0,0.00820096394936913,316.06,1159.3700000000001,3.659780483189302,Future_Inactive
16756,114,0,13,106,239.4,3.6584615384615384,United Kingdom,0.0,0.0,1,239.4,239.4,106.0,13.0,0.0,0.0,0.0,239.4,240.4,Future_Inactive
16757,218,0,7,81,106.83000000000001,1.3628571428571428,United Kingdom,0.0,0.0,1,106.83000000000001,106.83000000000001,81.0,7.0,0.0,0.0,106.83000000000001,0.0,0.009273856997125103,Future_Inactive
16762,44,0,13,143,314.15000000000003,3.130769230769231,United Kingdom,0.0,0.0,1,314.15000000000003,314.15000000000003,143.0,13.0,0.0,0.0,0.0,314.15000000000003,315.15000000000003,Future_Mid
16763,98,0,23,319,611.85,4.6673913043478255,United Kingdom,0.0,0.0,1,611.85,611.85,319.0,23.0,1.0,0.026956106870229004,0.0,611.85,612.85,Future_Inactive
16764,26,16,102,252,522.0600000000001,2.3664827586206894,United Kingdom,0.2689655172413793,0.0,3,174.02,176.68,84.0,48.333333333333336,0.0,0.0,0.0,522.0600000000001,523.0600000000001,Future_High
16765,194,0,1,4,34.0,8.5,United Kingdom,0.0,0.0,1,34.0,34.0,4.0,1.0,0.0,0.0,34.0,0.0,0.02857142857142857,Future_Inactive
16766,173,0,17,536,1145.6,2.835294117647059,United Kingdom,0.0,0.0,2,572.8,572.8,268.0,17.0,0.0,0.0,1145.6,0.0,0.0008721437292865866,Future_Inactive
16767,13,202,126,3433,4229.32,1.6047953216374269,United Kingdom,0.0,0.0,6,704.8866666666667,1866.02,572.1666666666666,28.333333333333332,0.0,0.0,2230.86,1998.46,0.8958716048497666,Future_High
16768,3,168,40,88,286.49,3.9665116279069768,United Kingdom,1.0,0.0,2,143.245,183.25,44.0,21.0,3.0,0.039397800429184546,183.25,103.24000000000001,0.5657530529172321,Future_Low
16769,160,0,33,80,361.54,4.653947368421052,United Kingdom,0.0,0.0,1,361.54,361.54,80.0,33.0,0.0,0.0,361.54,0.0,0.0027583163237160035,Future_Inactive
16770,136,135,82,365,649.38,2.5211,United Kingdom,0.88,0.0,4,162.345,265.55,91.25,24.25,1.0,0.03735657742595393,527.75,121.63,0.2319243498817967,Future_Low
16771,175,62,154,1050,1651.75,2.963657142857143,United Kingdom,0.0,0.0,3,550.5833333333334,704.33,350.0,58.333333333333336,0.0,0.0,1651.75,0.0,0.000605052185751021,Future_Mid
16774,16,62,20,226,542.2,2.990625,United Kingdom,0.0,0.0,3,180.73333333333335,238.0,75.33333333333333,10.333333333333334,1.0,0.012026239067055392,0.0,542.2,543.2,Future_Low
16775,22,244,65,283,1174.55,4.627745098039216,United Kingdom,0.0,0.0,8,146.81875,231.9,35.375,12.75,0.0,0.0,577.1,597.45,1.0352015222279882,Future_Mid
16777,157,0,35,48,173.52,3.7705405405405403,United Kingdom,1.0,0.0,1,173.52,173.52,48.0,35.0,0.0,0.0,173.52,0.0,0.005730002292000916,Future_Low
16778,174,0,5,66,93.18,1.732,United Kingdom,0.0,0.0,1,93.18,93.18,66.0,5.0,0.0,0.0,93.18,0.0,0.010617965597791462,Future_Low
16779,6,260,130,3590,6376.7300000000005,2.1604329004329004,United Kingdom,0.18181818181818182,0.0,15,425.11533333333335,678.88,239.33333333333334,15.333333333333334,10.0,0.015085567774620041,3280.67,3096.06,0.943745105388415,Future_High
16780,0,158,51,270,422.24,2.5869491525423727,United Kingdom,0.0,0.0,2,211.12,260.35,135.0,27.5,0.0,0.0,161.89,260.35,1.6044569955184482,Future_Inactive
16781,272,0,17,113,311.25,5.008823529411765,United Kingdom,0.0,0.0,1,311.25,311.25,113.0,17.0,2.0,0.050632911392405056,311.25,0.0,0.0032025620496397116,Future_Inactive
16782,38,227,89,501,1630.4,3.549006622516556,United Kingdom,0.046357615894039736,0.0,9,181.15555555555557,364.2,55.666666666666664,16.77777777777778,6.0,0.019101765785278103,1093.44,536.96,0.4915390519352363,Future_Mid
16788,23,131,138,304,594.39,2.4024324324324327,United Kingdom,0.0,0.0,2,297.19500000000005,299.92,152.0,73.5,0.0,0.0,294.47,299.92,1.0184451890208819,Future_Inactive
16791,22,209,111,335,791.87,3.1167808219178084,United Kingdom,0.0,0.0,5,158.374,246.98,67.0,29.0,0.0,0.0,398.88,392.99,0.9852705811743523,Future_Mid
16792,182,0,11,44,110.38000000000001,4.001666666666666,United Kingdom,0.0,0.0,2,55.190000000000005,100.43,22.0,5.5,0.0,0.0,110.38000000000001,0.0,0.008978272580355539,Future_Inactive
16794,8,71,100,617,607.05,1.3758666666666666,United Kingdom,0.36,0.34,4,151.7625,253.29,154.25,37.25,1.0,0.020492133924969746,0.0,607.05,608.05,Future_Mid
16795,265,0,64,239,414.88,2.2053030303030305,United Kingdom,0.0,0.0,1,414.88,414.88,239.0,64.0,0.0,0.0,414.88,0.0,0.0024045397710878136,Future_Inactive
16801,63,110,72,493,1594.23,6.002266666666667,United Kingdom,0.22666666666666666,0.0,4,398.5575,751.9,123.25,18.75,45.0,0.3204852246039222,751.9,842.33,1.1201089122061363,Future_Inactive
16804,170,0,19,34,118.05,4.0473684210526315,United Kingdom,0.0,0.0,1,118.05,118.05,34.0,19.0,0.0,0.0,118.05,0.0,0.008399832003359933,Future_Mid
16805,73,186,94,539,460.59,1.7842857142857145,United Kingdom,0.4387755102040816,0.0,2,230.29500000000002,245.82,269.5,49.0,0.0,0.0,214.77,245.82,1.143903230291514,Future_Inactive
16806,3,135,68,356,762.16,2.875268817204301,United Kingdom,0.43010752688172044,0.1935483870967742,4,190.54,238.34,89.0,23.0,0.0,0.0,227.5,534.66,2.344245076586433,Future_Inactive
16807,42,128,57,778,1121.59,2.5701492537313433,United Kingdom,0.22388059701492538,0.0,3,373.8633333333334,469.76,259.3333333333333,22.333333333333332,0.0,0.0,371.23,750.36,2.0185369260940815,Future_Inactive
16808,174,0,19,116,166.5,2.468421052631579,United Kingdom,0.0,1.0,1,166.5,166.5,116.0,19.0,0.0,0.0,166.5,0.0,0.005970149253731343,Future_Low
16809,36,125,61,371,470.69,1.5217582417582416,United Kingdom,0.2087912087912088,0.0,3,156.89666666666668,214.28,123.66666666666667,30.333333333333332,1.0,0.004125761679079214,214.28,256.41,1.1956986250464512,Future_Mid
16810,92,0,15,114,309.54,3.5353333333333334,United Kingdom,0.0,0.0,1,309.54,309.54,114.0,15.0,1.0,0.09870719776380153,0.0,309.54,310.54,Future_Inactive
16812,260,0,15,81,479.35,5.533333333333333,United Kingdom,0.0,0.0,1,479.35,479.35,81.0,15.0,0.0,0.0,479.35,0.0,0.0020818153429790777,Future_Inactive
16813,13,91,187,1092,1029.36,1.620953947368421,United Kingdom,0.47368421052631576,0.0,6,171.55999999999997,245.44,182.0,49.833333333333336,0.0,0.0,0.0,1029.36,1030.36,Future_Mid
16814,8,261,110,2129,5131.69,3.3931439393939393,United Kingdom,0.056818181818181816,0.0,16,320.730625,644.13,133.0625,16.5,1.0,0.0016536353714551408,2731.19,2400.5,0.8789652256980663,Future_High
16816,3,254,28,274,417.06,2.2528571428571427,United Kingdom,0.6428571428571429,0.0,4,104.265,249.67000000000002,68.5,7.0,0.0,0.0,325.45,91.61,0.28368816051462703,Future_Inactive
16817,85,182,52,574,1179.43,3.9541666666666666,United Kingdom,0.0,0.0,7,168.49,244.20000000000002,82.0,8.571428571428571,9.0,0.11800513000755293,731.45,447.98,0.6129838214212574,Future_Mid
16818,6,99,110,1246,2102.4,2.8097435897435896,United Kingdom,0.08547008547008547,0.0,8,262.8,554.42,155.75,14.625,2.0,0.014807872539831301,0.0,2102.4,2103.4,Future_High
16823,127,0,34,136,358.38,3.273157894736842,United Kingdom,0.0,0.0,1,358.38,358.38,136.0,34.0,0.0,0.0,0.0,358.38,359.38,Future_Inactive
16824,64,0,13,134,222.9,3.2961538461538464,United Kingdom,0.0,0.0,1,222.9,222.9,134.0,13.0,0.0,0.0,0.0,222.9,223.9,Future_Low
16825,85,0,11,358,318.7,2.440909090909091,United Kingdom,0.0,0.0,1,318.7,318.7,358.0,11.0,0.0,0.0,0.0,318.7,319.7,Future_Mid
16828,12,0,7,58,113.5,2.142857142857143,United Kingdom,0.0,0.0,1,113.5,113.5,58.0,7.0,0.0,0.0,0.0,113.5,114.5,Future_Low
16829,56,0,11,99,197.22,3.019090909090909,United Kingdom,0.0,0.0,1,197.22,197.22,99.0,11.0,0.0,0.0,0.0,197.22,198.22,Future_Inactive
16832,84,33,11,33,199.15,8.083333333333334,United Kingdom,0.0,0.0,3,66.38333333333334,77.75,11.0,4.0,0.0,0.0,0.0,199.15,200.15,Future_Inactive
16833,159,74,32,306,671.29,2.9321875,United Kingdom,0.5625,0.0,3,223.76333333333335,344.41,102.0,10.666666666666666,0.0,0.0,671.29,0.0,0.0014874533311517353,Future_Mid
16834,127,0,24,358,413.46,1.5062499999999999,United Kingdom,0.0,0.0,1,413.46,413.46,358.0,24.0,0.0,0.0,0.0,413.46,414.46,Future_Inactive
16835,28,244,10,61,180.85,4.297,United Kingdom,0.0,0.0,2,90.425,99.1,30.5,5.0,0.0,0.0,81.75,99.1,1.209667673716012,Future_Inactive
16836,16,0,2,84,91.32000000000001,1.155,United Kingdom,0.0,0.0,1,91.32000000000001,91.32000000000001,84.0,2.0,0.0,0.0,0.0,91.32000000000001,92.32000000000001,Future_Low
16837,57,88,77,727,1911.74,4.752222222222222,United Kingdom,0.0,0.0,9,212.41555555555558,519.6,80.77777777777777,10.0,1.0,0.001697136799669972,260.94,1650.8,6.3060242803695505,Future_High
16838,97,90,24,185,588.85,11.256799999999998,United Kingdom,0.0,0.0,2,294.425,392.12,92.5,12.5,1.0,0.010003362474781438,392.12,196.73000000000002,0.5029761904761905,Future_Inactive
16839,9,259,97,5724,10869.28,2.9090000000000003,United Kingdom,0.04736842105263158,0.0,22,494.0581818181818,840.38,260.1818181818182,8.636363636363637,4.0,0.006329923975089865,4924.62,5944.66,1.2070886507688372,Future_High
16841,37,150,89,1878,1561.06,1.3179797979797978,United Kingdom,0.0,0.0,5,312.212,319.12,375.6,19.8,1.0,0.0574788982406144,317.38,1243.68,3.909416420629437,Future_Low
16842,0,201,45,693,1264.19,3.161111111111111,United Kingdom,0.0,0.0,3,421.3966666666667,520.5699999999999,231.0,21.0,0.0,0.0,520.5699999999999,743.62,1.4276511302413868,Future_Inactive
16843,34,192,170,6730,7371.6,1.9700760456273765,United Kingdom,0.07224334600760456,0.0,11,670.1454545454545,1830.72,611.8181818181819,23.90909090909091,1.0,0.0017266245505697861,2394.02,4977.58,2.078721680821037,Future_High
16849,86,0,8,33,124.57,5.1049999999999995,United Kingdom,0.0,0.0,1,124.57,124.57,33.0,8.0,0.0,0.0,0.0,124.57,125.57,Future_Inactive
16850,233,0,19,249,332.41,2.1210526315789475,United Kingdom,0.0,0.0,1,332.41,332.41,249.0,19.0,0.0,0.0,332.41,0.0,0.002999310158663507,Future_Inactive
16852,76,0,7,51,113.06,8.77,United Kingdom,0.0,0.0,1,113.06,113.06,51.0,7.0,0.0,0.0,0.0,113.06,114.06,Future_Low
16858,268,0,9,91,375.69000000000005,5.349,United Kingdom,0.0,0.0,1,375.69000000000005,375.69000000000005,91.0,9.0,3.0,0.07349133147549877,375.69000000000005,0.0,0.0026547028060208656,Future_Inactive
16859,44,116,50,827,747.81,2.820576923076923,United Kingdom,0.0,0.0,2,373.905,487.96999999999997,413.5,26.0,20.0,0.2686311712698537,259.84,487.96999999999997,1.874597454378163,Future_Inactive
16861,58,0,2,24,70.80000000000001,2.95,United Kingdom,0.0,0.0,1,70.80000000000001,70.80000000000001,24.0,2.0,2.0,0.23797223119147562,0.0,70.80000000000001,71.80000000000001,Future_Low
16863,266,0,9,105,164.25,1.5611111111111111,United Kingdom,0.0,0.0,1,164.25,164.25,105.0,9.0,1.0,0.008750754375377189,164.25,0.0,0.006051437216338881,Future_Low
16866,40,20,10,60,207.73999999999998,3.808181818181818,United Kingdom,0.09090909090909091,0.0,3,69.24666666666666,108.94999999999999,20.0,3.6666666666666665,0.0,0.0,0.0,207.73999999999998,208.73999999999998,Future_Inactive
16869,65,9,56,242,387.68,2.447017543859649,United Kingdom,0.0,0.0,2,193.84,233.53,121.0,28.5,0.0,0.0,0.0,387.68,388.68,Future_Mid
16871,110,60,104,861,2037.82,3.7766037735849056,United Kingdom,0.0,0.0,4,509.455,1110.51,215.25,26.5,2.0,0.024345636218263293,927.3100000000001,1110.51,1.1973478687076515,Future_Mid
16872,5,79,3,454,464.68000000000006,1.0025,United Kingdom,0.0,0.0,2,232.34,388.36,227.0,2.0,0.0,0.0,0.0,464.68000000000006,465.68000000000006,Future_Low
16873,27,236,97,2055,3871.4700000000003,3.9327814569536423,United Kingdom,0.0,0.0,4,967.8675,2157.64,513.75,37.75,7.0,0.01169181598409096,2686.57,1184.9,0.44125362316144323,Future_High
16875,44,195,53,488,1138.2,4.3405084745762705,United Kingdom,0.0,0.0,4,284.55,398.79,122.0,14.75,8.0,0.04948014530878116,805.09,333.11,0.41448225384262305,Future_Mid
16877,52,56,46,104,188.98,2.5436,United Kingdom,1.0,0.0,2,94.49000000000001,111.23,52.0,24.5,0.0,0.0,0.0,188.98,189.98,Future_Mid
16880,26,62,82,478,841.01,3.224695652173913,United Kingdom,0.6,0.0,5,168.202,269.88,95.6,22.2,0.0,0.0,0.0,841.01,842.01,Future_Mid
16882,139,77,15,102,215.70000000000002,4.039333333333333,United Kingdom,0.0,0.0,2,107.85000000000001,205.8,51.0,7.5,0.0,0.0,215.70000000000002,0.0,0.0046146746654360865,Future_Mid
16883,87,184,33,103,272.48,3.6686486486486487,United Kingdom,0.5405405405405406,0.0,2,136.24,144.45,51.5,18.5,0.0,0.0,128.03,144.45,1.1272572270014725,Future_Inactive
16885,257,0,27,35,177.95,5.410714285714286,United Kingdom,0.0,0.0,1,177.95,177.95,35.0,27.0,0.0,0.0,177.95,0.0,0.005588153115395362,Future_Low
16889,94,142,112,925,1578.67,3.099037037037037,United Kingdom,0.6444444444444445,0.0,3,526.2233333333332,705.56,308.3333333333333,44.666666666666664,0.0,0.0,1228.61,350.06,0.28550516017273775,Future_Inactive
16891,41,230,93,146,393.57,3.154526315789474,United Kingdom,0.0,0.0,2,196.785,217.26,73.0,47.0,0.0,0.0,217.26,176.31,0.8123797305965362,Future_Low
16892,83,0,20,77,102.97999999999999,2.4965,United Kingdom,0.0,0.0,1,102.97999999999999,102.97999999999999,77.0,20.0,1.0,0.1341125031531153,0.0,102.97999999999999,103.97999999999999,Future_Mid
16893,266,0,44,62,145.93,2.5971111111111114,United Kingdom,0.0,0.0,1,145.93,145.93,62.0,44.0,0.0,0.0,145.93,0.0,0.006805962022731913,Future_Inactive
16897,199,14,37,73,289.78,5.09972972972973,United Kingdom,1.0,0.0,2,144.89,213.03,36.5,18.5,7.0,0.20939622950372414,289.78,0.0,0.0034390260678175944,Future_Inactive
16898,77,191,99,244,313.77,2.068282828282828,United Kingdom,0.0,0.0,2,156.885,201.69,122.0,49.5,1.0,0.17018406854966675,112.08,201.69,1.7924478245489919,Future_Low
16899,49,210,58,225,510.18,3.2719117647058824,United Kingdom,0.0,0.0,3,170.06,177.0,75.0,22.666666666666668,0.0,0.0,170.55,339.63,1.9856018653453802,Future_Mid
16902,16,0,43,629,1706.88,3.8652272727272727,United Kingdom,0.0,0.0,1,1706.88,1706.88,629.0,43.0,0.0,0.0,0.0,1706.88,1707.88,Future_Inactive
16904,8,258,334,1601,2933.55,2.8577580071174378,United Kingdom,0.0,0.0,13,225.65769230769232,381.52,123.15384615384616,42.84615384615385,0.0,0.0,1013.9300000000001,1919.62,1.8923669612682645,Future_Mid
16905,136,135,44,260,822.18,5.143392857142857,United Kingdom,0.32142857142857145,0.5,3,274.06,349.23,86.66666666666667,18.333333333333332,1.0,0.020199492331343175,603.63,218.55,0.3631146320890462,Future_High
16906,86,61,33,183,392.99,4.248048780487805,United Kingdom,0.0,0.0,3,130.99666666666667,181.3,61.0,13.666666666666666,0.0,0.0,112.69,280.3,2.4742721435482453,Future_Low
16907,48,217,74,217,658.99,3.459633027522936,United Kingdom,0.0,0.0,4,164.7475,229.83,54.25,27.25,0.0,0.0,409.75,249.24,0.6092270237370664,Future_Low
16912,34,188,50,585,1538.58,4.456612903225807,United Kingdom,0.0,0.0,7,219.79714285714286,377.3,83.57142857142857,8.857142857142858,3.0,0.021751155589748154,737.84,800.74,1.0851334524389584,Future_High
16913,190,0,8,82,113.44,2.07125,United Kingdom,0.0,0.0,1,113.44,113.44,82.0,8.0,0.0,0.0,113.44,0.0,0.008738203425375743,Future_Inactive
16915,27,156,29,59,382.39000000000004,5.6819354838709675,United Kingdom,0.0,0.0,4,95.5975,173.70000000000002,14.75,7.75,0.0,0.0,166.79,215.60000000000002,1.290899338458788,Future_Low
16916,272,0,48,102,196.43,2.56,United Kingdom,0.0,0.0,1,196.43,196.43,102.0,48.0,0.0,0.0,196.43,0.0,0.005065086359722433,Future_Low
16917,176,0,9,232,391.52,3.873333333333333,United Kingdom,0.0,0.0,1,391.52,391.52,232.0,9.0,0.0,0.0,391.52,0.0,0.0025476408845409152,Future_Inactive
16918,59,157,49,331,523.03,2.4258181818181814,United Kingdom,0.43636363636363634,0.0,2,261.515,275.78,165.5,26.5,0.0,0.0,275.78,247.25,0.8969217429004986,Future_Mid
16919,56,212,141,1403,2592.25,2.802239263803681,United Kingdom,0.0,0.0,11,235.6590909090909,341.65999999999997,127.54545454545455,29.636363636363637,0.0,0.0,1019.51,1572.74,1.5421112972925302,Future_Inactive
16923,52,209,202,1937,4242.42,3.0092877492877492,United Kingdom,0.9316239316239316,0.0,13,326.34000000000003,655.03,149.0,26.0,24.0,0.12041383313982418,2384.4700000000003,1857.95,0.7792803933815977,Future_High
16926,271,0,14,35,230.25,6.978571428571429,United Kingdom,0.0,0.0,1,230.25,230.25,35.0,14.0,0.0,0.0,230.25,0.0,0.004324324324324324,Future_Inactive
16927,15,245,5,993,543.05,2.9066666666666667,United Kingdom,0.0,0.0,3,181.01666666666665,218.1,331.0,2.0,0.0,0.0,341.45,201.6,0.5916192144838662,Future_Inactive
16928,1,272,66,1609,2171.35,1.9983734939759037,United Kingdom,0.0783132530120482,0.0,14,155.09642857142856,375.31,114.92857142857143,11.357142857142858,4.0,0.02954255961027062,465.0,1706.35,3.663841201716738,Future_Mid
16929,27,27,23,326,428.88,1.6325,United Kingdom,0.0,0.0,2,214.44,229.14000000000001,163.0,14.0,0.0,0.0,0.0,428.88,429.88,Future_Mid
16931,3,266,345,1967,2897.33,2.013031825795645,United Kingdom,0.932998324958124,0.0,14,206.95214285714286,302.37,140.5,42.214285714285715,0.0,0.0,1306.68,1590.65,1.2171555732289245,Future_High
16933,139,0,19,127,224.73,2.762,United Kingdom,0.0,0.0,1,224.73,224.73,127.0,19.0,3.0,0.06917118833616369,224.73,0.0,0.004430071324148319,Future_Low
16938,79,129,205,2318,2386.05,2.847196261682243,United Kingdom,0.9299065420560748,0.0,3,795.35,2108.7000000000003,772.6666666666666,70.0,1.0,0.2588295592209487,267.6,2118.4500000000003,7.8907297096053615,Future_Low
16940,69,120,162,1236,1868.36,2.108763440860215,United Kingdom,0.0,0.0,2,934.1800000000001,1110.68,618.0,92.5,0.0,0.0,757.68,1110.68,1.4652818052406813,Future_High
16942,36,91,115,593,1439.44,3.193608247422681,United Kingdom,0.0,0.0,7,205.6342857142857,330.28000000000003,84.71428571428571,27.142857142857142,2.0,0.018063741541148218,0.0,1439.44,1440.44,Future_Mid
16943,111,106,23,145,816.73,6.822424242424242,United Kingdom,0.0,0.0,3,272.24333333333334,451.03,48.333333333333336,11.0,0.0,0.0,644.63,172.1,0.2681102179266763,Future_Inactive
16945,13,244,95,1787,2705.21,2.10225,United Kingdom,0.125,0.0,12,225.43416666666667,319.35,148.91666666666666,13.333333333333334,0.0,0.0,1456.58,1248.63,0.8573320160814502,Future_High
16947,135,0,21,312,406.48,2.610952380952381,United Kingdom,0.0,0.0,1,406.48,406.48,312.0,21.0,0.0,0.0,0.0,406.48,407.48,Future_Inactive
16948,38,187,15,1614,435.02,1.1131578947368421,United Kingdom,0.47368421052631576,0.0,3,145.00666666666666,194.48,538.0,6.333333333333333,0.0,0.0,240.54000000000002,194.48,0.8093069470895089,Future_Inactive
16949,85,130,32,386,893.75,9.4396875,United Kingdom,0.0,0.0,4,223.4375,388.0,96.5,8.0,1.0,0.12269938650306748,202.21,691.54,3.408001574725653,Future_Mid
16950,24,242,26,337,778.41,3.428148148148148,United Kingdom,0.8888888888888888,0.0,2,389.205,606.41,168.5,13.0,0.0,0.0,172.0,606.41,3.5110404624277454,Future_Mid
16951,34,169,73,1318,1277.75,1.4517441860465115,United Kingdom,0.0,0.0,3,425.9166666666667,1053.79,439.3333333333333,28.666666666666668,1.0,0.011603171533552505,1053.79,223.96,0.21327468026811025,Future_Inactive
16952,9,0,16,92,167.61,5.236875,United Kingdom,0.0,0.0,2,83.805,157.11,46.0,8.0,0.0,0.0,0.0,167.61,168.61,Future_Inactive
16954,24,235,34,744,1245.3799999999999,3.2104999999999997,United Kingdom,0.2,0.0,4,311.345,414.3,186.0,10.0,0.0,0.0,941.48,303.9,0.3235081911552499,Future_Mid
16955,84,188,18,266,518.67,4.1983999999999995,United Kingdom,0.0,0.0,4,129.6675,165.88,66.5,6.25,1.0,0.04598377692350139,354.98,163.69,0.46263835046912744,Future_Inactive
16957,139,42,15,172,416.64,3.329375,United Kingdom,0.0,0.0,2,208.32,301.8,86.0,8.0,0.0,0.0,416.64,0.0,0.0023944066660281584,Future_Inactive
16960,152,0,45,95,201.53,2.5526666666666666,United Kingdom,0.0,0.0,1,201.53,201.53,95.0,45.0,0.0,0.0,201.53,0.0,0.0049375401175134545,Future_Low
16961,16,0,14,125,234.17,2.674285714285714,United Kingdom,0.0,0.0,1,234.17,234.17,125.0,14.0,0.0,0.0,0.0,234.17,235.17,Future_Inactive
16963,87,0,7,35,110.55000000000001,3.342857142857143,United Kingdom,1.0,0.0,1,110.55000000000001,110.55000000000001,35.0,7.0,0.0,0.0,0.0,110.55000000000001,111.55000000000001,Future_Inactive
16965,126,0,26,291,201.19,2.335769230769231,United Kingdom,0.0,0.0,1,201.19,201.19,291.0,26.0,0.0,0.0,0.0,201.19,202.19,Future_Inactive
16966,70,70,8,1320,1486.56,1.2068181818181818,United Kingdom,0.0,0.0,4,371.64,426.96,330.0,5.5,2.0,0.004019938896928767,409.2,1077.36,2.6288639687957094,Future_Mid
16967,89,0,21,333,319.02,1.1404761904761904,United Kingdom,0.0,0.0,1,319.02,319.02,333.0,21.0,0.0,0.0,0.0,319.02,320.02,Future_Inactive
16968,7,0,15,98,253.31,4.67,United Kingdom,0.0,0.0,1,253.31,253.31,98.0,15.0,0.0,0.0,0.0,253.31,254.31,Future_Low
16969,34,57,32,740,478.96000000000004,1.778125,United Kingdom,0.0,0.0,2,239.48000000000002,397.36,370.0,16.0,0.0,0.0,0.0,478.96000000000004,479.96000000000004,Future_Low
16976,167,0,2,88,251.51999999999998,6.005,United Kingdom,0.0,0.0,1,251.51999999999998,251.51999999999998,88.0,2.0,0.0,0.0,251.51999999999998,0.0,0.0039600823697132905,Future_Inactive
16979,47,149,19,135,555.65,5.463157894736842,United Kingdom,0.0,0.0,2,277.825,347.15,67.5,9.5,1.0,0.01759193776520509,347.15,208.5,0.6017521183397961,Future_High
16980,155,36,71,739,1028.46,2.362345679012346,United Kingdom,0.0,0.0,2,514.23,681.86,369.5,38.0,0.0,0.0,1028.46,0.0,0.0009713830551939852,Future_Inactive
16983,80,189,54,534,885.22,2.961639344262295,United Kingdom,1.0,0.0,4,221.305,263.59000000000003,133.5,15.25,1.0,0.012328874111595835,622.34,262.88,0.4233323707767831,Future_High
16984,30,0,262,1594,3213.19,4.095802919708029,United Kingdom,0.0,0.0,1,3213.19,3213.19,1594.0,262.0,9.0,0.02021058280758781,0.0,3213.19,3214.19,Future_High
16985,57,200,50,1287,3578.54,3.9748717948717953,United Kingdom,0.1794871794871795,0.0,7,511.21999999999997,933.3199999999999,183.85714285714286,11.142857142857142,1.0,0.0006981212161830082,2102.46,1476.08,0.7022144466735759,Future_High
16987,70,35,29,103,629.45,6.5130952380952385,United Kingdom,0.0,0.0,3,209.8166666666667,302.25,34.333333333333336,14.0,0.0,0.0,0.0,629.45,630.45,Future_High
16989,50,0,7,1066,857.7,1.3928571428571428,United Kingdom,0.0,0.0,1,857.7,857.7,1066.0,7.0,0.0,0.0,0.0,857.7,858.7,Future_Low
16990,118,0,1,100,179.0,1.79,United Kingdom,0.0,0.0,1,179.0,179.0,100.0,1.0,0.0,0.0,0.0,179.0,180.0,Future_Inactive
16992,99,84,41,356,671.15,3.196829268292683,United Kingdom,0.0,0.0,2,335.57500000000005,421.6,178.0,20.5,2.0,0.01821240491515506,421.6,249.55,0.5928774254614293,Future_Mid
16996,21,232,11,390,1041.78,2.9353846153846157,United Kingdom,0.0,0.0,5,208.35600000000005,340.90000000000003,78.0,5.2,4.0,0.027537151818385487,700.8800000000001,340.90000000000003,0.4871203054653217,Future_Mid
16997,188,37,7,360,702.0,1.95,United Kingdom,0.0,0.0,3,234.0,390.0,120.0,4.0,0.0,0.0,702.0,0.0,0.001422475106685633,Future_Inactive
16998,49,154,1,76,295.0,3.85,United Kingdom,0.0,0.0,4,73.75,189.60000000000002,19.0,1.0,2.0,0.026338372169780182,90.0,205.00000000000003,2.263736263736264,Future_Inactive
17001,13,245,59,1342,2471.09,3.4559459459459463,United Kingdom,0.18018018018018017,0.0,7,353.0128571428572,408.45,191.71428571428572,15.857142857142858,0.0,0.0,1419.59,1051.5,0.7408893487916993,Future_High
17002,115,74,24,422,993.52,3.621,United Kingdom,0.43333333333333335,0.0,2,496.76,513.06,211.0,15.0,0.0,0.0,513.06,480.46000000000004,0.9365832782165507,Future_Mid
17007,55,202,33,346,575.44,4.025454545454545,United Kingdom,0.24242424242424243,0.21212121212121213,5,115.08800000000001,137.95000000000002,69.2,6.6,1.0,0.0212606728577746,207.12,368.32,1.7745531424178358,Future_Low
17015,85,0,116,546,520.55,1.5867796610169493,United Kingdom,0.0,0.0,1,520.55,520.55,546.0,116.0,0.0,0.0,0.0,520.55,521.55,Future_High
17017,62,210,81,4311,5431.28,1.6732065217391305,United Kingdom,0.059782608695652176,0.0,14,387.9485714285714,824.02,307.92857142857144,13.142857142857142,11.0,0.01895339952783583,3902.68,1528.6,0.39183539634396264,Future_High
17018,225,0,6,60,405.0,6.75,United Kingdom,0.0,0.0,1,405.0,405.0,60.0,6.0,0.0,0.0,405.0,0.0,0.0024630541871921183,Future_Mid
17019,161,106,114,658,995.93,2.132594936708861,United Kingdom,0.0,0.0,3,331.97666666666663,366.02,219.33333333333334,52.0,0.0,0.0,995.93,0.0,0.0010030794539235453,Future_Low
17024,57,0,1,25,31.25,1.25,United Kingdom,0.0,0.0,1,31.25,31.25,25.0,1.0,0.0,0.0,0.0,31.25,32.25,Future_Low
17025,273,0,5,139,160.97,1.972,United Kingdom,0.0,0.0,2,80.485,143.12,69.5,2.5,0.0,0.0,160.97,0.0,0.006173982836327715,Future_Low
17026,85,184,4,97,154.82999999999998,4.035,United Kingdom,0.75,0.0,2,77.41499999999999,121.67999999999999,48.5,2.0,0.0,0.0,33.15,121.67999999999999,3.5923865300146414,Future_Inactive
17027,79,137,95,284,645.23,2.695887096774194,United Kingdom,0.0,0.0,4,161.3075,232.43,71.0,29.0,2.0,0.06070487531480646,433.23,212.0,0.49052345531170116,Future_Low
17029,10,126,1,400,716.0,1.79,United Kingdom,1.0,0.0,2,358.0,358.0,200.0,1.0,0.0,0.0,0.0,716.0,717.0,Future_Inactive
17031,54,0,13,125,225.95,1.8515384615384616,United Kingdom,0.0,0.0,1,225.95,225.95,125.0,13.0,0.0,0.0,0.0,225.95,226.95,Future_Low
17033,114,145,12,190,608.1,3.5357142857142856,United Kingdom,0.0,0.0,2,304.04999999999995,307.8,95.0,7.0,0.0,0.0,307.8,300.29999999999995,0.9757124352331604,Future_Mid
17034,187,0,6,98,141.79999999999998,2.4250000000000003,United Kingdom,0.0,0.0,1,141.79999999999998,141.79999999999998,98.0,6.0,0.0,0.0,141.79999999999998,0.0,0.00700280112044818,Future_Mid
17035,145,65,27,229,433.53000000000003,3.3057142857142856,United Kingdom,0.0,0.0,2,216.765,259.51,114.5,14.0,4.0,0.09441647692854009,433.53000000000003,0.0,0.0023013370768416447,Future_Inactive
17040,37,0,15,181,449.73,3.3006666666666664,United Kingdom,0.0,0.0,1,449.73,449.73,181.0,15.0,0.0,0.0,0.0,449.73,450.73,Future_Inactive
17041,8,251,45,539,750.89,2.384782608695652,United Kingdom,0.0,0.0,2,375.445,446.39,269.5,23.0,1.0,0.020608068450090652,304.5,446.39,1.4644517184942716,Future_Low
17042,21,125,69,888,915.02,1.8555681818181817,United Kingdom,0.0,0.0,4,228.755,265.40999999999997,222.0,22.0,0.0,0.0,265.40999999999997,649.61,2.4421380578807104,Future_Low
17043,78,87,27,357,324.96999999999997,1.5155555555555555,United Kingdom,0.0,0.0,2,162.485,174.6,178.5,13.5,0.0,0.0,174.6,150.37,0.8620159453302961,Future_High
17045,13,134,20,106,339.44,4.968181818181819,United Kingdom,0.0,0.0,3,113.14666666666666,191.09,35.333333333333336,7.333333333333333,0.0,0.0,39.95,299.49,7.337973137973138,Future_Inactive
17046,57,0,22,510,642.02,2.169090909090909,United Kingdom,0.0,0.0,1,642.02,642.02,510.0,22.0,0.0,0.0,0.0,642.02,643.02,Future_Inactive
17047,105,0,40,352,749.4300000000001,3.627441860465116,United Kingdom,0.0,0.0,2,374.71500000000003,439.39,176.0,21.5,0.0,0.0,0.0,749.4300000000001,750.4300000000001,Future_Low
17048,17,213,41,485,925.35,3.7065116279069765,United Kingdom,0.11627906976744186,0.0,3,308.45,501.99,161.66666666666666,14.333333333333334,5.0,0.061872706259251,760.4,164.95000000000002,0.21795376937220912,Future_Inactive
17049,17,158,105,1083,2606.65,4.741407407407408,United Kingdom,0.15555555555555556,0.0,5,521.33,924.5400000000001,216.6,27.0,1.0,0.0030215524660075345,924.5400000000001,1682.1100000000001,1.8185167577846446,Future_High
17050,87,112,164,1334,2617.39,2.7828776978417267,United Kingdom,1.0,0.0,5,523.478,826.37,266.8,54.6,0.0,0.0,2157.64,459.75,0.21344457621465368,Future_Mid
17051,94,0,40,179,240.89000000000001,1.8349999999999997,United Kingdom,1.0,0.0,1,240.89000000000001,240.89000000000001,179.0,40.0,0.0,0.0,0.0,240.89000000000001,241.89000000000001,Future_Inactive
17053,30,0,13,122,498.48,4.499230769230769,United Kingdom,0.0,0.0,1,498.48,498.48,122.0,13.0,1.0,0.004195133644971832,0.0,498.48,499.48,Future_Inactive
17054,37,107,58,739,1207.32,4.488219178082192,United Kingdom,0.0,0.0,4,301.83,314.07,184.75,18.25,1.0,0.002066423104263444,314.07,893.25,2.838258164852255,Future_Low
17058,99,40,42,455,819.66,3.647551020408163,United Kingdom,0.0,0.0,2,409.83000000000004,582.72,227.5,24.5,0.0,0.0,582.72,236.94,0.4076269444254094,Future_Low
17059,10,259,232,1279,2237.1,2.63695652173913,United Kingdom,0.6657608695652174,0.0,4,559.275,739.43,319.75,90.5,0.0,0.0,1168.66,1068.44,0.9143169810030265,Future_Mid
17060,166,0,5,216,234.24,1.7719999999999998,United Kingdom,0.0,0.0,1,234.24,234.24,216.0,5.0,0.0,0.0,234.24,0.0,0.0042509777248767215,Future_Inactive
17061,10,121,48,1408,4658.83,4.9718987341772145,United Kingdom,0.13924050632911392,0.0,10,465.883,1701.5,140.8,7.9,2.0,0.024314492568477442,0.0,4658.83,4659.83,Future_Mid
17062,213,55,52,418,533.33,2.187246376811594,United Kingdom,0.6376811594202898,0.0,4,133.3325,179.64000000000001,104.5,17.25,1.0,0.0072594605662379234,533.33,0.0,0.0018715026294611943,Future_Inactive
17063,63,126,35,309,671.87,3.0210526315789474,United Kingdom,0.0,0.0,4,167.9675,305.0,77.25,9.5,2.0,0.049446818143233075,319.37,352.5,1.1034116802447171,Future_Mid
17064,82,144,36,187,457.40000000000003,3.552142857142857,United Kingdom,0.5238095238095238,0.0,2,228.70000000000002,313.45000000000005,93.5,20.5,0.0,0.0,143.95,313.45000000000005,2.169368747844085,Future_Mid
17068,10,257,89,1508,3281.4900000000002,2.5635576923076924,United Kingdom,0.16346153846153846,0.0,15,218.766,453.7,100.53333333333333,13.866666666666667,1.0,0.006298659415133134,1646.25,1635.24,0.9933161329488541,Future_High
17069,55,217,68,712,1495.79,3.400632911392405,United Kingdom,0.0,0.0,5,299.158,476.37,142.4,15.8,10.0,0.024228112177333602,1059.57,436.22,0.4122500165005611,Future_High
17070,14,0,62,131,304.24,2.5412903225806454,United Kingdom,0.0,0.0,1,304.24,304.24,131.0,62.0,0.0,0.0,0.0,304.24,305.24,Future_Inactive
17071,34,175,65,622,1402.42,3.5942045454545455,United Kingdom,0.23863636363636365,0.0,6,233.73666666666668,330.6,103.66666666666667,14.666666666666666,3.0,0.013158635442467911,791.83,610.59,0.7714011831035658,Future_High
17073,9,0,56,307,453.79,3.1073214285714283,United Kingdom,0.0,0.0,1,453.79,453.79,307.0,56.0,0.0,0.0,0.0,453.79,454.79,Future_High
17075,153,64,49,241,696.07,3.924677419354839,United Kingdom,0.0,0.0,3,232.02333333333334,373.74,80.33333333333333,20.666666666666668,3.0,0.028405125485050666,696.07,0.0,0.0014345761544751602,Future_Low
17076,173,90,11,112,334.2,4.857142857142857,United Kingdom,0.0,0.0,2,167.1,182.7,56.0,7.0,0.0,0.0,334.2,0.0,0.0029832935560859188,Future_Mid
17080,169,0,1,72,76.32000000000001,1.06,United Kingdom,0.0,0.0,1,76.32000000000001,76.32000000000001,72.0,1.0,1.0,0.027027027027027025,76.32000000000001,0.0,0.012933264355923435,Future_Low
17082,218,0,24,316,636.94,7.379583333333334,United Kingdom,0.0,0.0,1,636.94,636.94,316.0,24.0,0.0,0.0,636.94,0.0,0.0015675455371978555,Future_High
17083,9,194,24,772,1405.78,2.0717307692307694,United Kingdom,0.0,0.0,3,468.5933333333333,691.36,257.3333333333333,17.333333333333332,0.0,0.0,996.02,409.76,0.411987723415779,Future_Inactive
17085,23,239,115,785,1562.4,2.724032258064516,United Kingdom,0.5967741935483871,0.0,5,312.48,448.74,157.0,37.2,2.0,0.007369758576874205,1214.65,347.75,0.28688356023526507,Future_Inactive
17088,82,70,72,525,1399.1100000000001,4.066103896103896,United Kingdom,0.0,0.0,2,699.5550000000001,1015.83,262.5,38.5,0.0,0.0,1015.83,383.28000000000003,0.3779196129146465,Future_Mid
17090,127,126,13,313,649.05,2.3899999999999997,United Kingdom,0.0,0.0,3,216.35,400.8,104.33333333333333,5.666666666666667,0.0,0.0,462.0,187.04999999999998,0.4061555075593952,Future_High
17091,85,182,94,1013,1994.41,2.910990990990991,United Kingdom,0.0,0.0,5,398.882,594.7,202.6,22.2,3.0,0.012355399730607716,1393.72,600.69,0.43140558678444424,Future_High
17092,26,151,42,390,629.32,2.3262,United Kingdom,0.0,0.0,2,314.66,494.42,195.0,22.5,0.0,0.0,134.9,494.42,3.645474613686534,Future_High
17094,222,0,14,152,302.0,2.1464285714285714,United Kingdom,0.0,0.0,1,302.0,302.0,152.0,14.0,1.0,0.09526662672258837,302.0,0.0,0.0033003300330033004,Future_Inactive
17095,199,35,33,234,543.96,4.049411764705883,United Kingdom,1.0,0.0,2,271.98,313.15,117.0,17.0,2.0,0.2862073037909903,543.96,0.0,0.0018349970640046975,Future_Mid
17096,43,118,22,178,443.94,4.318260869565217,United Kingdom,0.0,0.0,2,221.97,310.45,89.0,11.5,2.0,0.05300880991488725,133.49,310.45,2.3157855602647035,Future_Mid
17097,0,265,103,250,639.53,3.0575590551181104,Spain,0.015748031496062992,0.0,6,106.58833333333332,174.72,41.666666666666664,21.0,2.0,0.0251512888130116,287.64,351.89,1.2225956208425721,Future_Low
17101,78,0,17,158,230.57999999999998,2.1229411764705883,United Kingdom,0.0,0.0,1,230.57999999999998,230.57999999999998,158.0,17.0,0.0,0.0,0.0,230.57999999999998,231.57999999999998,Future_High
17102,161,0,1,2,25.5,12.75,United Kingdom,0.0,0.0,1,25.5,25.5,2.0,1.0,0.0,0.0,25.5,0.0,0.03773584905660377,Future_Inactive
17105,59,147,80,693,665.78,1.9445555555555554,United Kingdom,1.0,0.0,2,332.89,346.38,346.5,45.0,0.0,0.0,319.4,346.38,1.0842072409488142,Future_Inactive
17107,55,123,179,2431,6332.61,3.5836637931034483,United Kingdom,0.7241379310344828,0.27586206896551724,3,2110.8700000000003,2422.15,810.3333333333334,76.66666666666667,0.0,0.0,1695.21,4637.4,2.7345670642196422,Future_High
17109,132,0,52,248,464.59000000000003,2.7147169811320753,United Kingdom,0.0,0.0,2,232.295,400.64,124.0,26.0,0.0,0.0,0.0,464.59000000000003,465.59000000000003,Future_Mid
17110,65,0,12,50,163.29999999999998,5.166666666666667,United Kingdom,0.0,0.0,1,163.29999999999998,163.29999999999998,50.0,12.0,0.0,0.0,0.0,163.29999999999998,164.29999999999998,Future_Inactive
17114,38,196,66,156,601.9399999999999,5.638181818181819,United Kingdom,0.6022727272727273,0.0,6,100.32333333333334,140.59,26.0,14.666666666666666,8.0,0.09256188380016282,398.74,203.2,0.5108320408265372,Future_Low
17115,82,50,28,260,612.82,4.7753125,United Kingdom,0.0,0.0,2,306.40999999999997,310.02,130.0,16.0,4.0,0.04755836001367691,0.0,612.82,613.82,Future_Low
17117,188,0,9,68,116.19999999999999,3.966666666666667,United Kingdom,0.0,0.0,1,116.19999999999999,116.19999999999999,68.0,9.0,0.0,0.0,116.19999999999999,0.0,0.008532423208191127,Future_Inactive
17118,217,0,10,154,157.02,1.3579999999999999,United Kingdom,0.0,0.0,1,157.02,157.02,154.0,10.0,0.0,0.0,157.02,0.0,0.006328312871788381,Future_Inactive
17120,133,0,18,120,307.46,4.396111111111111,United Kingdom,0.0,0.0,1,307.46,307.46,120.0,18.0,0.0,0.0,0.0,307.46,308.46,Future_Inactive
17122,19,0,7,80,138.32,1.97,United Kingdom,0.0,0.0,1,138.32,138.32,80.0,7.0,0.0,0.0,0.0,138.32,139.32,Future_Inactive
17123,61,0,9,246,345.29999999999995,1.7722222222222221,United Kingdom,0.0,0.0,1,345.29999999999995,345.29999999999995,246.0,9.0,0.0,0.0,0.0,345.29999999999995,346.29999999999995,Future_Inactive
17124,85,0,31,129,294.24,3.396451612903226,United Kingdom,0.0,0.0,1,294.24,294.24,129.0,31.0,0.0,0.0,0.0,294.24,295.24,Future_Inactive
17126,52,210,187,780,989.45,1.8836290322580644,United Kingdom,1.0,0.0,5,197.89000000000001,411.77,156.0,48.0,2.0,0.012869756073227913,501.67,487.78,0.9723675572443152,Future_Inactive
17128,234,0,14,76,157.09,3.985,United Kingdom,1.0,0.0,1,157.09,157.09,76.0,14.0,0.0,0.0,157.09,0.0,0.006325510784995888,Future_Inactive
17133,90,76,9,1125,2478.79,2.322857142857143,United Kingdom,0.0,0.0,3,826.2633333333333,1437.12,375.0,4.666666666666667,0.0,0.0,1041.67,1437.12,1.37926669032388,Future_High
17134,6,157,21,98,413.2,5.558695652173912,United Kingdom,0.8260869565217391,0.0,2,206.6,318.7,49.0,11.5,0.0,0.0,318.7,94.5,0.29871754770096964,Future_Inactive
17135,189,82,19,420,500.55,1.973809523809524,United Kingdom,0.0,0.0,2,250.275,284.97,210.0,10.5,0.0,0.0,500.55,0.0,0.001993819160602133,Future_Mid
17138,175,0,24,126,380.5,4.90625,United Kingdom,0.0,0.0,1,380.5,380.5,126.0,24.0,0.0,0.0,380.5,0.0,0.002621231979030144,Future_Inactive
17139,22,166,208,3200,6851.82,4.328741258741259,United Kingdom,0.0,0.0,7,978.8314285714285,2639.38,457.14285714285717,40.857142857142854,4.0,0.0041856693146838505,3348.04,3503.78,1.0465028784368058,Future_High
17140,147,0,16,296,454.12,2.5250000000000004,United Kingdom,0.0,0.0,1,454.12,454.12,296.0,16.0,0.0,0.0,454.12,0.0,0.002197222710493936,Future_Inactive
17142,139,0,15,81,579.0,19.186666666666667,United Kingdom,0.0,1.0,1,579.0,579.0,81.0,15.0,0.0,0.0,579.0,0.0,0.0017241379310344827,Future_Inactive
17146,5,253,33,212,749.78,7.031142857142857,United Kingdom,0.0,0.0,3,249.92666666666665,298.25,70.66666666666667,11.666666666666666,0.0,0.0,563.88,185.9,0.3308667327573998,Future_Inactive
17147,106,105,42,517,973.11,2.6278260869565218,United Kingdom,0.0,0.0,2,486.555,563.61,258.5,23.0,4.0,0.03467055532408785,409.5,563.61,1.3754202192448235,Future_Mid
17152,94,68,9,517,1689.5,3.482857142857143,United Kingdom,0.42857142857142855,0.0,3,563.1666666666666,1155.6,172.33333333333334,4.666666666666667,2.0,0.09917355371900827,315.90000000000003,1373.6,4.337645945093088,Future_Inactive
17155,77,0,9,154,143.3,2.361111111111111,United Kingdom,0.0,0.0,1,143.3,143.3,154.0,9.0,0.0,0.0,0.0,143.3,144.3,Future_Low
17157,76,0,8,102,161.46,2.2175000000000002,United Kingdom,0.0,0.0,1,161.46,161.46,102.0,8.0,2.0,0.07158875280317406,0.0,161.46,162.46,Future_Low
17158,132,127,36,461,698.55,2.9215384615384616,United Kingdom,0.0,0.0,2,349.275,413.79,230.5,19.5,0.0,0.0,413.79,284.76,0.6889269268786614,Future_Mid
17159,71,0,30,305,528.45,3.2083333333333335,United Kingdom,0.0,0.0,1,528.45,528.45,305.0,30.0,0.0,0.0,0.0,528.45,529.45,Future_High
17160,9,132,85,2417,3001.18,1.6686910994764397,United Kingdom,0.0,0.0,5,600.2360000000001,758.0500000000001,483.4,38.2,0.0,0.0,611.91,2389.27,3.8998711066877685,Future_Mid
17162,31,174,75,865,1463.66,3.716292134831461,United Kingdom,0.19101123595505617,0.0,9,162.6288888888889,424.41,96.11111111111111,9.88888888888889,1.0,0.005604962259920783,819.3100000000001,644.35,0.7867147785593251,Future_Low
17164,51,121,53,802,1270.42,2.4524675324675327,United Kingdom,0.0,0.0,3,423.47333333333336,627.13,267.3333333333333,25.666666666666668,0.0,0.0,627.13,643.29,1.025727158390779,Future_High
17165,184,0,10,100,158.68,3.0669999999999997,United Kingdom,0.0,0.0,1,158.68,158.68,100.0,10.0,0.0,0.0,158.68,0.0,0.0062625250501002,Future_Inactive
17166,103,0,10,57,127.59,2.988,United Kingdom,0.0,0.0,1,127.59,127.59,57.0,10.0,2.0,0.1166574356134035,0.0,127.59,128.59,Future_Low
17169,83,0,18,102,308.68,4.196111111111112,United Kingdom,0.0,0.0,1,308.68,308.68,102.0,18.0,3.0,0.038170317514722836,0.0,308.68,309.68,Future_Mid
17171,189,0,16,185,224.91,2.38,United Kingdom,0.0,0.0,1,224.91,224.91,185.0,16.0,0.0,0.0,224.91,0.0,0.004426541543092382,Future_Inactive
17173,16,14,13,238,961.26,4.4412,United Kingdom,0.48,0.0,2,480.63,498.48,119.0,12.5,1.0,0.011262998734841236,0.0,961.26,962.26,Future_High
17174,117,0,4,41,59.9,1.6625,United Kingdom,0.0,0.0,1,59.9,59.9,41.0,4.0,0.0,0.0,0.0,59.9,60.9,Future_Inactive
17175,41,155,42,644,1132.6299999999999,4.233928571428572,United Kingdom,0.23214285714285715,0.2857142857142857,3,377.54333333333335,519.08,214.66666666666666,18.666666666666668,1.0,0.01113167682341232,519.08,613.55,1.1816451315182277,Future_Low
17176,101,0,15,170,306.13,2.772666666666667,United Kingdom,1.0,0.0,1,306.13,306.13,170.0,15.0,0.0,0.0,0.0,306.13,307.13,Future_Inactive
17179,78,183,56,290,711.79,2.314375,United Kingdom,0.0,0.0,3,237.26333333333332,245.31,96.66666666666667,26.666666666666668,0.0,0.0,243.0,468.79,1.9253688524590165,Future_Inactive
17180,141,74,77,516,552.8,1.8882978723404256,United Kingdom,0.0,0.5638297872340425,3,184.26666666666668,258.35,172.0,31.333333333333332,3.0,0.0275310053654675,552.8,0.0,0.001805706031058144,Future_Low
17181,273,0,2,216,155.52,0.805,United Kingdom,0.0,0.0,1,155.52,155.52,216.0,2.0,0.0,0.0,155.52,0.0,0.00638895987733197,Future_Low
17183,5,0,9,141,329.67,2.408888888888889,United Kingdom,0.0,0.0,1,329.67,329.67,141.0,9.0,0.0,0.0,0.0,329.67,330.67,Future_High
17187,126,0,10,144,203.95,3.7649999999999997,United Kingdom,0.0,0.0,1,203.95,203.95,144.0,10.0,0.0,0.0,0.0,203.95,204.95,Future_Inactive
17188,64,198,51,971,1815.09,2.7783928571428573,United Kingdom,0.10714285714285714,0.0,5,363.01800000000003,522.08,194.2,11.2,5.0,0.09864729309642754,1424.44,390.65,0.2747572679313054,Future_Mid
17189,6,253,52,226,383.75,2.3425000000000002,United Kingdom,0.0,0.38333333333333336,2,191.875,226.57000000000002,113.0,29.5,0.0,0.0,226.57000000000002,157.18,0.6950828316561937,Future_Inactive
17190,107,0,1,1,195.0,195.0,United Kingdom,0.0,0.0,1,195.0,195.0,1.0,1.0,1.0,0.5,0.0,195.0,196.0,Future_Low
17191,91,176,111,639,1175.7,2.6365517241379313,United Kingdom,0.0,0.0,5,235.14000000000001,422.81,127.8,28.6,0.0,0.0,820.88,354.82,0.43293424830875554,Future_Mid
17193,76,0,4,144,448.56000000000006,3.115,United Kingdom,0.0,0.0,2,224.28000000000003,299.04,72.0,4.0,1.0,0.018167491135139865,0.0,448.56000000000006,449.56000000000006,Future_High
17194,173,86,26,119,262.62,3.9117241379310346,United Kingdom,0.0,0.0,2,131.31,252.62,59.5,13.5,0.0,0.0,262.62,0.0,0.0037933388968970486,Future_Inactive
17198,265,5,73,242,521.66,3.0305194805194806,United Kingdom,0.0,0.0,2,260.83,272.01,121.0,38.0,0.0,0.0,521.66,0.0,0.001913289710327938,Future_Low
17204,75,88,44,646,1564.56,4.6410526315789475,United Kingdom,0.0,0.0,4,391.14000000000004,788.9100000000001,161.5,14.25,10.0,0.11915820764436638,1250.16,314.4,0.252086064132485,Future_Inactive
17211,80,189,106,793,1464.89,3.117304964539007,United Kingdom,0.723404255319149,0.0,6,244.14833333333334,345.82000000000005,132.16666666666666,23.5,2.0,0.011838590431990502,1125.53,339.36,0.3021313236220962,Future_Mid
17212,153,0,4,147,226.85,1.385,United Kingdom,0.0,1.0,1,226.85,226.85,147.0,4.0,0.0,0.0,226.85,0.0,0.004388852315119597,Future_Inactive
17213,41,225,67,758,1780.01,4.3115151515151515,United Kingdom,0.0,0.0,5,356.00200000000007,530.47,151.6,19.8,7.0,0.02205850035161744,936.95,843.0600000000001,0.8998987152833307,Future_High
17214,149,110,56,177,611.97,4.617462686567165,United Kingdom,0.2835820895522388,0.0,4,152.9925,171.05,44.25,16.5,0.0,0.0,611.97,0.0,0.0016314012104996982,Future_Low
17217,134,0,9,24,113.5,3.716666666666667,United Kingdom,0.0,0.0,1,113.5,113.5,24.0,9.0,0.0,0.0,0.0,113.5,114.5,Future_Inactive
17218,114,154,85,394,943.58,3.2038970588235296,United Kingdom,0.5,0.0,5,188.716,287.54,78.8,27.0,0.0,0.0,770.63,172.95,0.22543187797260344,Future_High
17220,26,238,226,1199,2165.5,2.7021035598705505,United Kingdom,0.0,0.0,8,270.6875,415.8,149.875,37.625,0.0,0.0,1053.3,1112.2,1.0558664516740965,Future_High
17223,210,58,43,110,416.89,4.352083333333334,United Kingdom,0.0,0.0,2,208.44500000000002,292.84000000000003,55.0,23.5,0.0,0.0,416.89,0.0,0.002392974227667568,Future_Inactive
17226,208,0,21,406,393.49,2.5752380952380953,United Kingdom,0.0,0.0,1,393.49,393.49,406.0,21.0,0.0,0.0,393.49,0.0,0.0025349185023701487,Future_Inactive
17227,72,195,17,296,473.75,1.589090909090909,United Kingdom,0.0,0.0,3,157.91666666666666,223.9,98.66666666666667,7.0,0.0,0.0,366.15,107.6,0.2957919106632167,Future_Mid
17228,107,164,69,611,687.58,1.5076829268292682,United Kingdom,0.0,0.0,4,171.89499999999998,208.2,152.75,20.5,0.0,0.0,479.38,208.2,0.43548857154752485,Future_High
17229,42,0,32,108,157.71,1.9746875,United Kingdom,0.0,0.0,1,157.71,157.71,108.0,32.0,0.0,0.0,0.0,157.71,158.71,Future_Low
17230,164,95,51,1651,3638.41,3.736521739130435,United Kingdom,0.17391304347826086,0.0,8,454.80125,1761.26,206.375,8.625,4.0,0.045074340905213714,3638.41,0.0,0.0002747698115903402,Future_Inactive
17231,26,235,209,1033,1905.82,2.7846884272997032,United Kingdom,0.17507418397626112,0.16023738872403562,7,272.26,385.19,147.57142857142858,46.42857142857143,3.0,0.018337093467667993,945.5,960.32,1.0156576862123614,Future_High
17234,82,0,14,55,149.89000000000001,3.697857142857143,United Kingdom,0.0,0.0,1,149.89000000000001,149.89000000000001,55.0,14.0,0.0,0.0,0.0,149.89000000000001,150.89000000000001,Future_Inactive
17235,272,0,10,126,341.9,3.4300000000000006,United Kingdom,0.0,0.0,1,341.9,341.9,126.0,10.0,0.0,0.0,341.9,0.0,0.0029163021289005542,Future_Low
17236,79,183,62,400,697.73,2.4006849315068495,United Kingdom,0.1917808219178082,0.0,5,139.546,199.32999999999998,80.0,14.6,0.0,0.0,563.82,133.91,0.23885485641443288,Future_Low
17238,36,235,212,898,1943.57,2.7580838323353296,United Kingdom,0.0,0.0,11,176.68818181818185,260.6,81.63636363636364,29.818181818181817,0.0,0.0,986.57,957.0,0.9700578186862703,Future_High
17239,212,0,15,150,382.5,4.066666666666666,United Kingdom,0.0,0.0,1,382.5,382.5,150.0,15.0,1.0,0.00662251655629139,382.5,0.0,0.002607561929595828,Future_Inactive
17242,8,72,30,611,1135.04,2.14775,United Kingdom,0.725,0.0,2,567.52,709.44,305.5,20.0,0.0,0.0,0.0,1135.04,1136.04,Future_Inactive
17243,13,256,118,1378,3909.27,4.2810900473933655,United Kingdom,0.5971563981042654,0.0,15,260.618,433.0,91.86666666666666,13.866666666666667,6.0,0.010541848480860153,2453.25,1456.02,0.5936722012834879,Future_High
17245,104,0,9,75,171.45,2.9055555555555554,United Kingdom,0.0,0.0,1,171.45,171.45,75.0,9.0,0.0,0.0,0.0,171.45,172.45,Future_Inactive
17248,20,0,68,213,318.65,1.905217391304348,United Kingdom,0.0,0.0,1,318.65,318.65,213.0,68.0,0.0,0.0,0.0,318.65,319.65,Future_Inactive
17250,161,0,23,70,162.65,3.3782608695652177,United Kingdom,0.0,0.0,1,162.65,162.65,70.0,23.0,0.0,0.0,162.65,0.0,0.006110601894286587,Future_Low
17251,262,0,37,108,269.83,3.3294594594594593,United Kingdom,1.0,0.0,1,269.83,269.83,108.0,37.0,0.0,0.0,269.83,0.0,0.00369235313665399,Future_Inactive
17252,16,69,86,192,348.91,2.747558139534884,United Kingdom,0.0,0.0,2,174.45499999999998,337.01,96.0,43.0,0.0,0.0,0.0,348.91,349.91,Future_Inactive
17255,199,0,36,73,108.26,1.7602702702702702,United Kingdom,1.0,0.0,1,108.26,108.26,73.0,36.0,0.0,0.0,108.26,0.0,0.009152480322167308,Future_Low
17256,7,204,12,141,240.0,2.448125,United Kingdom,0.0,0.0,2,120.0,127.89999999999999,70.5,6.5,0.0,0.0,127.89999999999999,112.10000000000001,0.8774243599689684,Future_Inactive
17259,48,220,104,388,581.23,2.3613793103448275,United Kingdom,0.0,0.0,2,290.615,367.95,194.0,54.0,0.0,0.0,367.95,213.28,0.5807833039707277,Future_Inactive
17262,127,139,7,327,955.3600000000001,3.343,United Kingdom,0.0,0.0,4,238.84,584.5,81.75,2.5,0.0,0.0,853.3600000000001,102.0,0.1205580785617304,Future_Low
17263,108,0,23,36,63.440000000000005,2.011304347826087,United Kingdom,1.0,0.0,1,63.440000000000005,63.440000000000005,36.0,23.0,0.0,0.0,0.0,63.440000000000005,64.44,Future_Inactive
17265,38,41,106,389,550.01,2.3179508196721312,United Kingdom,1.0,0.0,2,275.005,377.84000000000003,194.5,59.0,0.0,0.0,0.0,550.01,551.01,Future_Inactive
17266,47,0,17,27,113.06,4.566470588235294,United Kingdom,0.0,0.0,1,113.06,113.06,27.0,17.0,0.0,0.0,0.0,113.06,114.06,Future_Low
17267,27,0,37,158,317.2,3.4818918918918924,United Kingdom,0.0,0.0,2,158.60000000000002,310.6,79.0,18.5,0.0,0.0,0.0,317.2,318.2,Future_Inactive
17268,7,137,3,844,763.64,1.0066666666666666,United Kingdom,0.16666666666666666,0.0,4,190.91,452.15999999999997,211.0,1.5,0.0,0.0,276.48,487.15999999999997,1.75926192878766,Future_Inactive
17272,99,63,59,1161,1409.44,1.9950632911392407,United Kingdom,0.0,0.0,2,704.72,751.76,580.5,39.5,2.0,0.0029005192636925733,657.68,751.76,1.1428311167790126,Future_Mid
17277,127,95,67,430,1065.3500000000001,3.351594202898551,United Kingdom,0.0,0.0,2,532.675,717.02,215.0,34.5,0.0,0.0,717.02,348.33000000000004,0.48651848137934883,Future_Inactive
17278,141,0,15,179,246.04,4.753333333333334,United Kingdom,0.0,0.0,1,246.04,246.04,179.0,15.0,0.0,0.0,246.04,0.0,0.004047927461139897,Future_Inactive
17282,30,169,79,1866,1685.46,2.405393258426966,United Kingdom,0.9438202247191011,0.0,3,561.82,723.9,622.0,29.333333333333332,0.0,0.0,723.9,961.56,1.3278521175334528,Future_Inactive
17284,20,215,219,1238,1489.04,1.6199242424242426,United Kingdom,0.03787878787878788,0.0,5,297.808,716.11,247.6,52.4,2.0,0.007266957344960465,716.11,772.93,1.0792347059725844,Future_Low
17287,43,229,61,350,702.41,3.5495890410958904,United Kingdom,0.0,0.0,5,140.482,202.07,70.0,14.6,0.0,0.0,367.94,334.47,0.9092806418387814,Future_Low
17288,107,151,13,662,663.7,1.241923076923077,United Kingdom,0.0,0.0,5,132.74,245.88,132.4,5.2,0.0,0.0,417.82,245.88,0.5894656415643952,Future_Mid
17289,80,0,30,132,164.45,2.1746875,United Kingdom,1.0,0.0,1,164.45,164.45,132.0,30.0,0.0,0.0,0.0,164.45,165.45,Future_Mid
17291,208,0,1,72,550.8000000000001,7.65,United Kingdom,0.0,0.0,1,550.8000000000001,550.8000000000001,72.0,1.0,0.0,0.0,550.8000000000001,0.0,0.0018122508155128667,Future_Inactive
17293,19,241,45,517,867.03,3.407450980392157,United Kingdom,0.0,0.0,5,173.406,346.14,103.4,10.2,0.0,0.0,469.35,397.68,0.8476241097055384,Future_High
17298,1,23,30,387,498.42,2.0803333333333334,United Kingdom,0.13333333333333333,0.0,2,249.21,390.78000000000003,193.5,15.0,0.0,0.0,0.0,498.42,499.42,Future_Inactive
17299,0,72,24,280,268.19,1.6048000000000002,United Kingdom,0.72,0.0,2,134.095,151.63,140.0,12.5,0.0,0.0,0.0,268.19,269.19,Future_Mid
17302,22,182,48,345,661.61,2.5005555555555556,United Kingdom,0.4444444444444444,0.0,3,220.53666666666666,358.49,115.0,18.0,2.0,0.023179932379560318,182.85,478.76,2.609518629317378,Future_Mid
17303,261,0,53,144,250.04,2.940943396226415,United Kingdom,0.0,0.0,1,250.04,250.04,144.0,53.0,0.0,0.0,250.04,0.0,0.003983428935627789,Future_Inactive
17306,28,225,9,8412,6123.32,1.5465116279069768,United Kingdom,0.0,0.0,14,437.38,748.94,600.8571428571429,3.0714285714285716,3.0,0.004969206519442955,2743.96,3379.36,1.2314787829330847,Future_High
17311,216,0,24,410,556.46,3.53875,United Kingdom,0.0,0.0,1,556.46,556.46,410.0,24.0,0.0,0.0,556.46,0.0,0.0017938506798694076,Future_Mid
17312,38,20,11,372,644.3,2.305,United Kingdom,0.7857142857142857,0.21428571428571427,3,214.76666666666665,253.69999999999996,124.0,4.666666666666667,0.0,0.0,0.0,644.3,645.3,Future_Inactive
17314,48,164,57,1018,1506.92,2.971076923076923,United Kingdom,0.0,0.0,5,301.384,517.05,203.6,13.0,3.0,0.006886916177333148,787.0,719.92,0.9148730964467005,Future_High
17315,0,257,233,2998,4368.09,2.710242587601078,United Kingdom,0.08086253369272237,0.0,30,145.603,331.76,99.93333333333334,12.233333333333333,12.0,0.01805147480324342,1998.87,2369.22,1.1851870371574151,Future_High
17320,0,267,57,634,1200.6200000000001,3.742191780821918,United Kingdom,0.3561643835616438,0.0,3,400.20666666666665,459.18,211.33333333333334,24.333333333333332,0.0,0.0,450.92,749.7,1.6611347141086918,Future_Inactive
17323,24,167,98,495,530.95,1.3161157024793388,United Kingdom,1.0,0.0,4,132.7375,149.38,123.75,30.0,2.0,0.009421641791044778,141.69,389.26,2.7350199733688414,Future_Low
17324,231,34,17,606,702.23,1.3670588235294117,United Kingdom,0.0,0.0,2,351.115,575.18,303.0,8.5,0.0,0.0,702.23,0.0,0.001422009868748489,Future_Low
17325,180,0,6,60,96.8,1.633333333333333,United Kingdom,0.0,0.0,1,96.8,96.8,60.0,6.0,0.0,0.0,96.8,0.0,0.010224948875255624,Future_Inactive
17329,215,0,16,67,243.36,4.354375,United Kingdom,0.0,0.0,1,243.36,243.36,67.0,16.0,0.0,0.0,243.36,0.0,0.004092322802422655,Future_Low
17331,23,0,1,16,175.2,10.95,United Kingdom,0.0,0.0,1,175.2,175.2,16.0,1.0,0.0,0.0,0.0,175.2,176.2,Future_Inactive
17334,202,6,11,315,307.02,1.3527272727272728,United Kingdom,0.0,0.0,2,153.51,296.52,157.5,5.5,1.0,0.001366120218579235,307.02,0.0,0.0032465424323095903,Future_Inactive
17337,51,158,421,1247,1981.06,2.304395393474088,United Kingdom,0.29174664107485604,0.236084452975048,4,495.265,989.38,311.75,126.0,5.0,0.04046769123466418,1448.88,532.18,0.36774077854719006,Future_Inactive
17338,14,247,320,2339,5163.92,2.802831541218638,United Kingdom,0.0,0.0,7,737.7028571428572,1100.25,334.14285714285717,77.57142857142857,3.0,0.004011788486167044,2638.6,2525.32,0.9570844067282923,Future_High
17339,265,0,4,16,60.0,3.75,United Kingdom,0.0,0.0,1,60.0,60.0,16.0,4.0,0.0,0.0,60.0,0.0,0.01639344262295082,Future_Low
17340,20,245,157,4008,7593.65,2.7031800766283522,United Kingdom,0.0,0.0,7,1084.8071428571427,2671.27,572.5714285714286,37.285714285714285,5.0,0.037733386386733944,5195.07,2398.58,0.46180671161089054,Future_High
17341,56,209,147,443,682.29,2.0989808917197452,United Kingdom,0.0,0.0,3,227.42999999999998,416.61,147.66666666666666,49.333333333333336,0.0,0.0,416.61,265.68,0.6385862407509398,Future_Inactive
17343,255,0,17,56,193.64,4.70235294117647,United Kingdom,1.0,0.0,1,193.64,193.64,56.0,17.0,0.0,0.0,193.64,0.0,0.0051376900945334985,Future_Inactive
17345,96,0,19,61,125.38,2.954285714285714,United Kingdom,0.0,0.0,2,62.690000000000005,82.79,30.5,10.5,0.0,0.0,0.0,125.38,126.38,Future_Mid
17346,3,270,170,923,1228.78,2.03356,United Kingdom,0.296,0.0,8,153.59750000000003,223.42000000000002,115.375,30.125,0.0,0.0,561.38,667.4,1.1885202176464311,Future_High
17348,197,0,36,199,160.15,1.6005555555555555,United Kingdom,0.0,0.0,1,160.15,160.15,199.0,36.0,0.0,0.0,160.15,0.0,0.006205398696866273,Future_High
17349,79,0,8,102,98.25,3.3175,United Kingdom,0.0,0.0,1,98.25,98.25,102.0,8.0,0.0,0.0,0.0,98.25,99.25,Future_Inactive
17351,69,104,17,92,427.3,5.367894736842105,United Kingdom,0.0,0.8421052631578947,2,213.64999999999998,228.7,46.0,9.5,0.0,0.0,198.6,228.7,1.1508016032064128,Future_Low
17353,29,25,5,1200,1740.0,1.45,United Kingdom,0.0,0.0,2,870.0,870.0,600.0,4.0,0.0,0.0,0.0,1740.0,1741.0,Future_Inactive
17356,211,0,19,166,178.22,1.121578947368421,United Kingdom,0.0,0.0,1,178.22,178.22,166.0,19.0,0.0,0.0,178.22,0.0,0.005579734404642339,Future_Inactive
17358,203,52,55,190,360.81,2.731551724137931,United Kingdom,0.7068965517241379,0.0,2,180.40500000000003,241.66000000000003,95.0,28.5,0.0,0.0,360.81,0.0,0.0027638815953124566,Future_Inactive
17360,84,0,53,164,320.9,3.2703508771929823,United Kingdom,0.0,0.0,1,320.9,320.9,164.0,53.0,0.0,0.0,0.0,320.9,321.9,Future_Low
17361,86,105,16,63,263.92,5.595294117647059,United Kingdom,0.0,0.0,2,131.95999999999998,218.92,31.5,8.0,0.0,0.0,45.0,218.92,4.780869565217391,Future_Low
17362,139,70,30,191,312.23,2.991142857142857,United Kingdom,0.0,0.0,2,156.115,162.23000000000002,95.5,17.5,0.0,0.0,312.23,0.0,0.0031925422213708774,Future_Inactive
17364,37,193,153,1494,2617.41,2.9642081447963804,United Kingdom,0.0,0.0,6,436.23499999999996,628.85,249.0,36.5,3.0,0.009629719319222359,1171.84,1445.57,1.2333907438354763,Future_High
17365,69,162,172,2534,2336.81,1.9441269841269841,United Kingdom,0.0,0.0,5,467.36199999999997,727.36,506.8,48.2,0.0,0.0,1283.71,1053.1,0.8204964544527558,Future_High
17367,138,0,33,149,167.55,1.9278787878787877,United Kingdom,0.0,0.0,1,167.55,167.55,149.0,33.0,0.0,0.0,167.55,0.0,0.0059329575793533075,Future_Inactive
17368,73,163,53,1276,1584.27,1.83890625,United Kingdom,0.03125,0.0,5,316.854,563.15,255.2,12.6,17.0,0.2622449264699034,888.92,695.35,0.7824860661632507,Future_Low
17370,69,0,8,78,110.69999999999999,1.4375,United Kingdom,0.0,0.0,1,110.69999999999999,110.69999999999999,78.0,8.0,0.0,0.0,0.0,110.69999999999999,111.69999999999999,Future_Low
17371,261,0,7,39,92.14,4.577142857142857,United Kingdom,0.0,0.0,1,92.14,92.14,39.0,7.0,0.0,0.0,92.14,0.0,0.010736525660296328,Future_Low
17372,66,196,177,592,1055.63,2.387788944723618,United Kingdom,0.6582914572864321,0.0,6,175.93833333333336,212.12,98.66666666666667,32.833333333333336,0.0,0.0,741.0500000000001,314.58,0.4252813152752509,Future_Low
17373,34,178,26,200,287.3,1.969642857142857,United Kingdom,0.0,0.0,2,143.65,145.25,100.0,14.0,0.0,0.0,145.25,142.05,0.9781196581196582,Future_Low
17374,118,62,24,85,495.77,7.0996428571428565,United Kingdom,0.0,0.0,2,247.885,303.82,42.5,14.0,0.0,0.0,191.95,303.82,1.5797875097175436,Future_Inactive
17375,99,162,63,367,400.1,2.7102898550724634,United Kingdom,0.0,0.0,3,133.36666666666667,176.66,122.33333333333333,23.0,2.0,0.06453121346738368,286.37,113.73,0.3992413961095452,Future_Inactive
17376,211,0,13,35,105.85,3.9423076923076925,United Kingdom,0.0,0.0,1,105.85,105.85,35.0,13.0,0.0,0.0,105.85,0.0,0.009358914365933552,Future_Low
17377,26,247,91,1082,2040.34,2.4858385093167703,United Kingdom,0.07453416149068323,0.0,9,226.70444444444445,364.4,120.22222222222223,17.555555555555557,1.0,0.07899464641996262,1597.6200000000001,442.72,0.2775643992943914,Future_High
17381,19,253,40,21483,16875.65,1.3737777777777778,United Kingdom,0.1111111111111111,0.0,23,733.7239130434783,2567.6400000000003,934.0434782608696,3.9130434782608696,1.0,0.00018840168423996212,10827.37,6048.28,0.5586510250388562,Future_High
17384,119,0,3,43,227.65,4.383333333333334,United Kingdom,0.0,0.0,1,227.65,227.65,43.0,3.0,0.0,0.0,0.0,227.65,228.65,Future_Low
17386,13,52,6,876,1541.4,2.305,United Kingdom,0.0,0.0,3,513.8000000000001,928.08,292.0,2.6666666666666665,0.0,0.0,0.0,1541.4,1542.4,Future_High
17388,31,156,12,779,953.0300000000001,5.243076923076923,United Kingdom,0.8461538461538461,0.0,3,317.6766666666667,381.6,259.6666666666667,4.333333333333333,0.0,0.0,381.6,571.4300000000001,1.4961578672242553,Future_Low
17389,21,209,37,1888,8912.78,6.2523333333333335,United Kingdom,0.05,0.0,24,371.36583333333334,2945.5,78.66666666666667,5.0,11.0,0.05648724696656285,4023.46,4889.32,1.2151493616534887,Future_High
17391,63,0,2,480,508.8,1.06,United Kingdom,0.0,0.0,2,254.4,407.04,240.0,1.5,0.0,0.0,0.0,508.8,509.8,Future_Inactive
17392,206,51,53,277,417.27,3.3851785714285714,United Kingdom,0.23214285714285715,0.7678571428571429,2,208.635,271.77,138.5,27.0,0.0,0.0,417.27,0.0,0.002390800200827217,Future_Inactive
17394,119,0,4,241,203.86999999999998,3.4425,United Kingdom,0.0,0.0,1,203.86999999999998,203.86999999999998,241.0,4.0,0.0,0.0,0.0,203.86999999999998,204.86999999999998,Future_Inactive
17396,48,223,18,1105,4801.8,5.219444444444445,United Kingdom,0.0,0.0,6,800.2999999999998,1960.7999999999997,184.16666666666666,3.0,0.0,0.0,397.5,4404.3,11.054705144291091,Future_High
17398,14,140,30,310,653.38,4.841578947368421,United Kingdom,0.0,0.0,3,217.79333333333332,305.68,103.33333333333333,12.666666666666666,0.0,0.0,305.68,347.7,1.137015781922525,Future_Inactive
17400,26,226,175,1088,2097.84,3.3175728155339805,United Kingdom,0.0,0.0,5,419.56800000000004,791.22,217.6,39.8,0.0,0.0,1062.8700000000001,1034.97,0.9737749913053286,Future_Inactive
17402,1,267,29,420,1732.45,5.825957446808511,United Kingdom,0.5957446808510638,0.0,8,216.55625,291.24,52.5,5.875,0.0,0.0,571.87,1160.58,2.0276502522387276,Future_Mid
17404,23,236,93,21623,21004.3,2.4282608695652175,Sweden,0.17391304347826086,0.0,10,2100.43,4400.28,2162.3,13.8,2.0,0.061147043442113684,11295.74,9708.56,0.8595010595977246,Future_High
17405,50,0,41,334,393.31,3.1853658536585363,United Kingdom,0.0,0.0,1,393.31,393.31,334.0,41.0,0.0,0.0,0.0,393.31,394.31,Future_Mid
17406,233,33,99,780,2184.42,6.7990090090090085,United Kingdom,0.0,0.0,3,728.14,1232.32,260.0,35.333333333333336,3.0,0.11062163086494145,2184.42,0.0,0.00045757794840351054,Future_Inactive
17408,63,0,2,3,32.65,11.35,United Kingdom,0.0,0.0,1,32.65,32.65,3.0,2.0,0.0,0.0,0.0,32.65,33.65,Future_Inactive
17409,84,63,13,105,771.85,7.625384615384615,United Kingdom,0.0,0.0,2,385.925,511.3,52.5,6.5,0.0,0.0,260.55,511.3,1.958707704071879,Future_Inactive
17410,115,0,15,100,302.4,3.356666666666667,United Kingdom,1.0,0.0,1,302.4,302.4,100.0,15.0,0.0,0.0,0.0,302.4,303.4,Future_Mid
17411,161,0,16,126,285.58,4.52375,United Kingdom,0.0,0.0,1,285.58,285.58,126.0,16.0,2.0,0.09506305849546867,285.58,0.0,0.0034894270360806756,Future_Mid
17412,96,175,30,358,709.82,3.1465714285714284,United Kingdom,0.0,0.0,4,177.455,250.46,89.5,8.75,0.0,0.0,589.12,120.7,0.2062292415102013,Future_Mid
17414,84,0,5,1380,598.0,0.45999999999999996,United Kingdom,0.0,0.0,1,598.0,598.0,1380.0,5.0,0.0,0.0,0.0,598.0,599.0,Future_Low
17416,9,171,153,3283,5294.49,2.3221164021164022,United Kingdom,0.0,0.0,5,1058.898,2114.71,656.6,37.8,2.0,0.010296154644205049,2114.71,3179.78,1.503410202721545,Future_High
17418,223,0,12,139,167.39000000000001,1.9525,United Kingdom,0.0,0.0,1,167.39000000000001,167.39000000000001,139.0,12.0,0.0,0.0,167.39000000000001,0.0,0.005938594928439931,Future_Low
17419,43,223,107,1213,2660.0,4.518320610687023,United Kingdom,0.0,0.0,8,332.5,614.2,151.625,16.375,1.0,0.004025086586164935,2045.8,614.2,0.3005667383232363,Future_High
17420,71,202,19,169,391.51,4.032857142857143,United Kingdom,0.0,0.0,2,195.755,260.66,84.5,10.5,0.0,0.0,130.85,260.66,1.9845278725824804,Future_Low
17422,42,153,77,1356,1296.18,1.4590588235294117,United Kingdom,0.3764705882352941,0.0,4,324.045,375.04,339.0,21.25,13.0,0.07438193581558764,321.25,974.93,3.028487199379364,Future_Mid
17423,117,0,11,314,449.42,2.2836363636363637,United Kingdom,0.0,0.0,1,449.42,449.42,314.0,11.0,1.0,0.037025926719520035,0.0,449.42,450.42,Future_Low
17426,75,106,137,1841,3279.23,3.611775147928994,United Kingdom,0.0,0.0,3,1093.0766666666666,1987.19,613.6666666666666,56.333333333333336,0.0,0.0,1193.88,2085.35,1.7460749196572038,Future_High
17428,10,258,205,6739,10661.09,3.4111904761904763,United Kingdom,0.07539682539682539,0.05952380952380952,20,533.0545,1327.55,336.95,12.6,13.0,0.010318188231974038,5177.16,5483.93,1.0592430515858915,Future_High
17429,28,90,36,624,524.9200000000001,2.086153846153846,United Kingdom,0.0,0.0,3,174.97333333333336,189.28,208.0,13.0,3.0,0.02380421036970914,0.0,524.9200000000001,525.9200000000001,Future_Inactive
17430,265,0,5,60,112.6,2.68,United Kingdom,0.0,0.0,1,112.6,112.6,60.0,5.0,0.0,0.0,112.6,0.0,0.008802816901408451,Future_Low
17431,213,0,41,292,403.3,1.9611627906976743,United Kingdom,1.0,0.0,1,403.3,403.3,292.0,41.0,0.0,0.0,403.3,0.0,0.0024734108335394507,Future_Inactive
17436,126,0,4,48,122.39999999999999,2.55,United Kingdom,0.0,0.0,1,122.39999999999999,122.39999999999999,48.0,4.0,0.0,0.0,0.0,122.39999999999999,123.39999999999999,Future_Low
17438,153,0,17,103,388.45000000000005,5.238235294117647,United Kingdom,0.0,0.0,1,388.45000000000005,388.45000000000005,103.0,17.0,2.0,0.025464124435524333,388.45000000000005,0.0,0.0025677237129284884,Future_Inactive
17440,56,90,3,246,186.42000000000002,0.678,United Kingdom,0.0,0.0,3,62.13999999999999,117.6,82.0,1.6666666666666667,3.0,0.047614182078267085,124.62,61.8,0.4999203948415857,Future_Inactive
17442,21,168,77,1013,1590.45,2.5405208333333333,United Kingdom,0.0,0.0,4,397.6125,521.44,253.25,24.0,4.0,0.020538243626062325,440.83,1149.62,2.604214290564244,Future_Mid
17443,119,0,1,504,534.24,1.06,Canada,0.0,0.0,1,534.24,534.24,504.0,1.0,0.0,0.0,0.0,534.24,535.24,Future_Inactive
17444,47,25,132,2119,2940.04,6.547407407407408,Canada,0.0,0.0,3,980.0133333333333,1217.64,706.3333333333334,45.0,0.0,0.0,0.0,2940.04,2941.04,Future_Inactive
17446,76,133,6,198,120.9,0.7722222222222223,United Kingdom,0.0,0.0,2,60.45,68.10000000000001,99.0,4.5,0.0,0.0,68.10000000000001,52.800000000000004,0.7785817655571635,Future_Inactive
17449,134,125,118,606,1322.69,3.0924260355029585,United Kingdom,0.0,0.0,3,440.8966666666667,684.26,202.0,56.0,0.0,0.0,1022.6,300.09000000000003,0.2941481047284096,Future_High
17450,8,259,107,31872,85610.34,3.253097826086957,United Kingdom,0.0,0.34782608695652173,22,3891.379090909091,13031.5,1448.7272727272727,8.363636363636363,8.0,0.021381601132682573,34149.54,51460.8,1.5069102860452572,Future_High
17451,5,0,23,267,346.01,1.9247826086956523,United Kingdom,0.0,0.0,1,346.01,346.01,267.0,23.0,4.0,0.07941786835523865,0.0,346.01,347.01,Future_High
17454,92,167,57,243,517.53,2.6434426229508197,United Kingdom,0.47540983606557374,0.0,4,129.3825,165.85,60.75,15.25,0.0,0.0,298.1,219.43,0.7369775994650618,Future_Inactive
17455,103,0,8,66,131.7,2.825,United Kingdom,0.0,0.0,1,131.7,131.7,66.0,8.0,0.0,0.0,0.0,131.7,132.7,Future_Inactive
17456,265,0,17,222,249.86,1.5076470588235293,United Kingdom,0.0,0.0,1,249.86,249.86,222.0,17.0,0.0,0.0,249.86,0.0,0.0039862871721278795,Future_Inactive
17457,26,212,14,826,1737.7,3.221052631578947,United Kingdom,0.0,0.0,5,347.54,385.8,165.2,3.8,0.0,0.0,1030.44,707.26,0.6866710618164895,Future_Inactive
17460,125,147,14,177,462.58000000000004,4.298181818181818,United Kingdom,0.0,0.0,5,92.516,138.88,35.4,4.4,1.0,0.02105686411444776,342.68,119.9,0.35178072625698326,Future_Inactive
17462,184,0,14,155,463.40999999999997,2.8242857142857143,United Kingdom,0.0,0.0,1,463.40999999999997,463.40999999999997,155.0,14.0,0.0,0.0,463.40999999999997,0.0,0.0021532697401003423,Future_Low
17463,76,136,103,718,1227.59,2.7766942148760334,United Kingdom,0.7355371900826446,0.0,3,409.1966666666667,691.46,239.33333333333334,39.666666666666664,4.0,0.012111311401532224,691.46,536.13,0.7756837940097623,Future_Mid
17464,58,0,9,220,289.96000000000004,2.7211111111111115,United Kingdom,0.0,0.0,1,289.96000000000004,289.96000000000004,220.0,9.0,0.0,0.0,0.0,289.96000000000004,290.96000000000004,Future_Inactive
17469,8,95,44,443,1050.27,3.097358490566038,United Kingdom,0.0,0.0,3,350.09,440.71,147.66666666666666,17.666666666666668,2.0,0.025886215659722864,0.0,1050.27,1051.27,Future_Mid
17470,27,240,54,1275,816.47,1.137758620689655,United Kingdom,0.0,0.0,4,204.1175,304.13,318.75,14.5,0.0,0.0,482.53,333.94,0.6926974541393502,Future_Low
17472,91,108,142,455,697.54,2.0647126436781607,United Kingdom,0.3620689655172414,0.29310344827586204,3,232.51333333333332,259.27,151.66666666666666,56.333333333333336,0.0,0.0,438.27,259.27,0.5925057481731054,Future_Inactive
17483,34,48,13,98,274.74,3.476153846153846,United Kingdom,0.0,0.5384615384615384,2,137.37,155.10000000000002,49.0,6.5,0.0,0.0,0.0,274.74,275.74,Future_Low
17486,161,0,24,191,396.87,2.89625,United Kingdom,0.0,0.0,1,396.87,396.87,191.0,24.0,0.0,0.0,396.87,0.0,0.0025133837685676224,Future_Inactive
17489,112,0,16,232,208.56,1.190625,United Kingdom,0.0,0.0,1,208.56,208.56,232.0,16.0,0.0,0.0,0.0,208.56,209.56,Future_Low
17490,76,0,18,140,305.2,3.816666666666667,United Kingdom,0.0,0.0,1,305.2,305.2,140.0,18.0,1.0,0.05787930236147554,0.0,305.2,306.2,Future_High
17491,33,234,50,1034,1660.31,3.1516363636363636,United Kingdom,0.0,0.0,5,332.062,556.9399999999999,206.8,11.0,0.0,0.0,1189.8600000000001,470.45,0.3958903649463412,Future_High
17492,148,0,12,155,374.57,3.5233333333333334,United Kingdom,0.0,0.0,1,374.57,374.57,155.0,12.0,0.0,0.0,374.57,0.0,0.0026626194850493915,Future_Inactive
17496,258,0,10,79,271.05,5.165,United Kingdom,0.0,0.0,1,271.05,271.05,79.0,10.0,0.0,0.0,271.05,0.0,0.003675794890645102,Future_Inactive
17499,189,0,40,711,622.88,1.73825,United Kingdom,0.0,0.0,1,622.88,622.88,711.0,40.0,0.0,0.0,622.88,0.0,0.0016028723472462654,Future_Inactive
17501,120,0,18,160,288.6,3.4944444444444445,United Kingdom,0.0,0.0,2,144.3,248.25,80.0,9.0,0.0,0.0,0.0,288.6,289.6,Future_Inactive
17504,106,116,112,1664,2997.0299999999997,3.409527559055118,United Kingdom,0.16535433070866143,0.0,9,333.00333333333333,859.01,184.88888888888889,14.11111111111111,13.0,0.07749062725084493,1646.44,1350.59,0.8204183460399164,Future_Inactive
17505,61,44,48,556,1145.84,2.9532692307692305,United Kingdom,0.0,0.0,2,572.9200000000001,658.85,278.0,26.0,0.0,0.0,0.0,1145.84,1146.84,Future_Inactive
17507,161,47,79,359,605.58,2.6617045454545454,United Kingdom,0.0,0.5113636363636364,2,302.78999999999996,340.56,179.5,43.5,0.0,0.0,605.58,0.0,0.0016485871608031915,Future_Inactive
17508,180,0,22,289,387.31,1.622272727272727,Greece,0.0,0.0,1,387.31,387.31,289.0,22.0,0.0,0.0,387.31,0.0,0.0025752620329118486,Future_Inactive
17511,14,259,339,38091,56175.47,2.455670926517572,United Kingdom,0.0,0.0,20,2808.7735000000002,5433.57,1904.55,31.3,75.0,0.006101521346389875,27071.1,29104.37,1.0751057361637997,Future_High
17512,21,180,40,1834,1891.9,1.6936,United Kingdom,0.0,0.0,8,236.4875,494.51,229.25,9.375,1.0,0.0026095895827292614,1093.02,798.88,0.7311383704137036,Future_High
17514,28,0,40,135,208.65,2.228,United Kingdom,0.0,0.0,1,208.65,208.65,135.0,40.0,0.0,0.0,0.0,208.65,209.65,Future_Inactive
17515,106,111,47,220,571.37,3.836233766233766,United Kingdom,0.0,0.0,3,190.45666666666668,231.48,73.33333333333333,25.333333333333332,0.0,0.0,432.18,139.19,0.3236298998107022,Future_Low
17516,19,166,95,373,605.65,2.3965178571428574,United Kingdom,0.5625,0.0,4,151.4125,318.03,93.25,27.5,0.0,0.0,324.63,281.02,0.8660749930903172,Future_Low
17517,208,0,11,102,153.94,2.5381818181818185,United Kingdom,0.0,0.0,1,153.94,153.94,102.0,11.0,0.0,0.0,153.94,0.0,0.006454111268878276,Future_Inactive
17519,33,234,50,1042,1488.0,3.1396969696969697,United Kingdom,0.12121212121212122,0.0,5,297.6,335.3,208.4,13.2,1.0,0.003315583241233798,648.75,839.25,1.2931896883416698,Future_Low
17521,99,0,8,116,159.56,1.315,United Kingdom,0.0,0.0,1,159.56,159.56,116.0,8.0,0.0,0.0,0.0,159.56,160.56,Future_Mid
17522,38,79,54,932,912.25,1.99955223880597,United Kingdom,0.11940298507462686,0.0,4,228.06250000000003,539.12,233.0,16.0,0.0,0.0,0.0,912.25,913.25,Future_Low
17524,261,0,6,90,145.0,1.5916666666666668,United Kingdom,0.0,0.0,1,145.0,145.0,90.0,6.0,0.0,0.0,145.0,0.0,0.00684931506849315,Future_Inactive
17525,259,0,9,82,422.70000000000005,6.005555555555556,United Kingdom,0.0,0.0,1,422.70000000000005,422.70000000000005,82.0,9.0,0.0,0.0,422.70000000000005,0.0,0.002360160490913382,Future_Inactive
17526,190,74,9,140,872.8,5.7299999999999995,United Kingdom,0.0,0.0,3,290.93333333333334,634.2,46.666666666666664,3.3333333333333335,3.0,0.3516083500482876,872.8,0.0,0.0011444266422522317,Future_Low
17527,9,108,25,206,606.62,4.2748,United Kingdom,0.0,0.0,2,303.31,314.51,103.0,12.5,1.0,0.06267189962607002,0.0,606.62,607.62,Future_Low
17530,106,158,216,792,1365.26,2.403139534883721,United Kingdom,0.0,0.25193798449612403,6,227.54333333333332,428.15999999999997,132.0,42.666666666666664,0.0,0.0,645.33,719.93,1.1154209150124548,Future_High
17531,90,0,14,136,296.7,4.1242857142857146,United Kingdom,0.0,1.0,1,296.7,296.7,136.0,14.0,1.0,0.010835139189864978,0.0,296.7,297.7,Future_Inactive
17535,180,0,13,136,164.4,1.473076923076923,United Kingdom,0.0,0.0,1,164.4,164.4,136.0,13.0,0.0,0.0,164.4,0.0,0.006045949214026602,Future_Inactive
17536,77,0,3,6,76.5,12.75,United Kingdom,0.0,0.0,1,76.5,76.5,6.0,3.0,0.0,0.0,0.0,76.5,77.5,Future_Inactive
17537,203,0,60,369,620.75,2.8638333333333335,United Kingdom,0.0,0.0,1,620.75,620.75,369.0,60.0,0.0,0.0,620.75,0.0,0.0016083634901487736,Future_Low
17540,216,0,8,64,268.8,4.0125,United Kingdom,0.0,0.0,1,268.8,268.8,64.0,8.0,0.0,0.0,268.8,0.0,0.0037064492216456633,Future_Low
17542,169,0,24,134,170.75,2.5839999999999996,United Kingdom,0.0,0.0,1,170.75,170.75,134.0,24.0,0.0,0.0,170.75,0.0,0.005822416302765648,Future_Inactive
17548,133,0,5,58,103.3,2.43,United Kingdom,0.0,0.0,1,103.3,103.3,58.0,5.0,12.0,0.7032291427258102,0.0,103.3,104.3,Future_Inactive
17550,97,45,42,86,267.16,2.978095238095238,United Kingdom,0.6666666666666666,0.0,3,89.05333333333333,156.22,28.666666666666668,14.0,0.0,0.0,156.22,110.94,0.7119959292710851,Future_Inactive
17551,259,0,39,142,290.34,2.5902564102564103,United Kingdom,0.0,0.0,1,290.34,290.34,142.0,39.0,0.0,0.0,290.34,0.0,0.0034324157341937256,Future_Inactive
17552,272,0,13,144,298.52,3.7146153846153847,United Kingdom,0.0,1.0,2,149.26,263.62,72.0,6.5,0.0,0.0,298.52,0.0,0.003338675213675214,Future_Mid
17553,29,0,2,1048,1487.6,3.1,United Kingdom,0.0,0.0,1,1487.6,1487.6,1048.0,2.0,0.0,0.0,0.0,1487.6,1488.6,Future_Inactive
17554,22,25,51,1409,1249.89,3.1606349206349207,United Kingdom,0.0,0.7936507936507936,2,624.9449999999999,772.43,704.5,31.0,0.0,0.0,0.0,1249.89,1250.89,Future_Mid
17555,234,0,48,156,195.45,2.358163265306122,United Kingdom,1.0,0.0,1,195.45,195.45,156.0,48.0,0.0,0.0,195.45,0.0,0.0050903537795876815,Future_Low
17556,105,0,6,101,157.9,4.778333333333333,United Kingdom,0.0,0.0,1,157.9,157.9,101.0,6.0,0.0,0.0,0.0,157.9,158.9,Future_Inactive
17560,55,155,20,443,705.83,3.744347826086957,United Kingdom,0.0,0.0,3,235.27666666666667,323.95,147.66666666666666,7.666666666666667,0.0,0.0,162.1,543.73,3.3398528510116496,Future_Low
17562,9,63,35,601,661.1,1.7165853658536585,United Kingdom,0.5121951219512195,0.0,4,165.275,300.1,150.25,10.25,1.0,0.022186067149829906,0.0,661.1,662.1,Future_Mid
17567,49,223,77,1373,2335.05,2.4994392523364484,United Kingdom,0.0,0.0,5,467.01000000000005,535.38,274.6,21.4,1.0,0.00422183841872961,1478.18,856.87,0.5799632228667234,Future_High
17569,232,0,29,159,344.14,3.3531034482758617,United Kingdom,0.0,0.0,1,344.14,344.14,159.0,29.0,0.0,0.0,344.14,0.0,0.0028973749782696878,Future_Inactive
17571,45,152,72,485,559.55,1.8970666666666667,United Kingdom,0.4,0.0,3,186.51666666666665,282.7,161.66666666666666,24.0,0.0,0.0,358.3,201.25,0.562900083495686,Future_Mid
17572,138,134,7,56,152.20000000000002,3.6375,United Kingdom,0.0,0.0,2,76.10000000000001,81.4,28.0,4.0,0.0,0.0,152.20000000000002,0.0,0.006527415143603133,Future_Low
17574,142,0,8,77,185.65,3.3162499999999997,United Kingdom,0.0,0.0,1,185.65,185.65,77.0,8.0,0.0,0.0,185.65,0.0,0.005357621216180016,Future_Inactive
17576,6,259,158,1290,2140.7,3.032212765957447,United Kingdom,0.0,0.03829787234042553,13,164.66923076923078,337.02,99.23076923076923,18.0,3.0,0.03085315888358196,1255.43,885.27,0.7053874867680651,Future_High
17578,118,0,5,138,143.45999999999998,1.286,United Kingdom,0.0,1.0,1,143.45999999999998,143.45999999999998,138.0,5.0,1.0,0.11542730299667038,0.0,143.45999999999998,144.45999999999998,Future_Inactive
17579,37,41,15,130,270.86,3.1776470588235295,United Kingdom,0.0,0.0,2,135.43,164.41,65.0,8.5,2.0,0.031120331950207466,0.0,270.86,271.86,Future_Low
17580,152,105,43,88,215.72,2.1575555555555557,United Kingdom,0.0,0.0,3,71.90666666666667,121.17,29.333333333333332,15.0,0.0,0.0,215.72,0.0,0.004614248800295312,Future_Inactive
17581,9,262,181,3495,6522.29,3.6113571428571425,United Kingdom,0.0,0.0,17,383.66411764705884,1351.22,205.58823529411765,16.470588235294116,10.0,0.042721883590646034,2064.98,4457.31,2.1579637750607463,Future_High
17582,136,0,28,123,175.27,2.134137931034483,United Kingdom,1.0,0.0,1,175.27,175.27,123.0,28.0,0.0,0.0,0.0,175.27,176.27,Future_Inactive
17584,27,0,16,245,749.45,3.978125,United Kingdom,0.0,0.0,1,749.45,749.45,245.0,16.0,0.0,0.0,0.0,749.45,750.45,Future_Mid
17585,9,228,176,1650,1116.68,1.39625,United Kingdom,0.0,0.0,4,279.16999999999996,417.81,412.5,50.75,0.0,0.0,521.53,595.15,1.1408914320708858,Future_Inactive
17588,0,132,19,676,1240.2,5.203043478260869,United Kingdom,0.0,0.0,3,413.40000000000003,537.96,225.33333333333334,7.666666666666667,0.0,0.0,0.0,1240.2,1241.2,Future_Inactive
17589,51,89,124,1307,1843.07,2.32292817679558,United Kingdom,0.30386740331491713,0.0,3,614.3566666666667,631.65,435.6666666666667,60.0,0.0,0.0,590.77,1252.3,2.1178836372239216,Future_Mid
17591,22,244,81,876,1840.8700000000001,3.553581081081081,United Kingdom,0.0,0.0,6,306.81166666666667,455.82000000000005,146.0,23.5,1.0,0.0059131017053493315,1171.45,669.4200000000001,0.5718111646552092,Future_Low
17593,44,207,119,1467,2260.04,3.0273228346456693,United Kingdom,0.5511811023622047,0.0,3,753.3466666666667,849.36,489.0,40.666666666666664,2.0,0.006933764533223189,662.9,1597.14,2.4071998794999248,Future_High
17594,154,0,14,220,315.0,1.3071428571428572,United Kingdom,0.0,0.0,1,315.0,315.0,220.0,14.0,0.0,0.0,315.0,0.0,0.0031645569620253164,Future_Mid
17596,36,232,112,2846,1737.08,2.0174534161490683,United Kingdom,0.0,0.0,4,434.27,541.95,711.5,39.25,0.0,0.0,745.26,991.82,1.330394232573098,Future_High
17597,113,0,55,1176,2044.3700000000001,3.3992727272727272,United Kingdom,0.0,0.0,1,2044.3700000000001,2044.3700000000001,1176.0,55.0,0.0,0.0,0.0,2044.3700000000001,2045.3700000000001,Future_Inactive
17601,139,0,9,103,116.00999999999999,1.6122222222222222,United Kingdom,0.0,1.0,1,116.00999999999999,116.00999999999999,103.0,9.0,0.0,0.0,116.00999999999999,0.0,0.00854627809588924,Future_Inactive
17602,24,199,108,901,909.5500000000001,1.6262162162162161,United Kingdom,0.07207207207207207,0.0,2,454.77500000000003,767.0500000000001,450.5,54.5,1.0,0.014892234376692298,767.0500000000001,142.5,0.18683679447952606,Future_High
17604,117,94,57,169,309.36,2.5342857142857143,United Kingdom,0.0,0.0,2,154.68,173.12,84.5,31.5,0.0,0.0,136.24,173.12,1.268726318857476,Future_Inactive
17609,202,25,103,267,531.25,2.4136521739130434,United Kingdom,0.8347826086956521,0.0,2,265.625,423.6,133.5,53.5,1.0,0.015383189695116303,531.25,0.0,0.0018788163457022077,Future_Mid
17611,23,237,389,1861,2701.15,2.4200411522633747,United Kingdom,0.551440329218107,0.0,9,300.12777777777774,487.58,206.77777777777777,53.55555555555556,3.0,0.00656491357116587,1700.94,1000.21,0.588275732399497,Future_High
17612,12,185,79,1034,1338.87,2.7288372093023257,United Kingdom,0.0,0.0,4,334.7175,366.31,258.5,21.5,5.0,0.026382576446205872,305.46,1033.41,3.3753507798733935,Future_Mid
17613,17,188,173,1667,2976.69,2.688423236514523,United Kingdom,0.2987551867219917,0.0,9,330.74333333333334,586.8,185.22222222222223,26.555555555555557,6.0,0.008255954582254695,1630.3700000000001,1346.32,0.8258825404414694,Future_High
17615,30,91,13,140,329.6,3.9107142857142856,United Kingdom,0.35714285714285715,0.0,3,109.86666666666667,153.75,46.666666666666664,4.666666666666667,0.0,0.0,0.0,329.6,330.6,Future_Inactive
17616,73,194,1,224,571.1999999999999,2.55,United Kingdom,0.3333333333333333,0.0,3,190.39999999999998,326.4,74.66666666666667,1.0,0.0,0.0,408.0,163.2,0.40146699266503666,Future_Inactive
17618,148,113,48,235,625.48,3.7756363636363637,United Kingdom,0.7636363636363637,0.0,2,312.74,346.5,117.5,27.0,0.0,0.0,625.48,0.0,0.0015962201506831823,Future_Low
17619,212,0,71,124,214.37,1.8206756756756755,United Kingdom,0.0,0.0,1,214.37,214.37,124.0,71.0,0.0,0.0,214.37,0.0,0.004643172215257464,Future_Inactive
17621,212,41,15,310,901.78,3.2946666666666666,United Kingdom,0.0,0.0,2,450.89,662.38,155.0,7.5,1.0,0.046320776666173145,901.78,0.0,0.0011076895810718005,Future_Mid
17624,118,0,25,312,400.3,3.1164,United Kingdom,0.0,0.0,1,400.3,400.3,312.0,25.0,0.0,0.0,0.0,400.3,401.3,Future_Mid
17625,40,117,161,838,1227.13,2.352783505154639,United Kingdom,0.4793814432989691,0.0,2,613.565,685.1,419.0,93.5,0.0,0.0,542.03,685.1,1.2634661068449258,Future_Mid
17629,20,239,66,665,798.38,2.232112676056338,United Kingdom,0.49295774647887325,0.0,5,159.676,266.36,133.0,14.2,1.0,0.03621526352640093,505.01,293.37,0.581747396296516,Future_High
17630,69,62,24,158,503.59999999999997,7.825000000000001,United Kingdom,0.0,0.0,2,251.8,335.5,79.0,13.0,0.0,0.0,0.0,503.59999999999997,504.59999999999997,Future_Inactive
17631,37,95,29,185,416.5,4.417931034482759,United Kingdom,0.0,0.0,2,208.25,302.55,92.5,14.5,0.0,0.0,0.0,416.5,417.5,Future_Low
17633,3,17,30,275,648.61,3.2478787878787876,United Kingdom,0.3939393939393939,0.0,2,324.30499999999995,332.89,137.5,16.5,1.0,0.09425926184524723,0.0,648.61,649.61,Future_Mid
17634,22,215,146,585,1917.28,4.3829949238578685,United Kingdom,0.0,0.0,6,319.5466666666667,785.65,97.5,32.833333333333336,0.0,0.0,1237.31,679.97,0.5499188410010418,Future_Mid
17637,15,0,24,215,338.95,2.7875,United Kingdom,0.0,0.0,1,338.95,338.95,215.0,24.0,0.0,0.0,0.0,338.95,339.95,Future_Low
17639,176,0,7,49,108.5,5.514285714285714,United Kingdom,0.0,0.0,1,108.5,108.5,49.0,7.0,0.0,0.0,108.5,0.0,0.0091324200913242,Future_Inactive
17642,19,56,34,474,712.29,2.3432500000000003,United Kingdom,0.0,0.0,2,356.145,395.3,237.0,20.0,0.0,0.0,0.0,712.29,713.29,Future_Inactive
17643,273,0,8,71,101.55,4.01875,United Kingdom,0.0,0.0,1,101.55,101.55,71.0,8.0,0.0,0.0,101.55,0.0,0.009751340809361287,Future_Inactive
17644,20,140,64,898,1625.63,2.9523595505617974,United Kingdom,0.0,0.0,7,232.23285714285717,442.47,128.28571428571428,12.714285714285714,10.0,0.06297805624564093,442.47,1183.16,2.6702144451710375,Future_High
17646,119,145,46,323,1008.39,4.756666666666667,United Kingdom,0.0,0.0,3,336.13000000000005,411.54,107.66666666666667,17.0,3.0,0.012466703227828268,596.85,411.54,0.6900393075186083,Future_Inactive
17648,92,57,62,289,1107.39,5.694,United Kingdom,0.0,0.0,3,369.12999999999994,583.87,96.33333333333333,21.666666666666668,1.0,0.0071278713217494205,583.87,523.52,0.896814676765777,Future_Mid
17649,38,0,52,399,868.49,3.581153846153846,United Kingdom,1.0,0.0,1,868.49,868.49,399.0,52.0,1.0,0.007712170376125405,0.0,868.49,869.49,Future_Inactive
17651,55,21,52,682,1148.01,2.3695714285714287,United Kingdom,0.0,0.0,4,287.0025,377.61,170.5,17.5,4.0,0.02831242699710528,0.0,1148.01,1149.01,Future_High
17652,44,136,101,1469,2713.57,3.1516129032258067,United Kingdom,0.0,0.0,6,452.2616666666667,811.36,244.83333333333334,25.833333333333332,6.0,0.007040372363977006,222.3,2491.27,11.161083743842363,Future_High
17653,20,0,4,297,163.24,4.9399999999999995,United Kingdom,0.0,0.0,1,163.24,163.24,297.0,4.0,0.0,0.0,0.0,163.24,164.24,Future_High
17654,177,0,22,41,117.55,3.1568181818181817,United Kingdom,0.0,0.0,1,117.55,117.55,41.0,22.0,0.0,0.0,117.55,0.0,0.008435259384226065,Future_Inactive
17655,16,249,54,833,1903.3300000000002,5.234603174603175,United Kingdom,0.0,0.0,5,380.66600000000005,676.1,166.6,12.6,2.0,0.034102500342547436,1296.7,606.63,0.4682361100408415,Future_Mid
17656,6,22,35,463,927.65,3.8606818181818183,United Kingdom,0.0,0.0,3,309.21666666666664,341.58,154.33333333333334,14.666666666666666,0.0,0.0,0.0,927.65,928.65,Future_Mid
17658,111,0,9,216,317.59999999999997,3.138888888888889,United Kingdom,0.0,0.0,1,317.59999999999997,317.59999999999997,216.0,9.0,0.0,0.0,0.0,317.59999999999997,318.59999999999997,Future_Low
17659,0,271,68,821,1653.03,4.150121951219512,United Kingdom,0.0,0.0,9,183.67,595.29,91.22222222222223,9.11111111111111,1.0,0.018175014700379535,474.95,1178.08,2.4773190461182897,Future_High
17660,41,0,37,121,178.75,1.963684210526316,United Kingdom,0.0,0.0,1,178.75,178.75,121.0,37.0,0.0,0.0,0.0,178.75,179.75,Future_Inactive
17663,54,132,33,425,1016.53,4.976666666666667,United Kingdom,0.0,0.0,4,254.1325,371.39,106.25,12.0,1.0,0.007760034358894268,371.39,645.14,1.735116410215097,Future_Mid
17664,112,0,23,409,326.19,1.622608695652174,United Kingdom,0.0,0.0,1,326.19,326.19,409.0,23.0,0.0,0.0,0.0,326.19,327.19,Future_Low
17667,61,137,81,903,1751.01,3.698061224489796,United Kingdom,0.0,0.0,4,437.7525,928.05,225.75,24.5,0.0,0.0,928.05,822.96,0.8868844518594263,Future_Low
17669,22,127,38,1398,2433.22,1.8523529411764705,United Kingdom,0.0,0.0,5,486.64400000000006,619.5,279.6,10.2,0.0,0.0,991.5,1441.72,1.4536221662468514,Future_High
17670,127,0,11,110,205.7,2.590909090909091,United Kingdom,0.0,0.0,1,205.7,205.7,110.0,11.0,0.0,0.0,0.0,205.7,206.7,Future_Inactive
17671,57,207,38,524,1098.55,3.258409090909091,United Kingdom,0.0,0.25,3,366.18333333333334,394.18,174.66666666666666,14.666666666666666,8.0,0.20806960884672504,394.18,704.37,1.7849334480489902,Future_Mid
17672,209,0,41,643,1177.8400000000001,3.2402439024390244,United Kingdom,0.0,0.0,1,1177.8400000000001,1177.8400000000001,643.0,41.0,1.0,0.021191018332308405,1177.8400000000001,0.0,0.0008482915408367547,Future_High
17673,62,157,110,1062,1175.62,1.6403086419753088,United Kingdom,0.2716049382716049,0.0,4,293.905,402.41999999999996,265.5,39.5,0.0,0.0,745.91,429.71,0.5766558219865847,Future_Mid
17674,268,0,11,349,300.66,0.6581818181818182,United Kingdom,0.0,0.0,1,300.66,300.66,349.0,11.0,0.0,0.0,300.66,0.0,0.0033149903865278786,Future_Low
17675,1,266,179,5555,14074.19,3.7727698574338087,United Kingdom,0.10386965376782077,0.0,23,611.9213043478261,1532.76,241.52173913043478,21.347826086956523,11.0,0.012364573881837619,5307.45,8766.74,1.6516572634196423,Future_High
17676,9,257,31,468,730.84,1.8343902439024389,United Kingdom,0.0,0.0,4,182.71,300.7,117.0,10.25,1.0,0.005997959877592655,300.7,430.14,1.4290354656943984,Future_Mid
17677,0,268,125,7045,11666.5,2.7659313725490198,United Kingdom,0.0,0.0,20,583.325,1798.33,352.25,10.2,15.0,0.008710163386724966,4429.8,7236.7,1.6334973368240497,Future_High
17678,163,0,16,207,298.11,2.235625,United Kingdom,0.0,0.0,1,298.11,298.11,207.0,16.0,0.0,0.0,298.11,0.0,0.003343251646551436,Future_Inactive
17682,15,253,39,989,1899.3500000000001,2.629887640449438,United Kingdom,0.0,0.0,5,379.87,429.12,197.8,17.8,1.0,0.007835557761119962,757.29,1142.06,1.5074180063036569,Future_Mid
17685,166,105,39,888,1512.72,2.132727272727273,United Kingdom,0.0,0.0,5,302.544,452.52,177.6,11.0,0.0,0.0,1512.72,0.0,0.0006606241577041989,Future_High
17686,20,182,174,1960,4589.35,4.163555555555555,United Kingdom,0.0,0.0,5,917.8699999999999,1592.61,392.0,45.0,0.0,0.0,1592.61,2996.7400000000002,1.8811001436988977,Future_High
17690,1,271,144,1250,3495.53,6.4450270270270265,United Kingdom,0.32432432432432434,0.0,11,317.7754545454546,882.75,113.63636363636364,16.727272727272727,0.0,0.0,1976.9,1518.6299999999999,0.7683047676828959,Future_High
17691,258,10,18,134,290.40000000000003,3.4026315789473687,United Kingdom,0.0,0.0,2,145.2,147.9,67.0,9.5,0.0,0.0,290.40000000000003,0.0,0.0034317089910775563,Future_Inactive
17692,27,232,34,672,740.9399999999999,1.6482608695652174,United Kingdom,0.0,0.0,4,185.23499999999999,343.26,168.0,11.5,1.0,0.010020843354176688,453.96,286.98,0.6329787234042554,Future_Inactive
17693,37,0,16,231,200.47,2.0825,United Kingdom,0.0,0.0,1,200.47,200.47,231.0,16.0,2.0,0.06287397157816006,0.0,200.47,201.47,Future_Inactive
17694,41,0,15,184,283.12,2.6086666666666667,United Kingdom,0.0,0.0,1,283.12,283.12,184.0,15.0,0.0,0.0,0.0,283.12,284.12,Future_Inactive
17695,31,39,30,779,765.34,1.2517142857142858,United Kingdom,0.4857142857142857,0.0,2,382.67,411.74,389.5,17.5,0.0,0.0,0.0,765.34,766.34,Future_Inactive
17696,8,256,71,1323,1915.5900000000001,2.585744680851064,United Kingdom,0.13829787234042554,0.0,7,273.6557142857143,402.08000000000004,189.0,13.428571428571429,9.0,0.035623127847559596,493.84000000000003,1421.75,2.875171772694204,Future_Low
17697,136,0,19,93,338.95,5.084210526315789,United Kingdom,1.0,0.0,1,338.95,338.95,93.0,19.0,0.0,0.0,0.0,338.95,339.95,Future_Inactive
17698,160,0,8,93,154.95,2.1375,United Kingdom,0.0,0.0,1,154.95,154.95,93.0,8.0,0.0,0.0,154.95,0.0,0.006412311638345624,Future_Inactive
17700,113,67,57,499,1125.57,3.5412500000000002,United Kingdom,0.0,0.0,2,562.7850000000001,602.61,249.5,32.0,4.0,0.022365632491401177,602.61,522.96,0.8680439356538162,Future_High
17701,152,0,24,109,417.95,5.754166666666666,United Kingdom,0.0,0.0,1,417.95,417.95,109.0,24.0,0.0,0.0,417.95,0.0,0.002386919680152763,Future_Inactive
17702,8,97,46,1051,1338.77,1.7247272727272727,United Kingdom,0.0,0.0,3,446.25666666666666,563.64,350.3333333333333,18.333333333333332,5.0,0.06177641353404536,0.0,1338.77,1339.77,Future_Mid
17703,9,29,32,376,490.96,1.4827777777777778,United Kingdom,0.4722222222222222,0.0,2,245.48,261.82,188.0,18.0,0.0,0.0,0.0,490.96,491.96,Future_Low
17704,68,71,27,343,885.19,3.918709677419355,United Kingdom,0.0,0.0,2,442.595,497.90000000000003,171.5,15.5,0.0,0.0,387.29,497.90000000000003,1.2848644054701384,Future_Inactive
17705,6,194,42,551,968.0,3.0054098360655734,United Kingdom,0.11475409836065574,0.0,6,161.33333333333334,308.2,91.83333333333333,10.166666666666666,5.0,0.04196357878068092,250.29999999999998,717.7,2.859928372463192,Future_Mid
17706,0,266,246,3049,8027.5,4.1674675324675325,United Kingdom,0.08116883116883117,0.0,12,668.9583333333334,2662.17,254.08333333333334,25.666666666666668,11.0,0.04250091247188037,888.85,7138.650000000001,8.023430915322807,Future_High
17707,85,151,3,144,152.4,1.7700000000000002,United Kingdom,0.0,0.0,2,76.2,83.7,72.0,2.5,0.0,0.0,83.7,68.7,0.8229043683589138,Future_Inactive
17708,87,137,28,90,263.33,3.1261764705882356,United Kingdom,0.2647058823529412,0.0,2,131.665,156.48,45.0,17.0,0.0,0.0,106.85,156.48,1.460176170607325,Future_Inactive
17709,69,0,7,17,137.45,13.007142857142858,United Kingdom,0.0,0.0,1,137.45,137.45,17.0,7.0,0.0,0.0,0.0,137.45,138.45,Future_Inactive
17711,189,0,13,107,220.53000000000003,2.8646153846153846,United Kingdom,0.0,0.0,1,220.53000000000003,220.53000000000003,107.0,13.0,0.0,0.0,220.53000000000003,0.0,0.004514061300952467,Future_Low
17714,220,0,10,92,153.0,2.05,United Kingdom,1.0,0.0,1,153.0,153.0,92.0,10.0,0.0,0.0,153.0,0.0,0.006493506493506494,Future_Inactive
17715,100,0,1,384,326.4,0.85,United Kingdom,0.0,0.0,1,326.4,326.4,384.0,1.0,0.0,0.0,0.0,326.4,327.4,Future_Inactive
17716,23,144,125,1939,3436.76,2.677202380952381,United Kingdom,0.0,0.0,4,859.19,1175.32,484.75,42.0,0.0,0.0,1451.62,1985.14,1.3672811884732416,Future_High
17718,132,0,6,83,139.35,4.191666666666666,United Kingdom,0.0,0.0,1,139.35,139.35,83.0,6.0,0.0,0.0,0.0,139.35,140.35,Future_Inactive
17719,6,149,100,2118,4477.4,4.6062612612612615,United Kingdom,0.0,0.0,12,373.1166666666666,658.38,176.5,18.5,4.0,0.006267700038174378,892.02,3585.38,4.016013079214352,Future_Mid
17720,13,254,32,418,887.6,6.117027027027026,United Kingdom,0.0,0.0,3,295.8666666666666,430.38,139.33333333333334,12.333333333333334,0.0,0.0,102.0,785.6,7.636893203883496,Future_Low
17722,89,176,93,1423,2100.88,2.9118085106382976,United Kingdom,0.0,0.0,3,700.2933333333334,910.14,474.3333333333333,31.333333333333332,5.0,0.02023989404368832,1743.58,357.3,0.2053789450756056,Future_Low
17723,27,87,4,792,3276.4000000000005,4.07,United Kingdom,0.0,0.1,6,546.0666666666667,830.0000000000001,132.0,1.6666666666666667,0.0,0.0,0.0,3276.4000000000005,3277.4000000000005,Future_Inactive
17724,38,0,11,78,373.1,5.5636363636363635,United Kingdom,1.0,0.0,1,373.1,373.1,78.0,11.0,0.0,0.0,0.0,373.1,374.1,Future_Mid
17725,0,166,94,1610,2507.12,2.5784397163120567,United Kingdom,0.1276595744680851,0.1276595744680851,8,313.39,337.71000000000004,201.25,17.625,6.0,0.026387632180872755,651.0,1856.12,2.8483435582822083,Future_Mid
17730,6,220,86,2152,3055.77,2.069264705882353,United Kingdom,0.0,0.0,8,381.97125,586.01,269.0,17.0,1.0,0.002041136243394883,1098.22,1957.55,1.7817634322519604,Future_High
17731,28,54,38,350,963.74,5.5955102040816325,United Kingdom,0.0,0.0,3,321.24666666666667,352.91,116.66666666666667,16.333333333333332,16.0,0.2730056953192773,0.0,963.74,964.74,Future_Low
17732,272,0,18,93,303.97,4.9494444444444445,United Kingdom,0.0,0.0,1,303.97,303.97,93.0,18.0,0.0,0.0,303.97,0.0,0.0032790110502672392,Future_Inactive
17733,161,0,12,87,216.95000000000002,4.941666666666666,United Kingdom,0.0,0.0,1,216.95000000000002,216.95000000000002,87.0,12.0,0.0,0.0,216.95000000000002,0.0,0.004588208304657031,Future_Mid
17734,36,96,31,343,540.21,2.8106060606060606,United Kingdom,0.0,0.0,2,270.105,427.23,171.5,16.5,0.0,0.0,0.0,540.21,541.21,Future_Low
17735,8,259,267,6363,10219.99,2.2469104204753196,United Kingdom,0.11517367458866545,0.0,15,681.3326666666667,954.0,424.2,36.46666666666667,0.0,0.0,3968.71,6251.28,1.5749966622246965,Future_High
17736,13,0,23,213,307.49,3.8839130434782607,United Kingdom,0.0,0.0,1,307.49,307.49,213.0,23.0,0.0,0.0,0.0,307.49,308.49,Future_Low
17738,48,133,72,711,1571.49,3.8293506493506495,United Kingdom,0.0,0.0,3,523.83,779.92,237.0,25.666666666666668,2.0,0.009891695386185648,779.92,791.57,1.0149183014905496,Future_Low
17739,96,163,16,411,1070.77,4.125555555555556,United Kingdom,0.0,0.0,3,356.92333333333335,388.18,137.0,6.0,1.0,0.004925330136515284,682.59,388.18,0.5693178659722933,Future_High
17742,13,219,13,89,355.11,8.895333333333333,United Kingdom,0.0,0.0,2,177.555,302.57,44.5,7.5,0.0,0.0,302.57,52.54,0.1763678887900649,Future_Inactive
17744,150,107,50,1686,1288.96,0.9701612903225806,United Kingdom,0.1935483870967742,0.0,4,322.24,377.52,421.5,15.5,1.0,0.023722240736813404,1288.96,0.0,0.0007752178362119756,Future_High
17746,140,0,6,29,110.25,5.741666666666667,United Kingdom,0.0,0.0,1,110.25,110.25,29.0,6.0,2.0,0.09408381265406737,110.25,0.0,0.008988764044943821,Future_Inactive
17747,12,0,1,12,71.4,5.95,United Kingdom,0.0,0.0,1,71.4,71.4,12.0,1.0,1.0,0.08637236084452975,0.0,71.4,72.4,Future_Inactive
17749,78,78,33,320,674.52,4.591714285714286,United Kingdom,0.0,0.0,2,337.26,369.01,160.0,17.5,0.0,0.0,369.01,305.51,0.828383016675225,Future_Inactive
17750,13,51,87,2138,1012.76,0.7420833333333333,United Kingdom,0.0,0.25,4,253.19,305.61,534.5,28.5,0.0,0.0,0.0,1012.76,1013.76,Future_Mid
17752,259,0,1,192,80.64,0.42,United Kingdom,0.0,0.0,1,80.64,80.64,192.0,1.0,0.0,0.0,80.64,0.0,0.01224889759921607,Future_Inactive
17754,42,118,38,844,575.06,0.8660975609756097,United Kingdom,0.0,0.0,2,287.53,310.82,422.0,19.5,1.0,0.05324333223575898,264.24,310.82,1.1756145377771074,Future_High
17757,14,257,190,1801,3308.55,3.026141176470588,United Kingdom,0.15529411764705883,0.0,20,165.4275,353.7,90.05,21.2,1.0,0.005948893595925909,1977.98,1330.57,0.6728567241710376,Future_High
17758,52,97,172,906,1433.25,2.271105527638191,United Kingdom,1.0,0.0,4,358.3125,583.79,226.5,48.25,0.0,0.0,583.79,849.46,1.4542998341284907,Future_High
17759,69,0,18,77,167.15,3.6222222222222222,United Kingdom,0.0,0.0,2,83.57499999999999,145.2,38.5,9.0,0.0,0.0,0.0,167.15,168.15,Future_Mid
17760,273,0,9,165,172.54,2.6244444444444444,United Kingdom,0.0,0.0,1,172.54,172.54,165.0,9.0,0.0,0.0,172.54,0.0,0.005762360262763628,Future_Low
17763,163,0,1,12,15.0,1.25,United Kingdom,0.0,0.0,1,15.0,15.0,12.0,1.0,0.0,0.0,15.0,0.0,0.0625,Future_Inactive
17764,111,0,17,113,230.67000000000002,3.031764705882353,United Kingdom,0.0,0.0,1,230.67000000000002,230.67000000000002,113.0,17.0,0.0,0.0,0.0,230.67000000000002,231.67000000000002,Future_Mid
17765,58,98,51,143,367.63,3.8707142857142856,United Kingdom,0.0,0.0,3,122.54333333333334,137.05,47.666666666666664,17.333333333333332,0.0,0.0,121.25,246.38,2.023558282208589,Future_Inactive
17768,66,0,22,123,385.83,6.723181818181818,United Kingdom,1.0,0.0,1,385.83,385.83,123.0,22.0,0.0,0.0,0.0,385.83,386.83,Future_High
17769,38,181,129,1069,1817.88,2.554655172413793,United Kingdom,1.0,0.0,4,454.47,621.27,267.25,43.0,0.0,0.0,876.76,941.12,1.0733230040102077,Future_High
17770,98,83,33,365,1143.27,4.827105263157895,United Kingdom,0.0,0.0,5,228.654,603.17,73.0,7.6,0.0,0.0,864.77,278.5,0.322834009032422,Future_Inactive
17771,223,0,22,110,115.8,2.739090909090909,United Kingdom,0.0,0.0,1,115.8,115.8,110.0,22.0,0.0,0.0,115.8,0.0,0.008561643835616438,Future_Low
17774,45,159,105,427,978.1899999999999,3.3469105691056913,United Kingdom,0.4634146341463415,0.0,3,326.06333333333333,383.2,142.33333333333334,40.333333333333336,0.0,0.0,594.99,383.2,0.6446416886189366,Future_Low
17775,154,0,3,72,56.4,0.7833333333333333,United Kingdom,0.0,0.0,1,56.4,56.4,72.0,3.0,0.0,0.0,56.4,0.0,0.017421602787456445,Future_Inactive
17777,0,0,63,161,189.79999999999998,1.5375384615384615,United Kingdom,0.0,0.0,1,189.79999999999998,189.79999999999998,161.0,63.0,0.0,0.0,0.0,189.79999999999998,190.79999999999998,Future_Mid
17779,43,0,34,248,323.09,2.077058823529412,United Kingdom,0.0,0.0,1,323.09,323.09,248.0,34.0,0.0,0.0,0.0,323.09,324.09,Future_Low
17781,59,93,12,34,188.02,5.5566666666666675,United Kingdom,0.8333333333333334,0.16666666666666666,2,94.00999999999999,102.0,17.0,6.0,0.0,0.0,102.0,86.02,0.8448543689320388,Future_Inactive
17783,147,0,30,53,112.41,2.583666666666667,United Kingdom,0.0,0.0,1,112.41,112.41,53.0,30.0,0.0,0.0,112.41,0.0,0.008817564588660612,Future_Low
17786,217,0,24,52,103.35,2.9644,United Kingdom,0.0,0.0,1,103.35,103.35,52.0,24.0,0.0,0.0,103.35,0.0,0.009583133684714902,Future_Low
17787,52,218,94,896,1817.54,2.8246875,United Kingdom,0.1171875,0.0,4,454.385,736.28,224.0,31.75,0.0,0.0,1668.52,149.02,0.08985816282524318,Future_Inactive
17788,29,0,3,3,16.7,5.566666666666666,United Kingdom,0.0,0.0,1,16.7,16.7,3.0,3.0,0.0,0.0,0.0,16.7,17.7,Future_High
17789,181,0,14,74,225.9,3.9714285714285715,United Kingdom,0.0,0.0,1,225.9,225.9,74.0,14.0,0.0,0.0,225.9,0.0,0.004407227853680035,Future_Inactive
17790,20,244,79,595,1363.51,3.07496,United Kingdom,0.0,0.088,12,113.62583333333333,205.22,49.583333333333336,10.416666666666666,0.0,0.0,623.4200000000001,740.09,1.1868453925242624,Future_Mid
17795,79,85,43,305,342.83,1.9642222222222223,United Kingdom,0.35555555555555557,0.0,2,171.41500000000002,187.14000000000001,152.5,22.0,0.0,0.0,155.69,187.14000000000001,1.2007147871593593,Future_Inactive
17796,213,56,60,158,614.1,3.935714285714286,United Kingdom,1.0,0.0,3,204.70000000000002,274.35,52.666666666666664,25.333333333333332,0.0,0.0,614.1,0.0,0.0016257519102584946,Future_Low
17797,82,0,44,249,272.41,2.570909090909091,United Kingdom,0.0,0.0,1,272.41,272.41,249.0,44.0,0.0,0.0,0.0,272.41,273.41,Future_Mid
17799,63,197,222,1094,2128.33,2.82375,United Kingdom,0.0,0.0,8,266.04125,614.38,136.75,34.25,2.0,0.01383109842552521,1387.23,741.1,0.5345655979196531,Future_Mid
17800,17,216,36,451,765.3,2.31,United Kingdom,0.4626865671641791,0.0,6,127.55000000000001,169.8,75.16666666666667,10.666666666666666,0.0,0.0,239.7,525.6,2.1877856252596595,Future_Mid
17802,80,192,66,407,632.4200000000001,2.070533333333333,United Kingdom,0.84,0.0,2,316.21000000000004,532.22,203.5,37.5,7.0,0.04987830894504371,100.2,532.22,5.26897233201581,Future_Mid
17809,29,244,33,743,2856.71,3.318,United Kingdom,0.0,0.0,8,357.08875,791.7,92.875,4.375,2.0,0.2009202797202797,2131.7000000000003,725.01,0.3404182491677216,Future_High
17811,12,221,239,2221,4651.41,3.062700892857143,United Kingdom,0.33705357142857145,0.0,23,202.23521739130433,1242.95,96.56521739130434,18.782608695652176,7.0,0.006179051477139433,3357.81,1293.6,0.3854341269675867,Future_High
17812,268,0,27,127,193.29999999999998,2.389655172413793,United Kingdom,0.0,0.0,1,193.29999999999998,193.29999999999998,127.0,27.0,0.0,0.0,193.29999999999998,0.0,0.00514668039114771,Future_Mid
17816,169,96,11,22,21.31,1.069090909090909,United Kingdom,0.0,0.0,2,10.655000000000001,16.21,11.0,5.5,0.0,0.0,21.31,0.0,0.04482294935006724,Future_Low
17817,177,0,12,26,269.7,18.653846153846153,United Kingdom,0.0,0.0,2,134.85,195.0,13.0,6.0,0.0,0.0,269.7,0.0,0.003694126339120798,Future_Low
17819,82,188,36,991,3468.47,4.348695652173913,United Kingdom,0.2608695652173913,0.0,6,578.0783333333333,855.9999999999999,165.16666666666666,7.666666666666667,1.0,0.012470567467763012,2025.96,1442.51,0.7121551485969135,Future_Low
17827,142,122,140,957,1580.47,2.485649350649351,United Kingdom,0.0,0.0,4,395.11749999999995,919.8,239.25,38.5,0.0,0.0,1580.47,0.0,0.0006323230918069897,Future_Mid
17828,9,75,51,481,1076.66,4.316545454545454,Malta,0.0,0.0,3,358.8866666666666,833.16,160.33333333333334,18.333333333333332,4.0,0.02578812117702414,0.0,1076.66,1077.66,Future_Mid
17829,198,0,30,496,889.24,2.5856666666666666,United Arab Emirates,0.0,0.0,1,889.24,889.24,496.0,30.0,0.0,0.0,889.24,0.0,0.001123292595255212,Future_Inactive
17830,161,27,15,65,287.65000000000003,5.684375,United Kingdom,0.0,0.0,2,143.825,188.5,32.5,8.0,0.0,0.0,287.65000000000003,0.0,0.003464403256539061,Future_Low
17837,48,15,23,102,376.51,4.083030303030303,United Kingdom,0.0,0.3939393939393939,3,125.50333333333333,130.26,34.0,11.0,1.0,0.040641084441726545,0.0,376.51,377.51,Future_High
17838,192,79,64,1022,1655.0,3.525333333333333,United Kingdom,0.4533333333333333,0.0,3,551.6666666666666,752.14,340.6666666666667,24.333333333333332,0.0,0.0,1655.0,0.0,0.0006038647342995169,Future_Mid
17841,3,269,1028,12018,22216.4,2.5709795918367346,United Kingdom,0.1270108043217287,0.018967587034813927,78,284.82564102564106,816.3,154.07692307692307,52.46153846153846,81.0,0.015599646586430796,7739.1,14477.3,1.8705572279427913,Future_High
17843,203,0,36,113,205.48,3.2051351351351354,United Kingdom,0.0,0.0,1,205.48,205.48,113.0,36.0,0.0,0.0,205.48,0.0,0.0048430840759395586,Future_Inactive
17844,6,0,5,52,51.559999999999995,0.998,Canada,0.0,0.0,1,51.559999999999995,51.559999999999995,52.0,5.0,0.0,0.0,0.0,51.559999999999995,52.559999999999995,Future_Inactive
17848,28,229,41,390,821.5999999999999,4.117,United Kingdom,0.0,0.1,8,102.69999999999999,174.45999999999998,48.75,6.25,0.0,0.0,388.37,433.23,1.1152117523178469,Future_Low
17849,118,115,14,114,605.8000000000001,10.323076923076924,United Kingdom,0.0,0.0,4,151.45,217.75,28.5,6.5,0.0,0.0,496.55,109.25,0.22158577027434428,Future_Inactive
17850,272,1,21,1733,5391.21,3.9603703703703705,United Kingdom,0.0,0.0,34,158.565,532.01,50.970588235294116,8.735294117647058,12.0,0.01601222134208442,5391.21,0.0,0.00018545271790230722,Future_Inactive
17854,85,41,15,84,311.26,3.586,United Kingdom,0.0,0.0,2,155.63,199.5,42.0,7.5,0.0,0.0,0.0,311.26,312.26,Future_Inactive
17855,272,0,17,197,208.97,1.7658823529411765,United Kingdom,0.0,0.0,1,208.97,208.97,197.0,17.0,0.0,0.0,208.97,0.0,0.00476258513120922,Future_Inactive
17856,133,48,6,577,1142.63,3.6822222222222223,United Kingdom,0.2222222222222222,0.0,3,380.8766666666666,585.12,192.33333333333334,3.0,2.0,0.020773522328965524,1067.93,74.7,0.0708184820334353,Future_Low
17857,9,256,11,7424,13692.92,1.7992307692307692,United Kingdom,0.0,0.0,13,1053.3015384615385,5424.0,571.0769230769231,2.0,1.0,0.0052668207726317105,7660.04,6032.88,0.7876058603009514,Future_High
17858,16,253,65,2386,3641.25,5.259345794392523,United Kingdom,0.2336448598130841,0.0,9,404.5833333333333,1305.6,265.1111111111111,11.88888888888889,0.0,0.0,2604.7999999999997,1036.45,0.3981310921789854,Future_High
17859,204,0,23,102,141.92000000000002,1.9047826086956523,United Kingdom,0.0,0.0,1,141.92000000000002,141.92000000000002,102.0,23.0,0.0,0.0,141.92000000000002,0.0,0.0069969213546039735,Future_Inactive
17860,268,0,49,93,226.45000000000002,2.6282692307692312,United Kingdom,0.0,0.0,1,226.45000000000002,226.45000000000002,93.0,49.0,0.0,0.0,226.45000000000002,0.0,0.004396570674873599,Future_Inactive
17861,36,183,114,1052,1299.49,2.819779411764706,United Kingdom,0.0,0.0,5,259.898,701.93,210.4,27.0,1.0,0.031019543803920694,457.98,841.51,1.8356137522332128,Future_Mid
17862,223,0,11,100,330.9,5.145454545454545,United Kingdom,0.0,0.0,1,330.9,330.9,100.0,11.0,0.0,0.0,330.9,0.0,0.0030129557095510697,Future_Inactive
17863,45,224,60,1617,1785.28,1.3522727272727273,United Kingdom,0.48863636363636365,0.0,4,446.32,505.98,404.25,22.0,0.0,0.0,1371.9,413.38,0.3018282467768956,Future_High
17864,175,0,29,347,200.85,1.3135483870967741,United Kingdom,0.0,0.0,1,200.85,200.85,347.0,29.0,0.0,0.0,200.85,0.0,0.0049541738915035915,Future_Low
17865,7,256,145,3533,7017.34,2.728076923076923,United Kingdom,0.0,0.0,12,584.7783333333333,1142.88,294.4166666666667,21.583333333333332,12.0,0.036823221633848595,3298.77,3718.57,1.1272209881294757,Future_High
17866,42,0,9,174,329.65,3.4000000000000004,United Kingdom,0.0,0.0,1,329.65,329.65,174.0,9.0,1.0,0.01184052757793765,0.0,329.65,330.65,Future_Inactive
17867,43,145,8,374,957.48,5.805,United Kingdom,0.0,0.0,4,239.37000000000003,578.5500000000001,93.5,2.0,1.0,0.013141213938962925,25.5,931.98,35.206792452830186,Future_Inactive
17869,7,260,37,111,428.18,6.1585,United Kingdom,0.05,0.25,5,85.636,214.32,22.2,8.0,0.0,0.0,305.40999999999997,122.77000000000001,0.4039359028752326,Future_Inactive
17870,23,243,59,389,601.5699999999999,1.91234375,United Kingdom,0.0,0.0,6,100.26166666666666,326.4,64.83333333333333,10.5,0.0,0.0,326.4,275.17,0.8435247403787417,Future_High
17871,104,0,10,182,155.9,2.132,United Kingdom,0.0,0.0,1,155.9,155.9,182.0,10.0,0.0,0.0,0.0,155.9,156.9,Future_Inactive
17873,84,188,23,915,1576.92,5.266666666666667,United Kingdom,0.0,0.0,4,394.23,490.05000000000007,228.75,8.75,2.0,0.05670806115856723,1180.78,396.14000000000004,0.33605239553893285,Future_Low
17874,85,70,37,221,683.46,4.084565217391304,United Kingdom,0.0,0.06521739130434782,6,113.91000000000001,371.29,36.833333333333336,7.666666666666667,1.0,0.03556007112014224,65.16000000000001,618.3,9.360640870616685,Future_Inactive
17877,70,0,12,98,237.61,3.5408333333333335,United Kingdom,0.0,0.0,1,237.61,237.61,98.0,12.0,0.0,0.0,0.0,237.61,238.61,Future_Inactive
17879,73,0,6,45,178.51999999999998,3.638333333333333,United Kingdom,1.0,0.0,1,178.51999999999998,178.51999999999998,45.0,6.0,0.0,0.0,0.0,178.51999999999998,179.51999999999998,Future_Inactive
17880,264,0,26,314,458.92,2.4615384615384617,United Kingdom,0.0,0.0,1,458.92,458.92,314.0,26.0,0.0,0.0,458.92,0.0,0.0021742911810749693,Future_Inactive
17881,204,0,8,32,133.35000000000002,4.53125,United Kingdom,0.0,0.0,1,133.35000000000002,133.35000000000002,32.0,8.0,0.0,0.0,133.35000000000002,0.0,0.0074432452549311485,Future_Inactive
17883,146,0,19,48,119.35,3.123684210526316,United Kingdom,0.0,1.0,1,119.35,119.35,48.0,19.0,0.0,0.0,119.35,0.0,0.008309098462816784,Future_Mid
17884,211,59,86,542,590.54,2.1192307692307693,United Kingdom,0.0,0.0,3,196.84666666666666,268.02,180.66666666666666,29.666666666666668,0.0,0.0,590.54,0.0,0.0016905027555194916,Future_Low
17886,110,38,44,218,377.71,3.365111111111111,United Kingdom,0.0,0.0,2,188.85500000000002,219.94,109.0,22.5,0.0,0.0,219.94,157.77,0.7186113877070699,Future_Mid
17887,29,0,10,30,111.35,5.235,United Kingdom,0.0,0.0,1,111.35,111.35,30.0,10.0,0.0,0.0,0.0,111.35,112.35,Future_Inactive
17888,61,195,32,538,297.0,2.302,United Kingdom,0.0,0.0,4,74.25,128.27,134.5,8.75,13.0,0.301620147200602,112.08,184.92,1.6441457375309514,Future_Low
17889,112,109,20,77,201.37,3.5685000000000002,United Kingdom,0.0,0.0,2,100.685,102.02,38.5,10.0,0.0,0.0,99.35,102.02,1.0266068759342302,Future_Inactive
17890,222,38,88,402,586.89,2.4861538461538464,United Kingdom,0.0,0.0,2,293.445,463.01,201.0,45.0,0.0,0.0,586.89,0.0,0.0017009984861113474,Future_Inactive
17891,62,0,34,393,203.85999999999999,0.711764705882353,United Kingdom,0.0,1.0,1,203.85999999999999,203.85999999999999,393.0,34.0,0.0,0.0,0.0,203.85999999999999,204.85999999999999,Future_Inactive
17892,55,0,26,69,142.1,3.3307692307692305,United Kingdom,0.0,0.0,1,142.1,142.1,69.0,26.0,0.0,0.0,0.0,142.1,143.1,Future_Low
17893,125,0,15,149,107.21,2.2066666666666666,United Kingdom,0.0,0.0,1,107.21,107.21,149.0,15.0,0.0,0.0,0.0,107.21,108.21,Future_Inactive
17894,185,80,95,320,867.0,2.6253146853146854,United Kingdom,0.20279720279720279,0.0,6,144.5,258.4,53.333333333333336,23.666666666666668,0.0,0.0,867.0,0.0,0.001152073732718894,Future_Low
17897,72,200,100,222,541.8100000000001,3.085833333333333,United Kingdom,0.0,0.0,3,180.60333333333332,247.33,74.0,34.333333333333336,1.0,0.044948969699106306,410.67,131.14,0.32098525518011994,Future_Inactive
17898,107,0,20,124,99.84,1.347,United Kingdom,0.0,0.0,1,99.84,99.84,124.0,20.0,0.0,0.0,0.0,99.84,100.84,Future_Low
17899,59,0,29,170,154.55,2.420967741935484,United Kingdom,1.0,0.0,1,154.55,154.55,170.0,29.0,0.0,0.0,0.0,154.55,155.55,Future_Inactive
17900,90,0,4,73,112.19999999999999,3.608333333333333,United Kingdom,0.0,0.0,2,56.099999999999994,79.8,36.5,3.0,5.0,0.46418338108882523,0.0,112.19999999999999,113.19999999999999,Future_Inactive
17905,56,216,32,281,617.74,3.9465625,United Kingdom,0.0,0.0,3,205.91333333333333,224.84,93.66666666666667,10.666666666666666,0.0,0.0,392.9,224.84,0.5733434881949734,Future_Low
17906,147,0,12,26,72.9,3.8249999999999997,United Kingdom,0.0,0.0,1,72.9,72.9,26.0,12.0,0.0,0.0,72.9,0.0,0.013531799729364004,Future_Inactive
17908,273,0,51,169,232.03,2.6622222222222223,United Kingdom,0.0,0.0,1,232.03,232.03,169.0,51.0,0.0,0.0,232.03,0.0,0.004291292966570828,Future_Inactive
17912,210,54,35,184,310.06,4.063513513513513,United Kingdom,0.0,0.0,5,62.012,125.56,36.8,7.4,2.0,0.04731764272107171,310.06,0.0,0.003214813862277374,Future_Inactive
17913,255,0,31,100,218.05,3.0393548387096776,United Kingdom,1.0,0.0,1,218.05,218.05,100.0,31.0,0.0,0.0,218.05,0.0,0.004565167769915544,Future_Low
17917,156,106,57,130,226.71,2.0978125,United Kingdom,0.4375,0.0,2,113.35499999999999,119.55,65.0,30.0,0.0,0.0,226.71,0.0,0.004391550656536823,Future_Low
17920,5,268,229,1531,2328.8,2.331049180327869,United Kingdom,0.08196721311475409,0.0,9,258.7555555555556,453.46,170.11111111111111,31.0,0.0,0.0,834.81,1493.99,1.7886720666180114,Future_High
17921,48,118,82,288,595.47,2.295742574257426,United Kingdom,0.0,0.5742574257425742,3,198.49,278.07,96.0,33.333333333333336,0.0,0.0,278.07,317.4,1.1409323825563478,Future_Low
17923,182,0,1,50,207.50000000000003,4.15,United Kingdom,0.0,0.0,1,207.50000000000003,207.50000000000003,50.0,1.0,0.0,0.0,207.50000000000003,0.0,0.004796163069544364,Future_Inactive
17924,201,72,2,108,502.20000000000005,4.65,United Kingdom,0.0,0.0,2,251.10000000000002,279.0,54.0,1.5,4.0,0.0834093812739551,502.20000000000005,0.0,0.001987281399046105,Future_High
17925,272,0,1,72,244.08,3.39,United Kingdom,0.0,0.0,1,244.08,244.08,72.0,1.0,0.0,0.0,244.08,0.0,0.004080300310102823,Future_Inactive
17926,33,70,17,306,397.29,3.1552380952380954,United Kingdom,0.0,0.0,2,198.645,211.73000000000002,153.0,10.5,0.0,0.0,0.0,397.29,398.29,Future_Inactive
17928,146,0,17,46,78.25999999999999,2.8058823529411767,United Kingdom,0.0,1.0,1,78.25999999999999,78.25999999999999,46.0,17.0,0.0,0.0,78.25999999999999,0.0,0.012616704516780219,Future_Low
17929,12,195,4,92,707.0,7.3375,United Kingdom,0.0,0.0,3,235.66666666666666,272.0,30.666666666666668,1.3333333333333333,0.0,0.0,435.0,272.0,0.6261467889908257,Future_Low
17930,62,77,19,521,694.14,1.2,United Kingdom,0.0,0.75,2,347.07,390.6,260.5,10.0,0.0,0.0,390.6,303.53999999999996,0.7776813074565883,Future_High
17931,34,121,63,249,408.36,3.069384615384615,United Kingdom,0.0,0.23076923076923078,2,204.18,297.2,124.5,32.0,0.0,0.0,297.2,111.16000000000001,0.3761234071093226,Future_Inactive
17932,73,37,63,593,934.51,2.6903125,United Kingdom,0.34375,0.0,2,467.255,589.01,296.5,32.0,0.0,0.0,0.0,934.51,935.51,Future_Mid
17935,38,3,28,82,145.79,1.8672413793103448,United Kingdom,0.06896551724137931,0.0,2,72.895,134.57,41.0,14.0,0.0,0.0,0.0,145.79,146.79,Future_Inactive
17937,14,247,19,1416,3614.52,3.2615151515151513,United Kingdom,0.6060606060606061,0.0,5,722.904,1393.56,283.2,6.6,0.0,0.0,3327.48,287.04,0.08653799932702015,Future_Mid
17939,59,0,12,40,99.14,2.455833333333333,United Kingdom,1.0,0.0,1,99.14,99.14,40.0,12.0,0.0,0.0,0.0,99.14,100.14,Future_Inactive
17940,8,194,6,8723,3828.04,110.09,United Kingdom,0.0,0.058823529411764705,9,425.3377777777778,1867.86,969.2222222222222,1.8888888888888888,4.0,0.35672923423347724,3267.54,560.5,0.1717892392321954,Future_Low
17941,30,0,2,252,304.56,1.255,United Kingdom,0.0,0.0,1,304.56,304.56,252.0,2.0,0.0,0.0,0.0,304.56,305.56,Future_Inactive
17946,133,26,18,75,149.57999999999998,3.1445,United Kingdom,0.0,0.0,2,74.78999999999999,132.03,37.5,9.0,0.0,0.0,17.549999999999997,132.03,7.171428571428573,Future_Inactive
17948,47,0,1,144,358.56000000000006,2.49,United Kingdom,0.0,0.0,1,358.56000000000006,358.56000000000006,144.0,1.0,0.0,0.0,0.0,358.56000000000006,359.56000000000006,Future_Inactive
17949,0,270,23,18902,45325.6,3.7377999999999996,United Kingdom,0.0,0.02,29,1562.951724137931,13355.4,651.7931034482758,1.6896551724137931,7.0,0.10315562363941655,4166.1,41159.5,9.87749274075496,Future_High
17950,265,0,36,186,263.17,2.3112820512820513,United Kingdom,0.0,0.0,2,131.585,190.35,93.0,19.5,1.0,0.036889295516925893,263.17,0.0,0.003785441193171064,Future_Low
17951,258,15,9,220,409.50000000000006,3.1466666666666665,United Kingdom,0.0,0.0,2,204.75,295.5,110.0,4.5,1.0,0.041432584269662925,409.50000000000006,0.0,0.00243605359317905,Future_Mid
17954,23,247,269,1831,1885.21,2.0222797927461142,United Kingdom,0.054404145077720206,0.0,10,188.52100000000002,336.84000000000003,183.1,38.3,4.0,0.019427222037283618,951.4499999999999,933.76,0.9814268465536249,Future_Mid
17955,98,20,14,273,557.3,5.631052631578947,United Kingdom,0.0,0.0,4,139.325,261.95,68.25,4.75,0.0,0.0,0.0,557.3,558.3,Future_Inactive
17956,149,0,1,1,12.75,12.75,United Kingdom,0.0,0.0,1,12.75,12.75,1.0,1.0,0.0,0.0,12.75,0.0,0.07272727272727272,Future_Inactive
17958,16,0,7,84,508.4599999999999,4.04,United Kingdom,0.0,0.0,1,508.4599999999999,508.4599999999999,84.0,7.0,0.0,0.0,0.0,508.4599999999999,509.4599999999999,Future_Inactive
17960,71,0,26,41,73.78,1.7196153846153845,United Kingdom,0.0,0.0,1,73.78,73.78,41.0,26.0,0.0,0.0,0.0,73.78,74.78,Future_Inactive
17961,23,248,195,469,1179.62,3.459547511312217,United Kingdom,0.00904977375565611,0.19457013574660634,31,38.052258064516124,396.84999999999997,15.129032258064516,7.096774193548387,0.0,0.0,707.57,472.05,0.6676122330891796,Future_Low
17962,42,0,33,127,102.41,1.6879411764705883,United Kingdom,0.0,0.0,1,102.41,102.41,127.0,33.0,0.0,0.0,0.0,102.41,103.41,Future_Inactive
17964,272,0,35,195,261.76,3.561714285714286,United Kingdom,0.0,0.0,1,261.76,261.76,195.0,35.0,0.0,0.0,261.76,0.0,0.0038057543005023597,Future_Low
17965,34,234,192,1129,1887.73,3.4572608695652174,United Kingdom,0.030434782608695653,0.06956521739130435,10,188.773,438.67,112.9,23.0,0.0,0.0,1323.78,563.95,0.42644816497833604,Future_Mid
17966,51,109,52,1171,594.43,1.619016393442623,United Kingdom,0.0,0.0,4,148.6075,168.95,292.75,15.25,0.0,0.0,147.0,447.43,3.0299324324324326,Future_Mid
17967,271,0,41,73,112.27,1.9209523809523812,United Kingdom,0.0,0.0,1,112.27,112.27,73.0,41.0,0.0,0.0,112.27,0.0,0.008828462964597864,Future_Inactive
17968,273,0,74,151,265.1,1.9256790123456788,United Kingdom,0.0,0.0,1,265.1,265.1,151.0,74.0,0.0,0.0,265.1,0.0,0.003757985719654265,Future_Inactive
17969,66,194,14,152,228.2,4.701428571428571,United Kingdom,0.5,0.0,2,114.1,125.2,76.0,7.0,0.0,0.0,125.2,103.0,0.8240887480190174,Future_Inactive
17970,111,0,27,513,562.79,3.056551724137931,United Kingdom,0.0,1.0,1,562.79,562.79,513.0,27.0,0.0,0.0,0.0,562.79,563.79,Future_Inactive
17972,141,0,30,36,135.19,4.343,United Kingdom,0.0,0.0,1,135.19,135.19,36.0,30.0,0.0,0.0,135.19,0.0,0.007342683016374183,Future_Inactive
17974,119,0,18,85,164.07,3.078421052631579,United Kingdom,0.0,0.0,1,164.07,164.07,85.0,18.0,0.0,0.0,0.0,164.07,165.07,Future_Mid
17975,14,251,170,1364,3950.4500000000003,3.0936,United Kingdom,0.072,0.0,11,359.13181818181823,765.85,124.0,22.181818181818183,1.0,0.023531447357037806,1866.8400000000001,2083.61,1.116053837587802,Future_Mid
17976,272,0,56,93,321.79,3.6531578947368417,United Kingdom,0.0,0.0,1,321.79,321.79,93.0,56.0,0.0,0.0,321.79,0.0,0.003097989404876235,Future_Inactive
17978,265,0,12,499,300.91999999999996,2.3633333333333333,United Kingdom,0.0,0.0,1,300.91999999999996,300.91999999999996,499.0,12.0,0.0,0.0,300.91999999999996,0.0,0.003312135665076842,Future_Inactive
17979,68,90,84,272,494.54,2.3938297872340426,United Kingdom,0.0,0.0,3,164.84666666666666,262.87,90.66666666666667,29.333333333333332,1.0,0.038682839592566666,231.67,262.87,1.134095500064469,Future_Low
17980,65,193,23,682,811.45,2.2036666666666664,United Kingdom,0.0,0.0,3,270.48333333333335,295.2,227.33333333333334,10.0,0.0,0.0,295.2,516.25,1.7462862930452399,Future_Inactive
17984,45,0,48,98,152.68,2.066666666666667,United Kingdom,1.0,0.0,1,152.68,152.68,98.0,48.0,0.0,0.0,0.0,152.68,153.68,Future_Inactive
17987,85,0,13,261,198.57,0.9092307692307693,United Kingdom,0.0,0.0,1,198.57,198.57,261.0,13.0,0.0,0.0,0.0,198.57,199.57,Future_Inactive
17988,17,209,25,27,146.0,5.501923076923077,United Kingdom,0.34615384615384615,0.0,5,29.2,64.99000000000001,5.4,5.2,1.0,0.06380250080153896,64.99000000000001,81.00999999999999,1.2427640551598724,Future_Low
17990,136,124,27,414,630.84,2.3224137931034488,United Kingdom,0.5862068965517241,0.0,3,210.28,314.84000000000003,138.0,9.666666666666666,0.0,0.0,316.0,314.84000000000003,0.9963406940063092,Future_Inactive
17991,125,0,4,25,93.35,4.91,United Kingdom,0.0,0.0,2,46.675000000000004,87.45,12.5,2.5,0.0,0.0,0.0,93.35,94.35,Future_Inactive
17994,21,169,63,495,674.89,2.3658227848101268,United Kingdom,0.0,0.0,4,168.7225,305.3,123.75,19.5,3.0,0.06743218781522475,327.2,347.69,1.0624314442413163,Future_Inactive
17995,181,0,2,133,76.1,1.685,United Kingdom,0.0,0.0,1,76.1,76.1,133.0,2.0,0.0,0.0,76.1,0.0,0.01297016861219196,Future_Inactive
17997,33,31,70,1476,1268.51,1.545,United Kingdom,0.36486486486486486,0.0,4,317.1275,532.21,369.0,18.5,0.0,0.0,0.0,1268.51,1269.51,Future_Low
17999,266,0,37,94,190.34,3.632631578947368,United Kingdom,0.0,0.0,1,190.34,190.34,94.0,37.0,0.0,0.0,190.34,0.0,0.005226298735235706,Future_Low
18004,262,0,32,75,157.92,2.6772972972972973,United Kingdom,1.0,0.0,1,157.92,157.92,75.0,32.0,0.0,0.0,157.92,0.0,0.006292474200855777,Future_Inactive
18008,103,115,22,1517,2065.41,4.152222222222222,United Kingdom,0.0,0.037037037037037035,7,295.0585714285714,615.0,216.71428571428572,3.4285714285714284,0.0,0.0,1053.4099999999999,1012.0,0.9607268519835739,Future_Low
18009,135,0,31,125,247.39,3.950322580645161,United Kingdom,0.0,0.0,1,247.39,247.39,125.0,31.0,1.0,0.02019881975523783,0.0,247.39,248.39,Future_Inactive
18010,156,0,14,60,174.8,5.014285714285714,United Kingdom,0.0,0.0,1,174.8,174.8,60.0,14.0,0.0,0.0,174.8,0.0,0.005688282138794084,Future_Inactive
18011,273,0,28,71,102.78999999999999,2.3610714285714285,United Kingdom,0.0,0.0,1,102.78999999999999,102.78999999999999,71.0,28.0,0.0,0.0,102.78999999999999,0.0,0.009634839579920996,Future_Inactive
18013,55,0,31,285,187.29,1.1703225806451614,United Kingdom,0.0,0.0,2,93.64500000000001,177.21,142.5,15.5,0.0,0.0,0.0,187.29,188.29,Future_Inactive
18016,86,177,49,205,482.86,3.659473684210526,United Kingdom,0.0,0.0,3,160.95333333333335,164.01,68.33333333333333,19.0,0.0,0.0,318.85,164.01,0.5158980772236985,Future_High
18017,69,141,1,200,344.0,1.72,United Kingdom,0.0,0.0,2,172.0,179.0,100.0,1.0,0.0,0.0,165.0,179.0,1.0843373493975903,Future_Low
18018,8,91,29,55,122.14,3.8113793103448277,United Kingdom,0.0,0.0,2,61.07,84.69,27.5,14.5,0.0,0.0,0.0,122.14,123.14,Future_Inactive
18024,52,0,21,184,389.78,2.5828571428571427,United Kingdom,1.0,0.0,2,194.89,337.58,92.0,10.5,1.0,0.28188216220199713,0.0,389.78,390.78,Future_Inactive
18032,234,0,5,42,73.5,1.8699999999999999,United Kingdom,1.0,0.0,1,73.5,73.5,42.0,5.0,0.0,0.0,73.5,0.0,0.013422818791946308,Future_Inactive
18036,5,140,54,153,253.69,1.9055932203389832,United Kingdom,0.0,0.0,2,126.845,143.74,76.5,28.5,0.0,0.0,109.95,143.74,1.3045515998197386,Future_Low
18037,54,207,19,20,70.02,3.598421052631579,United Kingdom,0.3684210526315789,0.0,6,11.67,31.3,3.3333333333333335,3.1666666666666665,0.0,0.0,43.449999999999996,26.57,0.6202474690663667,Future_Inactive
18040,145,0,12,96,239.0,3.0383333333333336,United Kingdom,0.0,0.0,1,239.0,239.0,96.0,12.0,0.0,0.0,239.0,0.0,0.004166666666666667,Future_Low
18041,3,269,227,2716,2998.11,1.9918604651162792,United Kingdom,0.21511627906976744,0.0,16,187.381875,377.7,169.75,20.8125,2.0,0.007366671522599955,2167.44,830.67,0.38353378465625054,Future_High
18043,106,160,87,229,421.59,2.8724731182795695,United Kingdom,0.0,0.0,2,210.79500000000002,287.91,114.5,44.0,0.0,0.0,287.91,133.68,0.46616593402789797,Future_Low
18044,66,194,63,651,1105.53,4.0937662337662335,United Kingdom,0.18181818181818182,0.0,7,157.93285714285713,289.25,93.0,11.0,0.0,0.0,559.77,545.76,0.9750164951762755,Future_High
18048,103,0,6,127,172.29000000000002,1.5,United Kingdom,0.0,0.0,2,86.14500000000001,168.49,63.5,3.5,0.0,0.0,0.0,172.29000000000002,173.29000000000002,Future_Inactive
18050,259,0,5,40,74.4,2.31,United Kingdom,0.0,0.0,1,74.4,74.4,40.0,5.0,0.0,0.0,74.4,0.0,0.01326259946949602,Future_Inactive
18055,28,241,122,1226,3672.86,4.222934131736527,United Kingdom,0.11377245508982035,0.0,7,524.6942857142857,968.5,175.14285714285714,23.857142857142858,3.0,0.008650682472718637,2394.03,1278.83,0.5343690893224718,Future_High
18056,188,0,19,211,363.65,3.7578947368421054,United Kingdom,0.0,0.0,1,363.65,363.65,211.0,19.0,0.0,0.0,363.65,0.0,0.002742355683532154,Future_Inactive
18061,7,258,18,901,1793.51,4.7317073170731705,United Kingdom,0.0,0.0,8,224.18875,405.16,112.625,5.125,0.0,0.0,1031.13,762.38,0.739616133626578,Future_Low
18062,73,164,23,396,720.52,4.489259259259259,United Kingdom,0.25925925925925924,0.0,3,240.17333333333332,316.12,132.0,9.0,0.0,0.0,169.8,550.72,3.2302107728337237,Future_Inactive
18064,33,102,7,384,814.0,2.2471428571428573,United Kingdom,0.0,0.0,2,407.0,408.0,192.0,3.5,0.0,0.0,0.0,814.0,815.0,Future_Inactive
18065,83,180,71,591,1412.15,4.071204819277109,United Kingdom,0.0,0.0,8,176.51875,405.03000000000003,73.875,10.375,1.0,0.008947996350621096,750.0500000000001,662.1,0.8828972771453298,Future_High
18068,189,0,1,6,101.69999999999999,16.95,United Kingdom,0.0,0.0,1,101.69999999999999,101.69999999999999,6.0,1.0,0.0,0.0,101.69999999999999,0.0,0.009737098344693282,Future_Inactive
18069,80,146,199,626,978.32,2.2114102564102565,United Kingdom,0.5512820512820513,0.0,3,326.1066666666666,386.9,208.66666666666666,77.33333333333333,1.0,0.005034222543146847,287.11,691.21,2.4025892888133007,Future_High
18071,157,108,23,260,453.0,2.998,United Kingdom,0.44,0.0,2,226.5,258.95,130.0,12.5,0.0,0.0,453.0,0.0,0.0022026431718061676,Future_Inactive
18072,85,0,18,288,247.44,0.885,United Kingdom,0.0,0.0,1,247.44,247.44,288.0,18.0,18.0,0.5,0.0,247.44,248.44,Future_Inactive
18073,14,82,23,3102,3859.82,3.8472222222222223,United Kingdom,0.0,0.041666666666666664,12,321.6516666666667,832.5,258.5,5.916666666666667,3.0,0.0033773141573497896,0.0,3859.82,3860.82,Future_Inactive
18074,273,0,13,190,489.6,4.7807692307692315,United Kingdom,0.0,0.0,1,489.6,489.6,190.0,13.0,0.0,0.0,489.6,0.0,0.0020383204239706482,Future_Inactive
18075,6,254,74,1015,1957.75,3.6530841121495325,United Kingdom,0.0,0.0,8,244.71875000000003,404.8,126.875,13.375,11.0,0.035961551719043916,1129.18,828.57,0.7340158204887717,Future_Mid
18077,3,263,82,1272,1622.34,1.6933333333333334,United Kingdom,0.42,0.0,7,231.76285714285717,315.13,181.71428571428572,21.428571428571427,0.0,0.0,711.46,910.88,1.2799034331751957,Future_High
18078,117,41,27,145,336.13,2.98551724137931,United Kingdom,0.0,0.0,2,168.065,197.94,72.5,14.5,0.0,0.0,197.94,138.19,0.6996581883985121,Future_Inactive
18079,26,111,59,5075,2206.18,0.9730434782608696,United Kingdom,0.0,0.0,2,1103.09,1612.83,2537.5,34.0,0.0,0.0,1612.83,593.35,0.3682853832188025,Future_High
18080,142,0,1,330,841.4999999999999,2.55,United Kingdom,0.0,0.0,1,841.4999999999999,841.4999999999999,330.0,1.0,0.0,0.0,841.4999999999999,0.0,0.0011869436201780417,Future_Mid
18081,12,21,7,55,208.05,4.53,United Kingdom,0.0,0.0,2,104.025,113.25000000000001,27.5,5.0,0.0,0.0,0.0,208.05,209.05,Future_Low
18085,230,43,25,265,689.95,2.8448275862068964,United Kingdom,0.0,0.0,2,344.975,386.05,132.5,14.5,0.0,0.0,689.95,0.0,0.0014472827266806569,Future_Inactive
18086,174,0,7,106,101.34,1.48,United Kingdom,0.0,0.0,1,101.34,101.34,106.0,7.0,0.0,0.0,101.34,0.0,0.009771350400625366,Future_Inactive
18087,190,0,1,3906,3202.9199999999996,0.82,United Kingdom,0.0,0.0,1,3202.9199999999996,3202.9199999999996,3906.0,1.0,5.0,0.08186852877437997,3202.9199999999996,0.0,0.00031211765587155736,Future_Mid
18092,19,246,21,3280,5851.48,3.704423076923077,United Kingdom,0.0,0.0,8,731.435,1485.72,410.0,6.5,0.0,0.0,3111.84,2739.64,0.8804307320646098,Future_High
18093,20,182,30,1212,2016.88,1.706764705882353,United Kingdom,0.0,0.0,3,672.2933333333334,899.36,404.0,11.333333333333334,2.0,0.011323640427847332,1117.52,899.36,0.8049565497264243,Future_Low
18094,36,155,35,2194,2402.3,2.1244642857142857,United Kingdom,0.0,0.0,5,480.46000000000004,639.48,438.8,11.2,0.0,0.0,1144.2,1258.1,1.0994586098498078,Future_Mid
18095,212,20,20,419,580.0500000000001,2.619047619047619,United Kingdom,0.0,0.0,2,290.025,374.75,209.5,10.5,0.0,0.0,580.0500000000001,0.0,0.0017210222872386196,Future_Inactive
18097,26,227,56,1406,1986.2,3.033253012048193,United Kingdom,0.0,0.0,5,397.23999999999995,799.38,281.2,16.6,1.0,0.002486000552444567,657.1800000000001,1329.02,2.0207542009784554,Future_Mid
18099,27,0,19,149,168.31,2.1389473684210527,United Kingdom,0.0,0.0,1,168.31,168.31,149.0,19.0,0.0,0.0,0.0,168.31,169.31,Future_Inactive
18101,43,0,13,25,110.23,3.6984615384615385,United Kingdom,0.0,0.0,1,110.23,110.23,25.0,13.0,0.0,0.0,0.0,110.23,111.23,Future_Low
18102,26,240,54,29793,130537.23,5.295126582278481,United Kingdom,0.0,0.0,26,5020.662692307692,16488.0,1145.8846153846155,6.076923076923077,2.0,0.024064782420292943,45279.41,85257.82,1.8829074206704401,Future_High
18106,229,0,33,126,421.9,3.9108108108108106,United Kingdom,0.0,0.0,1,421.9,421.9,126.0,33.0,0.0,0.0,421.9,0.0,0.0023646252069047056,Future_Inactive
18108,154,0,17,84,271.0,4.711764705882352,United Kingdom,0.0,0.0,1,271.0,271.0,84.0,17.0,2.0,0.022895258698395527,271.0,0.0,0.003676470588235294,Future_Inactive
18109,10,259,103,3323,4433.02,4.867964285714286,United Kingdom,0.45,0.19285714285714287,17,260.7658823529412,456.57,195.47058823529412,16.176470588235293,9.0,0.025264296645499482,1853.4,2579.62,1.3916199309749784,Future_High
18112,66,0,12,110,196.64,6.064166666666666,United Kingdom,1.0,0.0,1,196.64,196.64,110.0,12.0,0.0,0.0,0.0,196.64,197.64,Future_Low
18113,268,0,1,72,76.32000000000001,1.06,United Kingdom,0.0,0.0,1,76.32000000000001,76.32000000000001,72.0,1.0,0.0,0.0,76.32000000000001,0.0,0.012933264355923435,Future_Inactive
18114,190,0,28,55,220.1,5.533928571428571,United Kingdom,0.0,0.0,1,220.1,220.1,55.0,28.0,0.0,0.0,220.1,0.0,0.004522840343735866,Future_Inactive
18116,134,130,220,667,1239.55,2.400805970149254,United Kingdom,0.2626865671641791,0.0,7,177.07857142857142,349.49,95.28571428571429,47.42857142857143,0.0,0.0,1021.01,218.54,0.21481198814101624,Future_Low
18118,47,221,355,2059,4064.06,2.6282006920415224,United Kingdom,0.20184544405997693,0.0,18,225.7811111111111,472.11,114.38888888888889,47.94444444444444,5.0,0.014082593623168717,2612.72,1451.34,0.5556601319192569,Future_High
18119,267,0,29,124,180.7,2.863793103448276,United Kingdom,0.0,0.0,1,180.7,180.7,124.0,29.0,0.0,0.0,180.7,0.0,0.00550357732526142,Future_Inactive
18120,114,0,17,31,111.15,4.0323529411764705,United Kingdom,0.0,0.0,1,111.15,111.15,31.0,17.0,0.0,0.0,0.0,111.15,112.15,Future_Inactive
18121,49,5,28,438,653.3,1.8719354838709679,United Kingdom,0.0,0.0,2,326.65,630.05,219.0,15.0,0.0,0.0,0.0,653.3,654.3,Future_Inactive
18122,50,0,23,69,119.19,2.2943478260869568,United Kingdom,0.0,0.0,1,119.19,119.19,69.0,23.0,0.0,0.0,0.0,119.19,120.19,Future_High
18125,101,114,146,691,933.9,2.2133928571428574,United Kingdom,0.27976190476190477,0.0,3,311.3,545.22,230.33333333333334,54.333333333333336,1.0,0.001763668430335097,720.97,212.93,0.2963142512846794,Future_Low
18127,33,0,8,28,139.6,6.925,United Kingdom,0.0,0.0,1,139.6,139.6,28.0,8.0,0.0,0.0,0.0,139.6,140.6,Future_Low
18129,143,0,13,48,112.55000000000001,2.9250000000000003,United Kingdom,1.0,0.0,1,112.55000000000001,112.55000000000001,48.0,13.0,0.0,0.0,112.55000000000001,0.0,0.008806693086745926,Future_Inactive
18133,112,0,1,1350,931.4999999999999,0.69,United Kingdom,0.0,0.0,1,931.4999999999999,931.4999999999999,1350.0,1.0,1.0,0.18823529411764706,0.0,931.4999999999999,932.4999999999999,Future_Inactive
18135,90,0,9,88,109.82000000000001,2.091,United Kingdom,0.0,0.0,1,109.82000000000001,109.82000000000001,88.0,9.0,0.0,0.0,0.0,109.82000000000001,110.82000000000001,Future_Mid
18136,111,107,30,295,600.85,2.7815625,United Kingdom,0.0,0.0,2,300.425,311.86,147.5,16.0,1.0,0.03609529156974412,288.99,311.86,1.0788647884409808,Future_Low
18138,195,0,8,38,152.65,6.25625,United Kingdom,0.0,0.0,1,152.65,152.65,38.0,8.0,0.0,0.0,152.65,0.0,0.006508298080052067,Future_Inactive
18142,57,58,9,1276,1019.52,1.53,United Kingdom,0.6,0.0,2,509.76,737.04,638.0,7.5,3.0,0.004511101997773743,0.0,1019.52,1020.52,Future_Inactive
18143,16,25,59,570,1000.16,2.728360655737705,United Kingdom,0.0,0.0,2,500.08000000000004,519.98,285.0,30.5,0.0,0.0,0.0,1000.16,1001.16,Future_Inactive
18144,9,263,24,1064,2165.55,4.461515151515151,United Kingdom,0.0,0.0,9,240.61666666666667,363.4,118.22222222222223,3.6666666666666665,0.0,0.0,1023.45,1142.1,1.1158182439357702,Future_Mid
18145,104,107,60,863,1023.78,1.9228358208955225,United Kingdom,0.0,0.0,2,511.89,609.01,431.5,33.5,0.0,0.0,609.01,414.77,0.6815789905083524,Future_High
18146,40,79,10,153,160.35000000000002,1.95,United Kingdom,0.0,0.0,2,80.17500000000001,83.7,76.5,5.0,0.0,0.0,0.0,160.35000000000002,161.35000000000002,Future_Inactive
18147,8,0,4,80,98.88,1.655,United Kingdom,0.0,0.0,1,98.88,98.88,80.0,4.0,0.0,0.0,0.0,98.88,99.88,Future_Low
18149,115,58,9,280,549.68,2.8485714285714288,United Kingdom,0.35714285714285715,0.0,2,274.84,321.9,140.0,7.0,0.0,0.0,227.77999999999997,321.9,1.4113995978669465,Future_Low
18150,40,61,22,236,413.28,2.4296153846153845,United Kingdom,0.5384615384615384,0.0,2,206.64,227.57999999999998,118.0,13.0,0.0,0.0,0.0,413.28,414.28,Future_Low
18151,34,155,38,355,653.35,3.1986842105263156,United Kingdom,0.0,0.0,2,326.675,340.8,177.5,19.0,0.0,0.0,312.55,340.8,1.0900972731621752,Future_Inactive
18155,70,121,14,196,266.56,2.21,United Kingdom,0.0,0.0,2,133.28,152.63,98.0,9.5,3.0,0.08196721311475409,113.93,152.63,1.3367267032106498,Future_Low
18156,269,0,50,68,186.88,2.8928000000000003,United Kingdom,1.0,0.0,1,186.88,186.88,68.0,50.0,0.0,0.0,186.88,0.0,0.0053225463061528635,Future_Mid
18159,201,0,23,139,530.15,5.004347826086956,United Kingdom,0.0,0.0,1,530.15,530.15,139.0,23.0,0.0,0.0,530.15,0.0,0.0018827073331450627,Future_Inactive
18160,100,0,19,147,318.55,4.0815789473684205,United Kingdom,0.0,0.0,1,318.55,318.55,147.0,19.0,0.0,0.0,0.0,318.55,319.55,Future_Low
18161,40,179,24,387,771.26,4.206388888888889,United Kingdom,0.0,0.0,3,257.08666666666664,301.53,129.0,12.0,0.0,0.0,546.3199999999999,224.94,0.41281151794197185,Future_Mid
18165,77,0,10,254,302.46000000000004,1.238,United Kingdom,0.0,0.0,1,302.46000000000004,302.46000000000004,254.0,10.0,0.0,0.0,0.0,302.46000000000004,303.46000000000004,Future_Inactive
18167,5,0,13,122,498.48,4.499230769230769,United Kingdom,0.0,0.0,1,498.48,498.48,122.0,13.0,0.0,0.0,0.0,498.48,499.48,Future_Mid
18168,76,196,97,592,1160.04,3.226769230769231,United Kingdom,0.0,0.47692307692307695,6,193.34,263.3,98.66666666666667,21.333333333333332,9.0,0.030342544761522643,853.22,306.82,0.36035213411065065,Future_Inactive
18170,12,105,27,249,655.51,4.416666666666667,United Kingdom,0.0,0.0,2,327.755,351.3,124.5,15.0,0.0,0.0,0.0,655.51,656.51,Future_Low
18171,62,171,33,220,684.4200000000001,5.2005405405405405,United Kingdom,0.0,0.0,3,228.14000000000001,240.45000000000002,73.33333333333333,12.333333333333334,2.0,0.032238907270721984,464.59000000000003,219.83,0.47430142399965636,Future_Mid
18172,27,162,94,2180,5329.32,3.2229545454545456,United Kingdom,0.0,0.07575757575757576,10,532.932,1329.36,218.0,13.2,5.0,0.011793240025811618,2248.0,3081.32,1.3705291240551356,Future_High
18173,99,75,20,1028,1728.8400000000001,2.8004000000000002,United Kingdom,0.0,0.0,3,576.2800000000001,853.48,342.6666666666667,8.333333333333334,0.0,0.0,853.48,875.3600000000001,1.0256062166463815,Future_Mid
18176,258,0,30,283,476.35,2.6816666666666666,United Kingdom,0.0,0.0,1,476.35,476.35,283.0,30.0,3.0,0.05495486558873127,476.35,0.0,0.0020948989211270557,Future_Inactive
18177,57,98,43,543,1037.27,1.8616949152542372,United Kingdom,0.0,0.1864406779661017,5,207.454,324.17,108.6,11.8,1.0,0.02559839176342389,169.05,868.22,5.111555424875037,Future_Low
18178,28,235,80,983,1590.81,2.448762886597938,United Kingdom,0.0,0.0,4,397.7025,490.87,245.75,24.25,2.0,0.010819482530266569,633.95,956.86,1.5085597291125286,Future_Inactive
18179,152,83,54,729,1103.16,2.5394444444444444,United Kingdom,0.0,0.0,4,275.79,335.8,182.25,13.5,0.0,0.0,1103.16,0.0,0.0009056658455296333,Future_Mid
18180,36,5,42,553,601.85,1.759047619047619,United Kingdom,0.0,0.0,2,300.92499999999995,301.2,276.5,21.0,0.0,0.0,0.0,601.85,602.85,Future_High
18183,127,47,36,371,632.07,3.5043243243243243,United Kingdom,0.0,0.0,2,316.035,319.27000000000004,185.5,18.5,7.0,0.04754226816551641,312.8,319.27000000000004,1.0206182281708096,Future_Inactive
18185,149,0,17,183,304.25,3.626470588235294,United Kingdom,0.0,0.0,1,304.25,304.25,183.0,17.0,0.0,0.0,304.25,0.0,0.003276003276003276,Future_Inactive
18188,190,0,16,164,426.6,3.40625,United Kingdom,0.0,0.0,1,426.6,426.6,164.0,16.0,0.0,0.0,426.6,0.0,0.0023386342376052385,Future_High
18189,167,0,40,352,633.1,3.0650000000000004,United Kingdom,0.0,0.0,1,633.1,633.1,352.0,40.0,1.0,0.009233176838810642,633.1,0.0,0.0015770383220312253,Future_Mid
18190,92,138,14,140,284.46000000000004,3.929333333333333,United Kingdom,0.0,0.0,2,142.23000000000002,171.46,70.0,7.5,1.0,0.033796406372066164,171.46,113.0,0.6610228458773049,Future_Inactive
18191,161,0,7,140,207.79999999999998,4.021428571428571,United Kingdom,0.0,0.0,1,207.79999999999998,207.79999999999998,140.0,7.0,0.0,0.0,207.79999999999998,0.0,0.0047892720306513415,Future_Inactive
18193,65,0,16,124,243.76,3.5949999999999998,United Kingdom,0.0,0.0,1,243.76,243.76,124.0,16.0,2.0,0.11217948717948718,0.0,243.76,244.76,Future_Inactive
18196,190,0,78,241,450.78,2.4764102564102566,United Kingdom,0.0,0.0,1,450.78,450.78,241.0,78.0,0.0,0.0,450.78,0.0,0.0022134667315950244,Future_Low
18198,0,235,64,3491,4427.39,2.3807692307692307,United Kingdom,0.017094017094017096,0.0,14,316.2421428571429,422.28000000000003,249.35714285714286,8.357142857142858,6.0,0.02314503264354223,1840.0900000000001,2587.3,1.4058519681275765,Future_Mid
18200,6,0,29,104,150.35,1.8596666666666666,United Kingdom,0.0,1.0,1,150.35,150.35,104.0,29.0,0.0,0.0,0.0,150.35,151.35,Future_Inactive
18202,99,111,55,581,1396.99,4.052058823529412,United Kingdom,0.0,0.0,3,465.66333333333336,747.24,193.66666666666666,22.666666666666668,0.0,0.0,485.73,911.26,1.8742629383847307,Future_Inactive
18203,57,0,19,43,160.42000000000002,4.583157894736842,United Kingdom,0.0,0.0,1,160.42000000000002,160.42000000000002,43.0,19.0,0.0,0.0,0.0,160.42000000000002,161.42000000000002,Future_Inactive
18204,9,82,113,907,1358.87,2.5753383458646617,United Kingdom,0.0,0.0,2,679.435,817.89,453.5,64.5,2.0,0.010485920467206013,0.0,1358.87,1359.87,Future_Mid
18210,167,0,5,62,142.4,3.44,United Kingdom,0.0,0.0,1,142.4,142.4,62.0,5.0,0.0,0.0,142.4,0.0,0.00697350069735007,Future_High
18211,36,142,15,152,268.7,3.046666666666667,United Kingdom,0.5333333333333333,0.0,2,134.35,137.9,76.0,7.5,0.0,0.0,137.9,130.79999999999998,0.9488840892728581,Future_Low
18212,226,0,30,92,216.07,2.9155882352941176,United Kingdom,0.0,0.0,1,216.07,216.07,92.0,30.0,0.0,0.0,216.07,0.0,0.0046068088635002535,Future_Inactive
18213,136,0,15,232,232.48000000000002,1.5013333333333334,United Kingdom,1.0,0.0,1,232.48000000000002,232.48000000000002,232.0,15.0,0.0,0.0,0.0,232.48000000000002,233.48000000000002,Future_Inactive
18218,111,70,17,536,641.92,1.855,United Kingdom,0.0,0.0,2,320.96,352.7,268.0,10.0,3.0,0.05268439538384346,289.21999999999997,352.7,1.218730618151747,Future_Inactive
18219,49,219,49,596,1367.13,3.721875,United Kingdom,0.0,0.0,8,170.89125,227.62,74.5,10.0,0.0,0.0,484.37,882.76,1.8207965057584934,Future_Mid
18220,126,0,2,288,305.28000000000003,1.06,United Kingdom,0.0,0.0,1,305.28000000000003,305.28000000000003,288.0,2.0,2.0,0.023978515250335695,0.0,305.28000000000003,306.28000000000003,Future_Inactive
18221,15,95,40,446,706.86,2.9623809523809523,United Kingdom,0.0,0.0,3,235.62,302.54,148.66666666666666,14.0,1.0,0.011605794507522794,0.0,706.86,707.86,Future_Low
18223,43,214,83,1541,3604.61,3.282409638554217,United Kingdom,0.006024096385542169,0.0,10,360.461,635.8,154.1,16.6,15.0,0.027363586812807268,2165.83,1438.78,0.6644637558091775,Future_High
18224,163,0,10,69,158.95000000000002,3.06,United Kingdom,0.0,0.0,1,158.95000000000002,158.95000000000002,69.0,10.0,0.0,0.0,158.95000000000002,0.0,0.006251953735542356,Future_Inactive
18225,13,252,99,1582,2730.78,2.592142857142857,United Kingdom,0.13636363636363635,0.16883116883116883,7,390.1114285714285,587.21,226.0,22.0,13.0,0.04752304649759507,1080.86,1649.92,1.5260015159077887,Future_High
18226,20,217,107,2946,4251.03,2.067234042553191,United Kingdom,0.19680851063829788,0.0,9,472.33666666666664,720.92,327.3333333333333,20.88888888888889,1.0,0.000998759188584535,1174.4,3076.63,2.618368215075719,Future_Mid
18227,117,0,5,21,93.75,8.65,United Kingdom,0.0,0.0,1,93.75,93.75,21.0,5.0,0.0,0.0,0.0,93.75,94.75,Future_Inactive
18229,10,262,58,1518,4864.06,4.799223300970874,United Kingdom,0.30097087378640774,0.0,13,374.1584615384615,495.4,116.76923076923077,7.923076923076923,0.0,0.0,2082.7,2781.36,1.3352977875893846,Future_High
18230,73,128,32,806,1643.2800000000002,2.195087719298246,United Kingdom,0.17543859649122806,0.0,4,410.82,464.82,201.5,14.25,2.0,0.046976129166956634,851.0400000000001,792.24,0.9309891554387117,Future_High
18231,92,96,106,819,2071.77,3.749349593495935,United Kingdom,0.0,0.0,5,414.354,659.52,163.8,23.4,2.0,0.008186244237314913,954.0,1117.77,1.1714869109947643,Future_Inactive
18232,57,39,29,277,500.62,3.6178125,United Kingdom,0.0,0.0,3,166.87333333333333,263.13,92.33333333333333,10.666666666666666,3.0,0.02054312098920019,0.0,500.62,501.62,Future_Low
18233,225,0,1,4,440.0,110.0,United Kingdom,0.0,0.0,1,440.0,440.0,4.0,1.0,0.0,0.0,440.0,0.0,0.0022675736961451248,Future_Inactive
18235,20,97,49,706,749.8,2.3722641509433964,United Kingdom,0.0,0.0,2,374.9,430.46000000000004,353.0,26.5,0.0,0.0,0.0,749.8,750.8,Future_High
18236,29,111,31,310,641.19,3.280555555555556,United Kingdom,0.0,0.0,4,160.2975,181.3,77.5,9.0,0.0,0.0,123.2,517.99,4.178663446054751,Future_Low
18237,19,14,31,361,566.59,3.498181818181818,United Kingdom,0.0,0.0,2,283.29499999999996,323.38,180.5,16.5,0.0,0.0,0.0,566.59,567.59,Future_Mid
18239,118,153,80,795,1561.6100000000001,2.871931818181818,United Kingdom,0.0,0.0,5,312.322,466.71,159.0,17.6,0.0,0.0,1094.9,466.71,0.42678164066064417,Future_Inactive
18241,6,111,44,618,1205.78,3.3494029850746267,United Kingdom,0.0,0.0,10,120.578,365.83,61.8,6.7,1.0,0.012287226199642851,0.0,1205.78,1206.78,Future_Mid
18242,96,17,26,408,694.08,3.825384615384615,United Kingdom,0.0,0.0,2,347.03999999999996,379.82,204.0,13.0,0.0,0.0,0.0,694.08,695.08,Future_High
18245,49,205,103,1328,1672.81,2.1425833333333335,United Kingdom,0.225,0.0,6,278.8016666666667,439.18,221.33333333333334,20.0,2.0,0.03434720113605533,804.91,867.9,1.0781600923180008,Future_Mid
18246,133,0,2,70,232.9,3.17,United Kingdom,0.0,0.0,1,232.9,232.9,70.0,2.0,0.0,0.0,0.0,232.9,233.9,Future_Low
18248,22,63,39,511,804.02,4.105744680851064,United Kingdom,0.0,0.0,2,402.01,496.46000000000004,255.5,23.5,2.0,0.0254539283896148,0.0,804.02,805.02,Future_Inactive
18250,210,0,21,199,349.27,3.8057142857142856,United Kingdom,0.0,0.0,1,349.27,349.27,199.0,21.0,1.0,0.0178561385748833,349.27,0.0,0.002854940474491107,Future_Inactive
18252,71,0,3,18,69.89999999999999,8.583333333333334,United Kingdom,0.0,0.0,1,69.89999999999999,69.89999999999999,18.0,3.0,0.0,0.0,0.0,69.89999999999999,70.89999999999999,Future_Mid
18257,14,181,66,721,1562.8700000000001,3.405,United Kingdom,0.0,0.0,5,312.57399999999996,627.27,144.2,16.0,5.0,0.04418635941093008,363.8,1199.07,3.2896655701754383,Future_Mid
18259,266,0,7,116,376.30000000000007,3.1571428571428575,United Kingdom,0.0,0.0,1,376.30000000000007,376.30000000000007,116.0,7.0,0.0,0.0,376.30000000000007,0.0,0.0026504108136761193,Future_High
18260,72,185,86,1475,2628.35,3.4961654135338347,United Kingdom,0.19548872180451127,0.08270676691729323,6,438.05833333333334,557.07,245.83333333333334,22.166666666666668,6.0,0.018008256897872263,1773.25,855.1,0.48251373819923915,Future_Inactive
18262,40,0,13,182,149.48,1.123076923076923,United Kingdom,0.0,0.0,1,149.48,149.48,182.0,13.0,0.0,0.0,0.0,149.48,150.48,Future_Inactive
18263,55,96,45,1048,811.4,0.9046666666666667,United Kingdom,0.0,0.0,2,405.7,503.8,524.0,22.5,0.0,0.0,307.59999999999997,503.8,1.6357744653272848,Future_Mid
18265,58,0,29,224,488.55,4.506551724137931,United Kingdom,0.0,0.0,1,488.55,488.55,224.0,29.0,0.0,0.0,0.0,488.55,489.55,Future_Low
18268,34,0,1,2,25.5,12.75,United Kingdom,0.0,1.0,1,25.5,25.5,2.0,1.0,1.0,0.5,0.0,25.5,26.5,Future_Inactive
18269,266,0,7,76,168.6,3.164285714285714,United Kingdom,0.0,0.0,1,168.6,168.6,76.0,7.0,1.0,0.14977307110438728,168.6,0.0,0.00589622641509434,Future_Inactive
18270,166,0,5,41,111.95,4.2299999999999995,United Kingdom,0.0,0.0,1,111.95,111.95,41.0,5.0,2.0,0.2830611591418508,111.95,0.0,0.008853474988933156,Future_Low
18272,13,133,76,1465,2106.45,2.146315789473684,United Kingdom,0.0,0.19298245614035087,4,526.6125,753.66,366.25,28.5,4.0,0.00650866643084542,639.82,1466.63,2.2902375081926283,Future_High
18273,157,0,1,20,51.0,2.55,United Kingdom,1.0,0.0,1,51.0,51.0,20.0,1.0,0.0,0.0,51.0,0.0,0.019230769230769232,Future_Low
18280,177,0,10,45,180.60000000000002,4.765,United Kingdom,0.0,0.0,1,180.60000000000002,180.60000000000002,45.0,10.0,0.0,0.0,180.60000000000002,0.0,0.005506607929515418,Future_Inactive
18281,80,0,7,54,80.82,5.622857142857143,United Kingdom,1.0,0.0,1,80.82,80.82,54.0,7.0,0.0,0.0,0.0,80.82,81.82,Future_Inactive
18282,26,0,7,75,100.21000000000001,5.552857142857143,United Kingdom,0.0,0.0,1,100.21000000000001,100.21000000000001,75.0,7.0,1.0,0.014263230375762343,0.0,100.21000000000001,101.21000000000001,Future_Low
18283,48,188,183,624,951.93,1.733633952254642,United Kingdom,0.11671087533156499,0.20159151193633953,9,105.77000000000001,192.8,69.33333333333333,40.44444444444444,0.0,0.0,314.7,637.23,2.021634463097878,Future_High
18287,101,0,27,488,765.28,1.9627586206896552,United Kingdom,1.0,0.0,1,765.28,765.28,488.0,27.0,0.0,0.0,0.0,765.28,766.28,Future_High
